timestamp,station_id,temperature,humidity,rainfall,wind_speed,pressure,is_anomaly,anomaly_type
2025-01-01 00:00:00,AWS_073,20.18283024785266,78.56828511243754,0.0,8.26592504495048,1014.3405408843878,0,Normal
2025-01-01 01:00:00,AWS_073,19.58404087119734,79.68917321925618,0.0,10.628148223631555,1014.8211104764218,0,Normal
2025-01-01 02:00:00,AWS_073,21.26129087828434,74.99906055501584,0.0,13.023595766917545,1014.2220973141461,0,Normal
2025-01-01 03:00:00,AWS_073,22.33245701336358,75.83953854790106,0.0,12.13437088854937,1015.1686877773467,0,Normal
2025-01-01 04:00:00,AWS_073,21.843724039061865,70.63354889862133,0.0,14.144765559742675,1015.155238059362,0,Normal
2025-01-01 05:00:00,AWS_073,23.683709451747678,67.99733979083778,0.0,13.930183726911409,1014.6335797513067,0,Normal
2025-01-01 06:00:00,AWS_073,26.098221933381595,67.09012933154224,0.0,11.82454181859372,1015.5542603013729,0,Normal
2025-01-01 07:00:00,AWS_073,27.388272660621237,62.061733460218335,0.0,10.99872456216634,1015.4830377756696,0,Normal
2025-01-01 08:00:00,AWS_073,29.01860949192575,58.636819049149636,0.0,9.94057155729606,1014.7955070731124,0,Normal
2025-01-01 09:00:00,AWS_073,29.76309074325958,50.85098860541806,0.0,10.666052177033087,1015.0025319679388,0,Normal
2025-01-01 10:00:00,AWS_073,31.75965382995997,55.683409282891446,0.0,10.768928322287838,1014.4246390321474,0,Normal
2025-01-01 11:00:00,AWS_073,32.30167893252874,48.12734998378023,0.0,10.492956816592754,1014.5818672127277,0,Normal
2025-01-01 12:00:00,AWS_073,32.08265340298017,53.05712162858773,0.13565288199488665,10.006854163366592,1014.1780420563722,0,Normal
2025-01-01 13:00:00,AWS_073,32.518520815125385,52.554200337626945,0.0,11.98825410495625,1014.4769644576605,0,Normal
2025-01-01 14:00:00,AWS_073,31.526865286050025,53.16428442680278,0.0,13.932375437677413,1014.6630241622186,0,Normal
2025-01-01 15:00:00,AWS_073,29.780858566333897,52.683428720385024,0.0,12.788826026910765,1013.8841192159734,0,Normal
2025-01-01 16:00:00,AWS_073,29.278629898671923,57.80317968963904,0.0,10.906833997787121,1015.0017926753536,0,Normal
2025-01-01 17:00:00,AWS_073,27.038550180098603,60.17587150217248,0.0,12.913028822963177,1015.2235312757452,0,Normal
2025-01-01 18:00:00,AWS_073,26.591621661159408,65.05807914301059,0.0,11.913481573149488,1014.7075883301985,0,Normal
2025-01-01 19:00:00,AWS_073,24.485267640353193,68.38254115836669,0.24419087219610305,11.333966721992665,1013.3620048306228,0,Normal
2025-01-01 20:00:00,AWS_073,22.960805981563944,68.42277898685518,0.0,11.241855388830357,1014.583206745315,0,Normal
2025-01-01 21:00:00,AWS_073,21.42411089116167,77.85017001976739,0.3528880842641472,11.098143751839334,1014.012085894986,0,Normal
2025-01-01 22:00:00,AWS_073,21.61626755190971,77.82816674366786,0.0,12.3761658762855,1014.4030439649902,0,Normal
2025-01-01 23:00:00,AWS_073,20.194208350336442,78.51928659533155,0.0,11.61058280001144,1015.4328947185799,0,Normal
2025-01-02 00:00:00,AWS_073,19.82907008748131,78.87934553434046,0.0,10.30995271493055,1013.4887617212328,0,Normal
2025-01-02 01:00:00,AWS_073,20.082817431940963,80.20580654706956,0.0,10.238816231850304,1014.2968873024981,0,Normal
2025-01-02 02:00:00,AWS_073,21.2164713016602,76.20286838017763,0.0,11.864456100358165,1015.1189222814944,0,Normal
2025-01-02 03:00:00,AWS_073,22.073449609633183,71.09625060085013,0.0,12.050080932850799,1014.3522419352477,0,Normal
2025-01-02 04:00:00,AWS_073,23.348049020378816,73.31425960641656,0.014147477515550799,10.938907370922584,1014.3130560352005,0,Normal
2025-01-02 05:00:00,AWS_073,24.8095733282414,69.92049167245145,0.0,9.71209837775909,1015.7175389466446,0,Normal
2025-01-02 06:00:00,AWS_073,27.392569047703386,64.60073635064474,0.0,13.288053207623733,1014.8895929078716,0,Normal
2025-01-02 07:00:00,AWS_073,27.420231182748942,58.82190857308217,0.0,12.971009411270117,1015.1666123762607,0,Normal
2025-01-02 08:00:00,AWS_073,28.807405662114732,57.67787108177857,0.0,8.433532954598375,1014.9458566004959,0,Normal
2025-01-02 09:00:00,AWS_073,29.872713668286337,51.46433354557461,0.0,13.425465543434573,1014.778429619891,0,Normal
2025-01-02 10:00:00,AWS_073,31.687661952046398,49.9551577498581,0.0,11.104119157428592,1015.3286511738132,0,Normal
2025-01-02 11:00:00,AWS_073,32.598445404116184,49.009716732655654,0.0,11.704053410223423,1015.6483684284842,0,Normal
2025-01-02 12:00:00,AWS_073,32.06072372654274,51.68787814178311,0.0,13.127895558040493,1013.8529916845416,0,Normal
2025-01-02 13:00:00,AWS_073,31.42413833666622,49.78589070479014,0.0,13.900855565942615,1014.6761451030088,0,Normal
2025-01-02 14:00:00,AWS_073,30.837725954117754,51.1138861196805,0.0,12.927829971098753,1014.6712566553047,0,Normal
2025-01-02 15:00:00,AWS_073,30.772843546255043,58.30278331302428,0.09550661079416563,11.78656068821786,1014.477268274883,0,Normal
2025-01-02 16:00:00,AWS_073,29.589384542832306,58.20492499437742,0.0,9.363035044566338,1015.1814866854329,0,Normal
2025-01-02 17:00:00,AWS_073,28.02582365158776,61.79570334441185,0.0,8.388627709477808,1014.8184483057239,0,Normal
2025-01-02 18:00:00,AWS_073,25.751295699861327,64.26059850958245,0.4071017127233098,12.746691461869942,1015.6517876065543,0,Normal
2025-01-02 19:00:00,AWS_073,24.740568674226033,67.68954234126424,0.01820589333412222,13.44397441551219,1015.2382297054409,0,Normal
2025-01-02 20:00:00,AWS_073,23.227782183929552,68.1271871199657,0.0,10.21043568412545,1015.369491663229,0,Normal
2025-01-02 21:00:00,AWS_073,22.04992763564054,77.54408278164533,0.0,11.029205340927877,1014.0866008954577,0,Normal
2025-01-02 22:00:00,AWS_073,21.49164439205124,78.88700046827934,0.0,10.599447001520197,1014.2821812226249,0,Normal
2025-01-02 23:00:00,AWS_073,20.50712621793112,79.13055540790918,0.0,10.5609645025797,1014.3224182549411,0,Normal
2025-01-03 00:00:00,AWS_073,20.579456195956865,79.72554659632749,0.0,13.050723399262774,1015.3448618002977,0,Normal
2025-01-03 01:00:00,AWS_073,20.42068466524297,80.96117591885813,0.0,11.767306564308983,1014.1987512924516,0,Normal
2025-01-03 02:00:00,AWS_073,21.156595430575145,74.88096091060687,0.0,11.097442870226978,1014.2124079173012,0,Normal
2025-01-03 03:00:00,AWS_073,22.318992403004952,74.4268390546906,0.0,15.428952069863367,1014.1197316601356,0,Normal
2025-01-03 04:00:00,AWS_073,22.31215050918682,70.22739427421494,0.0,9.292500621247179,1016.0559558762413,0,Normal
2025-01-03 05:00:00,AWS_073,24.44531075123187,72.4253042415113,0.0,12.267456750795215,1014.6073578314695,0,Normal
2025-01-03 06:00:00,AWS_073,25.911387811885195,66.7513110637066,0.0,9.873579086968403,1014.9424479361153,0,Normal
2025-01-03 07:00:00,AWS_073,27.366782519324197,56.71232904119146,0.0,11.212345819543382,1014.1062240329031,0,Normal
2025-01-03 08:00:00,AWS_073,29.03569305866437,54.47247674672005,0.0,11.67291154292135,1015.1551892789571,0,Normal
2025-01-03 09:00:00,AWS_073,31.343967231713176,54.12870693548681,0.0,12.718298609509699,1013.7877527770039,0,Normal
2025-01-03 10:00:00,AWS_073,30.884598754460896,51.06473851908857,0.0,11.061081475535856,1014.1841093516857,0,Normal
2025-01-03 11:00:00,AWS_073,32.5880501079971,47.8623481895102,0.0,10.903879683447462,1014.3069470337454,0,Normal
2025-01-03 12:00:00,AWS_073,31.205389302053174,53.88952447530098,0.0,11.03711991818812,1014.7810916369679,0,Normal
2025-01-03 13:00:00,AWS_073,31.813318021614386,51.136192433629134,0.302740229989536,9.837262492378823,1014.2741352204429,0,Normal
2025-01-03 14:00:00,AWS_073,31.51608114798054,52.9592515889596,0.0,12.407098403304012,1015.4316945638511,0,Normal
2025-01-03 15:00:00,AWS_073,30.82023366213268,53.00936838373736,0.0,11.882075655346988,1014.9203248778821,0,Normal
2025-01-03 16:00:00,AWS_073,29.65617809786477,58.944548294356,0.0,12.114265725085065,1014.3229279520466,0,Normal
2025-01-03 17:00:00,AWS_073,28.26194721747659,60.356848801498174,0.0,11.35863505244184,1015.1655532206029,0,Normal
2025-01-03 18:00:00,AWS_073,26.027371898263098,64.433313652585,0.0,11.175067672986707,1014.4691160414787,0,Normal
2025-01-03 19:00:00,AWS_073,24.409863809544166,70.10428959618832,0.0,13.22921839446164,1014.3695522821163,0,Normal
2025-01-03 20:00:00,AWS_073,23.758556775090504,69.2420048698794,0.0,12.999929083620177,1015.1116893271876,0,Normal
2025-01-03 21:00:00,AWS_073,21.889929929455622,78.80065743750018,0.0,13.590879965169853,1013.4363787477907,0,Normal
2025-01-03 22:00:00,AWS_073,20.28937083270885,78.35515948621433,0.19395684444781805,12.028998536149492,1015.0292077314948,0,Normal
2025-01-03 23:00:00,AWS_073,19.778989472100083,82.05077581189687,0.0,13.500529288670423,1014.3042585940304,0,Normal
2025-01-04 00:00:00,AWS_073,19.706426964515302,77.84916048676236,0.5536433484977675,10.848833538923781,1014.30250776344,0,Normal
2025-01-04 01:00:00,AWS_073,20.764421269912567,77.64255714627963,0.0,11.17310238441224,1015.6378839384903,0,Normal
2025-01-04 02:00:00,AWS_073,21.154564110625127,75.66658061356695,0.0,13.26845197183789,1014.3922117730527,0,Normal
2025-01-04 03:00:00,AWS_073,22.440492791019313,76.10719706312788,0.0,12.74235213823596,1015.1347767958869,0,Normal
2025-01-04 04:00:00,AWS_073,23.016071713595977,72.63196660383649,0.0,11.042961421113839,1014.7954417978292,0,Normal
2025-01-04 05:00:00,AWS_073,24.818213740977907,67.95346203807544,0.0,9.910665088478037,1014.84631353335,0,Normal
2025-01-04 06:00:00,AWS_073,26.654939186883418,62.97186161422944,0.0,11.175519752692976,1014.5285441133927,0,Normal
2025-01-04 07:00:00,AWS_073,27.65047190700678,58.5845217840005,0.0,10.45557523086563,1014.5014533474846,0,Normal
2025-01-04 08:00:00,AWS_073,29.560811166801702,57.403032199058686,0.0,14.071043154312772,1015.4157997853217,0,Normal
2025-01-04 09:00:00,AWS_073,30.135811463270688,53.46222472302458,0.0,12.625757141131643,1015.1160287524722,0,Normal
2025-01-04 10:00:00,AWS_073,31.27222662272187,50.638404958516894,0.0,10.33821876179331,1014.3999500018853,0,Normal
2025-01-04 11:00:00,AWS_073,31.86399874524947,53.6052915779272,0.2595740366050466,9.921020844923012,1014.1258428112378,0,Normal
2025-01-04 12:00:00,AWS_073,31.583562599475542,49.83534864361453,0.0,10.322440238593757,1014.3555330525976,0,Normal
2025-01-04 13:00:00,AWS_073,32.39238454106305,53.05119847351783,0.0,10.653073359502415,1015.1375052298473,0,Normal
2025-01-04 14:00:00,AWS_073,31.222736664742428,50.94311457786803,0.0,11.242659898297928,1015.2350897960386,0,Normal
2025-01-04 15:00:00,AWS_073,30.561942197243734,54.8829508497991,0.0,13.16592770024746,1014.9222006624676,0,Normal
2025-01-04 16:00:00,AWS_073,29.60383226655061,57.38904796748732,0.0,10.045728304250698,1013.8353269880027,0,Normal
2025-01-04 17:00:00,AWS_073,28.139796317506832,57.72246970442595,0.0,14.931203387607745,1015.0195842259348,0,Normal
2025-01-04 18:00:00,AWS_073,26.72177331263025,67.85667661252782,0.0,10.0833392451392,1015.293464659975,0,Normal
2025-01-04 19:00:00,AWS_073,24.7141154259636,68.61197846247298,0.0,9.386108284054925,1014.7274333444797,0,Normal
2025-01-04 20:00:00,AWS_073,23.075720572319515,73.99283643926591,0.0,14.033525598551805,1015.6295347543975,0,Normal
2025-01-04 21:00:00,AWS_073,22.042806348527325,74.1025442728751,0.0,13.484338439032626,1013.9781246956127,0,Normal
2025-01-04 22:00:00,AWS_073,20.128303110295295,77.66069229360706,0.14974114151120255,11.230316719480786,1014.9799892233023,0,Normal
2025-01-04 23:00:00,AWS_073,19.67661181007579,77.7551826744893,0.0,12.077221463054988,1014.126448866427,0,Normal
2025-01-05 00:00:00,AWS_073,19.55039236659896,82.47199696552678,0.0,12.11645793997763,1015.1648032260659,0,Normal
2025-01-05 01:00:00,AWS_073,19.953686785483406,80.11170608923737,0.0,11.713052371389178,1014.9409340700047,0,Normal
2025-01-05 02:00:00,AWS_073,21.394879480052218,78.72448811012836,0.0,9.5646420828005,1015.5341515654692,0,Normal
2025-01-05 03:00:00,AWS_073,21.56881659267403,78.32297001200817,0.0,7.787786473313585,1014.882296612579,0,Normal
2025-01-05 04:00:00,AWS_073,23.13142434436836,74.81268259379804,0.0,10.245022024501157,1014.4294066140459,0,Normal
2025-01-05 05:00:00,AWS_073,25.58852156428893,70.41297074881038,0.0,14.237715158875693,1014.3848404689621,0,Normal
2025-01-05 06:00:00,AWS_073,26.151717266853534,62.15654530592507,0.0,14.29797423219595,1014.50425155354,0,Normal
2025-01-05 07:00:00,AWS_073,28.364475866421188,59.72635608442882,0.0,11.123467159402864,1014.3729413996174,0,Normal
2025-01-05 08:00:00,AWS_073,28.812458062092727,55.4922237279773,0.09261615857211605,10.080643091435752,1015.3008197996811,0,Normal
2025-01-05 09:00:00,AWS_073,30.495583046167706,55.84846566945338,0.0,11.936136264236652,1015.2640449950429,0,Normal
2025-01-05 10:00:00,AWS_073,31.00592011365731,52.35092282673352,0.0,12.178789426903593,1013.8769013255076,0,Normal
2025-01-05 11:00:00,AWS_073,31.975491870837075,47.73008773840279,0.0,12.422758300642453,1014.6433229602845,0,Normal
2025-01-05 12:00:00,AWS_073,32.89111727864176,49.62251157397755,0.0,7.732495573680741,1014.6543451378915,0,Normal
2025-01-05 13:00:00,AWS_073,31.149670538449435,47.52288793422642,0.0,16.261030637448663,1014.23140687986,0,Normal
2025-01-05 14:00:00,AWS_073,31.850889681027088,51.9033059670939,0.0,13.224464314389651,1014.8401333091242,0,Normal
2025-01-05 15:00:00,AWS_073,30.782940155534174,51.08265327422742,0.0,11.230310893469898,1015.3503861759247,0,Normal
2025-01-05 16:00:00,AWS_073,29.04474296384089,58.55765498676922,0.0,10.450742326038581,1015.064816345046,0,Normal
2025-01-05 17:00:00,AWS_073,27.09008711906621,61.87363957553034,0.0,13.01076781934928,1015.2913957962741,0,Normal
2025-01-05 18:00:00,AWS_073,26.451659681280436,68.81589698669376,0.0,12.274249891786464,1014.2575760799841,0,Normal
2025-01-05 19:00:00,AWS_073,24.541346286070517,70.57803225553249,0.0,11.670726075652123,1014.6340109458405,0,Normal
2025-01-05 20:00:00,AWS_073,23.55513590247363,71.65417148835499,0.0,12.221351851095282,1014.2318789298272,0,Normal
2025-01-05 21:00:00,AWS_073,35.54096743137656,77.24274190434718,0.0,11.366113733306886,1014.733362169594,1,Spike
2025-01-05 22:00:00,AWS_073,22.187592431661127,75.19505329487622,0.0,12.13932795851449,1014.7773156090842,0,Normal
2025-01-05 23:00:00,AWS_073,20.48708253205748,77.56394218697385,0.0,12.627418437258402,1015.0914508333851,0,Normal
2025-01-06 00:00:00,AWS_073,19.815725498114112,80.66628506415022,0.0,12.054187252746509,1015.267218090234,0,Normal
2025-01-06 01:00:00,AWS_073,20.74540732321094,75.17238806884016,0.0,11.976930749119145,1014.9538997349259,0,Normal
2025-01-06 02:00:00,AWS_073,21.372815170967005,77.91605948689882,0.0,13.631172239996012,1014.1782638687379,0,Normal
2025-01-06 03:00:00,AWS_073,23.01341389983126,73.56607513356137,0.0,9.14755367743835,1013.9311987483106,0,Normal
2025-01-06 04:00:00,AWS_073,23.945181021229526,72.70261411030653,0.0,10.347721432273573,1014.8662300847964,0,Normal
2025-01-06 05:00:00,AWS_073,25.108894641950886,66.72681296044328,0.0,11.585714549101846,1015.3554142470496,0,Normal
2025-01-06 06:00:00,AWS_073,27.32923978488694,65.84849627491037,0.0,10.452398991545907,1014.5916900370131,0,Normal
2025-01-06 07:00:00,AWS_073,27.29448602910136,61.156369170796964,0.0,10.954476579491065,1013.8393201377112,0,Normal
2025-01-06 08:00:00,AWS_073,29.074549978363265,60.30073183376266,0.0,13.481461256535333,1015.6443245012144,0,Normal
2025-01-06 09:00:00,AWS_073,30.14866709139338,54.40686735040503,0.0,11.327713490352318,1014.8455770634268,0,Normal
2025-01-06 10:00:00,AWS_073,31.427809343368846,50.47233333331049,0.0,8.808672951872143,1014.6853724738106,0,Normal
2025-01-06 11:00:00,AWS_073,31.43865666569147,50.01734089400941,0.0,10.918794613982595,1014.0147417302292,0,Normal
2025-01-06 12:00:00,AWS_073,32.85377431717464,47.311527205966534,0.0,11.642292855434526,1014.6057596701855,0,Normal
2025-01-06 13:00:00,AWS_073,32.138475197979474,51.32338711507485,0.0,11.615971450199739,1014.9400165564534,0,Normal
2025-01-06 14:00:00,AWS_073,30.793492368914194,53.189319435863965,0.0,12.391805541172197,1014.847006416417,0,Normal
2025-01-06 15:00:00,AWS_073,30.116686578858697,59.33179035558742,0.0,12.270642638603823,1014.2544727375699,0,Normal
2025-01-06 16:00:00,AWS_073,29.675071017802356,56.25632801879118,0.0,11.35212919500623,1014.5648025709502,0,Normal
2025-01-06 17:00:00,AWS_073,28.546322039029523,60.58212517611183,0.0,9.772115440085011,1014.2842494380266,0,Normal
2025-01-06 18:00:00,AWS_073,27.69213922867943,63.84848295112357,0.0,10.901271102315865,1015.423249823499,0,Normal
2025-01-06 19:00:00,AWS_073,26.69307251444524,69.30651307880025,0.0,10.63011821414833,1015.0375209313222,0,Normal
2025-01-06 20:00:00,AWS_073,23.74988332118228,73.26338106895923,0.0,11.137928580679864,1014.3268300851636,0,Normal
2025-01-06 21:00:00,AWS_073,21.668442199972343,75.49985202894119,0.0,12.603636488874258,1014.0036749355597,0,Normal
2025-01-06 22:00:00,AWS_073,20.032993406157075,80.16303289051264,0.0,12.174335376592712,1014.725728220251,0,Normal
2025-01-06 23:00:00,AWS_073,20.87701309362832,78.25492838682646,0.0,12.805485553433194,1014.3393215676094,0,Normal
2025-01-07 00:00:00,AWS_073,20.02774383005098,81.97234809578143,0.0,10.994646071637383,1014.3754851836949,0,Normal
2025-01-07 01:00:00,AWS_073,20.474306221467266,80.56588310161818,0.0,13.834604086671256,1014.0159383721515,0,Normal
2025-01-07 02:00:00,AWS_073,20.95923181419575,77.96632121696868,0.0,12.582610922658773,1014.0767466709258,0,Normal
2025-01-07 03:00:00,AWS_073,22.199093609519434,74.97672843628392,0.0,11.742993557699357,1014.6626903751544,0,Normal
2025-01-07 04:00:00,AWS_073,24.16936320839809,77.35333551746274,0.0,12.480947953666476,1014.446819012637,0,Normal
2025-01-07 05:00:00,AWS_073,25.07465590866652,67.24826837505364,0.134051169060028,10.563572157644575,1015.8274170398128,0,Normal
2025-01-07 06:00:00,AWS_073,26.441725831097603,65.59586635393683,0.0,8.415364317809658,1014.8751868465065,0,Normal
2025-01-07 07:00:00,AWS_073,27.47199417052986,59.617276182977925,0.0,10.66973210931238,1014.0011114965284,0,Normal
2025-01-07 08:00:00,AWS_073,28.53922752502578,61.07124149724261,0.0,12.702241278295613,1013.8080385970457,0,Normal
2025-01-07 09:00:00,AWS_073,30.498458093876494,56.16705093980019,0.0,11.702657239171582,1014.7738387190279,0,Normal
2025-01-07 10:00:00,AWS_073,31.71504962305033,50.652919185551134,0.0,11.378356964860435,1014.3752144588731,0,Normal
2025-01-07 11:00:00,AWS_073,33.41104393179735,51.53630259252643,0.0,10.3131222183269,1015.238279138488,0,Normal
2025-01-07 12:00:00,AWS_073,32.63645974849221,50.51539144255311,0.0,8.652415391956833,1014.7123659169952,0,Normal
2025-01-07 13:00:00,AWS_073,32.947057422429786,49.477863081714496,0.0,13.724692523459566,1013.579064854048,0,Normal
2025-01-07 14:00:00,AWS_073,31.46199725508397,53.52594737768977,0.0,11.276850095339977,1014.0595025484873,0,Normal
2025-01-07 15:00:00,AWS_073,30.100659761302158,55.17200906441061,0.0,10.94565150479347,1014.2304620367356,0,Normal
2025-01-07 16:00:00,AWS_073,28.9934781265058,57.9313974277719,0.09586551779363676,10.583753499693737,1014.7880085797805,0,Normal
2025-01-07 17:00:00,AWS_073,27.69388937099796,61.03387490097754,0.0,13.474269191923703,1014.0394996209155,0,Normal
2025-01-07 18:00:00,AWS_073,27.8567548374386,65.8621089851993,0.0,12.915772421015427,1014.6411690380228,0,Normal
2025-01-07 19:00:00,AWS_073,24.537488680482465,69.34106099952272,0.0,10.144145884254302,1013.8955684161746,0,Normal
2025-01-07 20:00:00,AWS_073,24.08989014147776,72.61818666605004,0.0,13.34307655677456,1014.5656178031156,0,Normal
2025-01-07 21:00:00,AWS_073,21.80596098398487,74.32456988582308,1.2170818080813757,11.379911659333336,1014.7464185343798,0,Normal
2025-01-07 22:00:00,AWS_073,21.956710417979213,81.37791353829157,0.0,10.68295733346209,1015.2910398316237,0,Normal
2025-01-07 23:00:00,AWS_073,21.032895404347823,77.38804750763893,0.0,11.159603511551225,1014.6819501983725,0,Normal
2025-01-08 00:00:00,AWS_073,20.50705748590191,80.8552724377595,0.0,10.426325840212922,1014.1496715214834,0,Normal
2025-01-08 01:00:00,AWS_073,20.784587883948063,78.84840590973315,0.0,9.621203833390009,1015.3034167081183,0,Normal
2025-01-08 02:00:00,AWS_073,21.019135139223813,81.50947559566518,0.0,12.76796185395229,1014.464199012136,0,Normal
2025-01-08 03:00:00,AWS_073,22.636722321908383,73.79963664335054,0.0,11.273952181325726,1014.941443965041,0,Normal
2025-01-08 04:00:00,AWS_073,23.34228879417905,71.02947347647934,0.046512901161376206,12.532065979891641,1014.2470839318851,0,Normal
2025-01-08 05:00:00,AWS_073,24.33056003121686,66.94264955001415,0.0,12.038312030397083,1014.5977908702066,0,Normal
2025-01-08 06:00:00,AWS_073,25.855633774842175,65.64693010190122,0.0,12.43154219910176,1014.1506363826535,0,Normal
2025-01-08 07:00:00,AWS_073,28.28242157982603,58.37161300432491,0.0,8.540986965783357,1014.7112676247729,0,Normal
2025-01-08 08:00:00,AWS_073,30.576967229539072,56.542943010484464,0.0,10.311061584497299,1014.9509176798924,0,Normal
2025-01-08 09:00:00,AWS_073,30.97170572421243,50.088666636493215,0.0,12.466482018455935,1014.3004686684004,0,Normal
2025-01-08 10:00:00,AWS_073,31.761596763556913,52.4904616514896,0.0,9.701419912516755,1014.2712277095457,0,Normal
2025-01-08 11:00:00,AWS_073,32.60723491806006,49.51068288815145,0.0,12.174492788720475,1014.724002831356,0,Normal
2025-01-08 12:00:00,AWS_073,33.42734193228699,47.02388651213629,0.0,9.530065642537181,1014.1319464804131,0,Normal
2025-01-08 13:00:00,AWS_073,32.57448162533556,52.68233141161209,0.0,11.642013977020072,1013.7843420559949,0,Normal
2025-01-08 14:00:00,AWS_073,31.60044919750074,49.39428514646354,0.0,14.033557220914714,1014.7187702346897,0,Normal
2025-01-08 15:00:00,AWS_073,31.56082263812327,55.987285662258216,0.0,12.781693569630765,1014.4871802551601,0,Normal
2025-01-08 16:00:00,AWS_073,29.915217863051698,56.09791835202439,0.0,8.844901879856472,1014.4754546584734,0,Normal
2025-01-08 17:00:00,AWS_073,29.135886802298046,64.32085707925305,0.0,12.89478844901006,1014.7992737655394,0,Normal
2025-01-08 18:00:00,AWS_073,26.775014195004125,66.49910107785229,0.0,14.35680486065569,1014.8679666324398,0,Normal
2025-01-08 19:00:00,AWS_073,24.381032097055567,66.86618993478974,0.0,15.820185849711105,1014.455942102918,0,Normal
2025-01-08 20:00:00,AWS_073,22.851286177205427,70.6658348955794,0.0,12.33848788983565,1013.9739586336553,0,Normal
2025-01-08 21:00:00,AWS_073,23.423651333211623,76.81765212824683,0.0,9.58045498160188,1014.2148489179968,0,Normal
2025-01-08 22:00:00,AWS_073,22.51733548735616,77.46562479534624,0.0,12.280310552274234,1014.8254719643827,0,Normal
2025-01-08 23:00:00,AWS_073,20.779574859022834,79.1502023802933,0.0,14.023550833946011,1014.6000377073183,0,Normal
2025-01-09 00:00:00,AWS_073,20.456481467884732,82.54447772354419,0.0,11.350073150772248,1014.2558017666348,0,Normal
2025-01-09 01:00:00,AWS_073,21.771257640894657,77.9915096475961,0.0,13.196571920833183,1014.1373319785795,0,Normal
2025-01-09 02:00:00,AWS_073,20.8331179991189,78.17296860111749,0.0,10.373705285833257,1014.8372790972694,0,Normal
2025-01-09 03:00:00,AWS_073,21.917572383549917,77.51585730510283,0.0,12.19283904239131,1014.416382659261,0,Normal
2025-01-09 04:00:00,AWS_073,24.086596451243313,74.1182349767712,0.0,7.901137398790856,1014.9024071211811,0,Normal
2025-01-09 05:00:00,AWS_073,24.91447376205542,68.56306034149647,0.0,10.211199237313688,1014.9645552007167,0,Normal
2025-01-09 06:00:00,AWS_073,26.704628356053174,64.42218823829468,0.0,11.62871510673129,1014.367304698104,0,Normal
2025-01-09 07:00:00,AWS_073,28.16610001320054,57.64008339842032,0.0,11.094052877823179,1014.9973842885588,0,Normal
2025-01-09 08:00:00,AWS_073,29.917345850684047,55.38751001466961,0.0,9.689351756143235,1014.5906000985096,0,Normal
2025-01-09 09:00:00,AWS_073,31.805480197280268,55.03011673535126,0.0,10.891981851521491,1014.654107718052,0,Normal
2025-01-09 10:00:00,AWS_073,31.972402662626052,51.73385456534895,0.0,12.137134999054778,1013.424686133129,0,Normal
2025-01-09 11:00:00,AWS_073,32.907366060496294,50.66096676279643,0.0,11.51449544939281,1014.0324308169924,0,Normal
2025-01-09 12:00:00,AWS_073,31.49889272398076,52.07850721926812,0.0,11.736425713961964,1014.0583737743303,0,Normal
2025-01-09 13:00:00,AWS_073,32.498867683940134,48.13646638753943,0.0,12.7441532176656,1014.3562217904304,0,Normal
2025-01-09 14:00:00,AWS_073,31.42630543379475,51.53725833876812,0.0,11.132634739994858,1014.5715515566732,0,Normal
2025-01-09 15:00:00,AWS_073,30.250991051339625,54.77082020902422,0.0,13.687322517300307,1014.5908268230352,0,Normal
2025-01-09 16:00:00,AWS_073,29.216293427013763,56.09168012485096,0.0,10.165824118162528,1014.6548994486374,0,Normal
2025-01-09 17:00:00,AWS_073,28.09917131772337,63.98066855131703,0.0,14.542907693856137,1014.168376701999,0,Normal
2025-01-09 18:00:00,AWS_073,27.299818517136874,66.8171736032263,0.0,13.321633078716928,1014.8553522101789,0,Normal
2025-01-09 19:00:00,AWS_073,24.405072584671522,69.46255233071531,0.0,11.119247852069769,1015.413135389602,0,Normal
2025-01-09 20:00:00,AWS_073,23.77574648788274,76.08846355865717,0.0,11.220433976906337,1014.3306478731181,0,Normal
2025-01-09 21:00:00,AWS_073,22.227769961967123,72.60881115857794,0.0,11.96568105103707,1014.1742940922318,0,Normal
2025-01-09 22:00:00,AWS_073,21.371700355064362,77.97492849455521,0.0,12.55474780814592,1014.1622788337967,0,Normal
2025-01-09 23:00:00,AWS_073,21.57410030385588,80.22156133220415,0.0,13.299725694659909,1014.5464939401273,0,Normal
2025-01-10 00:00:00,AWS_073,13.808921795361933,78.17088990641216,0.0,9.64817639641441,1014.2396924650815,1,Noise
2025-01-10 01:00:00,AWS_073,22.746170442121773,80.09031647797147,0.0,12.316385305714995,1013.6362225188984,1,Noise
2025-01-10 02:00:00,AWS_073,20.51819004121805,75.77721606919083,0.0,8.48660621507812,1013.7718222079033,1,Noise
2025-01-10 03:00:00,AWS_073,29.467645651804407,76.98771635434672,0.0,11.396581202536188,1015.0091033463,1,Noise
2025-01-10 04:00:00,AWS_073,19.207245716434265,74.61566953625781,0.0,13.844553140262109,1015.1387141434259,1,Noise
2025-01-10 05:00:00,AWS_073,25.787053346779082,69.42695247879446,0.0,9.538421404726082,1015.2965694791143,1,Noise
2025-01-10 06:00:00,AWS_073,29.64353167602842,61.29440436987011,0.0,9.267126957068719,1014.608583181883,1,Noise
2025-01-10 07:00:00,AWS_073,26.981440394354436,59.18412728113012,0.0,11.998323082499086,1013.9987832020752,1,Noise
2025-01-10 08:00:00,AWS_073,26.78395960737579,58.62942000642632,0.0,13.74941908990548,1014.274031591848,1,Noise
2025-01-10 09:00:00,AWS_073,31.09421087261955,54.43579556922652,0.0,12.15751154356355,1013.7461482767424,1,Noise
2025-01-10 10:00:00,AWS_073,32.27560921047699,46.62161370784845,0.0,8.813632657133725,1013.7256972453142,1,Noise
2025-01-10 11:00:00,AWS_073,32.4829481332424,52.99677337340046,0.0,9.147006130051553,1014.6170744598834,1,Noise
2025-01-10 12:00:00,AWS_073,36.024938440575305,50.273313012507664,0.0,11.819455757238332,1014.7577474631039,1,Noise
2025-01-10 13:00:00,AWS_073,34.05249657331362,48.872963277663885,0.0,9.905107947596997,1015.4662257699614,1,Noise
2025-01-10 14:00:00,AWS_073,31.139198335136975,53.99953013836675,0.0,11.880134595984627,1014.4442882282212,0,Normal
2025-01-10 15:00:00,AWS_073,30.71286498396067,53.03831825638799,0.030058148385299816,11.970229512917918,1013.8057123562652,0,Normal
2025-01-10 16:00:00,AWS_073,30.017548474812052,56.123095764791564,0.0,10.942730373645972,1014.4224630369018,0,Normal
2025-01-10 17:00:00,AWS_073,29.108148457176082,61.83441962549027,0.0,14.400625985313212,1014.3409858187124,0,Normal
2025-01-10 18:00:00,AWS_073,26.39780782486443,68.56207691848459,0.0,12.565321364111053,1014.2353904923594,0,Normal
2025-01-10 19:00:00,AWS_073,24.89339167663058,72.12946003248358,0.0,13.498130994203379,1014.6516707506074,0,Normal
2025-01-10 20:00:00,AWS_073,22.553955645693215,73.21942299780821,0.0,13.06273953912661,1013.8713480626728,0,Normal
2025-01-10 21:00:00,AWS_073,22.505623642995705,76.53137303549886,0.0,11.457876890328661,1014.5427321288626,0,Normal
2025-01-10 22:00:00,AWS_073,21.015797196362065,79.57337892093624,0.0,11.392434793029585,1014.8019388560247,0,Normal
2025-01-10 23:00:00,AWS_073,20.739713598791557,76.97492004359732,0.0,11.23879215625606,1015.1848106451129,0,Normal
2025-01-11 00:00:00,AWS_073,20.330349254006833,81.28829667430396,0.0,12.707990235811241,1014.6289129480886,0,Normal
2025-01-11 01:00:00,AWS_073,21.007886297965978,78.02074045804896,0.0,10.711901840092354,1014.9940672397718,0,Normal
2025-01-11 02:00:00,AWS_073,20.612741955640978,78.62733719035974,0.0,14.276109871246417,1014.2493397132948,0,Normal
2025-01-11 03:00:00,AWS_073,21.744195759465114,75.15166646258353,0.0,10.570865457114051,1014.3179220439657,0,Normal
2025-01-11 04:00:00,AWS_073,25.14814359562395,73.50241665422843,0.0,12.012489077309402,1015.1427688784202,0,Normal
2025-01-11 05:00:00,AWS_073,24.54875879572905,69.11849260655073,0.0,11.348260408279762,1013.7818300520155,0,Normal
2025-01-11 06:00:00,AWS_073,26.219586105034356,58.8539394583574,0.0,11.016794912928772,1014.2648277505672,0,Normal
2025-01-11 07:00:00,AWS_073,29.536250225194067,61.47549774687255,0.0,14.952606521471326,1015.0293954233827,0,Normal
2025-01-11 08:00:00,AWS_073,31.62775807127362,58.784305904598526,0.0,11.036604188465418,1014.358389512741,0,Normal
2025-01-11 09:00:00,AWS_073,30.42794795654489,55.2852549788787,0.0,11.239201485878914,1014.319916186678,0,Normal
2025-01-11 10:00:00,AWS_073,31.866979315378497,51.80444705081626,0.0,10.701178514877748,1014.3288217098578,0,Normal
2025-01-11 11:00:00,AWS_073,32.89579311628417,53.79543598952479,0.0,11.760033589135912,1014.5188329547553,0,Normal
2025-01-11 12:00:00,AWS_073,33.93605151527117,50.622746258243325,0.5186482096858095,11.547604964913653,1015.0020670217784,0,Normal
2025-01-11 13:00:00,AWS_073,32.10580127753416,51.38645920605019,0.0,10.021774766918917,1014.9199076283978,0,Normal
2025-01-11 14:00:00,AWS_073,31.954873455998648,54.09860273133456,0.0,11.065187709663347,1014.4622859939677,0,Normal
2025-01-11 15:00:00,AWS_073,31.6184576815713,55.118584281594984,0.0,12.617358459172252,1015.0015158971456,0,Normal
2025-01-11 16:00:00,AWS_073,30.17380033359539,55.70396449317158,0.0,13.244393152983964,1014.6249810720825,0,Normal
2025-01-11 17:00:00,AWS_073,28.243687087221584,56.24103949590295,0.0,11.740996126639432,1014.8824063888173,0,Normal
2025-01-11 18:00:00,AWS_073,26.839697979578776,64.04575819596384,0.0,11.79456781543984,1013.9374220204588,0,Normal
2025-01-11 19:00:00,AWS_073,24.545664828296324,70.40417672830004,0.0,11.165661537453735,1015.3196423155671,0,Normal
2025-01-11 20:00:00,AWS_073,23.784136688081457,71.7938073371644,0.11603071369838558,10.954568200624397,1014.5592304066533,0,Normal
2025-01-11 21:00:00,AWS_073,22.528091626949053,77.20895846236168,0.6880060815764426,10.329945909461419,1013.0737258766759,0,Normal
2025-01-11 22:00:00,AWS_073,21.877237714012033,78.28783740860713,0.0,9.375404065361284,1015.2763995484873,0,Normal
2025-01-11 23:00:00,AWS_073,20.80885982823539,82.06501953486038,0.0,10.657779119154027,1014.4479175800799,0,Normal
2025-01-12 00:00:00,AWS_073,21.224056662743305,79.40956658575868,0.0,13.068597405527075,1014.2463960285656,0,Normal
2025-01-12 01:00:00,AWS_073,21.756730029953268,80.4241170474714,0.0,11.076959754731424,1014.1400531138011,0,Normal
2025-01-12 02:00:00,AWS_073,21.84528213268245,79.00215118583729,0.0,11.195622297006457,1014.6613959611437,0,Normal
2025-01-12 03:00:00,AWS_073,22.920111090701457,78.6098054630606,0.0,11.16748576570735,1013.9961996917615,0,Normal
2025-01-12 04:00:00,AWS_073,23.987111625710757,69.08672538733144,0.0,13.583836395174693,1014.1506887887635,0,Normal
2025-01-12 05:00:00,AWS_073,25.40587477536504,67.96546912743149,0.0,10.325260459643317,1014.161449582221,0,Normal
2025-01-12 06:00:00,AWS_073,26.52932308972844,66.69703221077701,0.0,12.134471829363482,1014.290510472108,0,Normal
2025-01-12 07:00:00,AWS_073,28.708587742159015,64.20950728301949,0.47704874022055715,11.617248214540798,1014.177773975375,0,Normal
2025-01-12 08:00:00,AWS_073,29.910923463324096,57.980143025284164,0.0,11.822891331892077,1014.8605280194458,0,Normal
2025-01-12 09:00:00,AWS_073,32.471355104018514,53.80798995335881,0.0,12.088578469972731,1014.568393707137,0,Normal
2025-01-12 10:00:00,AWS_073,33.11649630442787,53.52385568058231,0.0,11.808850119901452,1014.6281212734201,0,Normal
2025-01-12 11:00:00,AWS_073,33.006910835916514,52.248517956127344,0.0,12.913683474290073,1014.7356431095542,0,Normal
2025-01-12 12:00:00,AWS_073,32.52553012315102,49.280676642665384,0.0,11.681310671257583,1014.3825327159469,0,Normal
2025-01-12 13:00:00,AWS_073,32.114988519930364,51.171727230019066,0.0,14.342805355764602,1013.9176617850379,0,Normal
2025-01-12 14:00:00,AWS_073,32.90123412865369,54.37067346805736,0.0,11.794002859499056,1015.3291380388441,0,Normal
2025-01-12 15:00:00,AWS_073,31.394201135490075,58.17431626875069,0.0,9.173122895033604,1014.8890532276629,0,Normal
2025-01-12 16:00:00,AWS_073,30.28551142317896,58.985209918470574,0.0,12.686827105962136,1015.2304322607961,0,Normal
2025-01-12 17:00:00,AWS_073,27.507102014300752,61.20599211679338,0.0,12.318543207841866,1014.9400195707287,0,Normal
2025-01-12 18:00:00,AWS_073,27.560915864588086,64.89184964792419,0.0,11.780250059660656,1014.1912950183271,0,Normal
2025-01-12 19:00:00,AWS_073,25.727703630999056,69.99707879092504,0.0,11.343108130979335,1013.2462208653527,0,Normal
2025-01-12 20:00:00,AWS_073,23.34521969251135,72.2686543150411,0.0,8.561567176911131,1013.8043894909097,0,Normal
2025-01-12 21:00:00,AWS_073,22.489434415680364,75.98588271584299,0.0,8.814258434658296,1014.7359253517377,0,Normal
2025-01-12 22:00:00,AWS_073,21.980579249114857,75.87462852770483,0.0,14.206830188996015,1014.365515749634,0,Normal
2025-01-12 23:00:00,AWS_073,21.257937308446806,82.08300178731834,0.0,10.858322362002424,1014.2051889176275,0,Normal
2025-01-13 00:00:00,AWS_073,20.850219787860965,77.71963054570264,0.0,13.186029894062978,1013.1660599915639,0,Normal
2025-01-13 01:00:00,AWS_073,21.171384365354566,78.62466387343,0.0,9.334070406112296,1014.4059947637493,0,Normal
2025-01-13 02:00:00,AWS_073,21.685202689487422,78.18556757847021,0.3286131708198941,10.169352012788785,1013.8703895330626,0,Normal
2025-01-13 03:00:00,AWS_073,22.884947083248832,79.58857547757549,0.0,12.758618092137514,1014.047806689617,0,Normal
2025-01-13 04:00:00,AWS_073,24.922453637884693,71.65463403029534,0.0,11.587920409822992,1014.8337679604126,0,Normal
2025-01-13 05:00:00,AWS_073,23.950156775085947,67.550254048617,0.0,12.549186087970932,1013.8928616276983,0,Normal
2025-01-13 06:00:00,AWS_073,26.90446307110943,63.89836616533241,0.0,11.723247922246657,1013.9393034063024,0,Normal
2025-01-13 07:00:00,AWS_073,28.7089015343893,64.43550865868481,0.0,11.433198340304195,1014.4976524390763,0,Normal
2025-01-13 08:00:00,AWS_073,30.231182245674503,51.875306012987956,0.0,10.725648132723393,1014.8397563003549,0,Normal
2025-01-13 09:00:00,AWS_073,31.076583289072648,52.38792225790461,0.0,9.955715552742866,1014.2009340494789,0,Normal
2025-01-13 10:00:00,AWS_073,31.202715659018434,57.47219636155252,0.0,13.851775205351899,1015.1346052064475,0,Normal
2025-01-13 11:00:00,AWS_073,33.056452963180405,51.69287675264725,0.0,14.09968873601002,1013.7603721865104,0,Normal
2025-01-13 12:00:00,AWS_073,34.10401470569749,47.78803010132156,0.0,10.191670522192345,1013.6713870121528,0,Normal
2025-01-13 13:00:00,AWS_073,31.94634600472545,50.42727664131443,0.28093957550933746,10.094604249708599,1013.6274786164101,0,Normal
2025-01-13 14:00:00,AWS_073,32.78905988256598,52.144528075369145,0.0,11.230059207899856,1013.5697353032207,0,Normal
2025-01-13 15:00:00,AWS_073,31.12363841374163,56.085648774012995,0.0,12.26336553253286,1014.5628060053219,0,Normal
2025-01-13 16:00:00,AWS_073,30.044819907208623,61.17900400564512,0.0,11.480977856388007,1013.904339968473,0,Normal
2025-01-13 17:00:00,AWS_073,28.00629077666127,61.89481768602062,0.0,12.50397549314879,1013.6868403204454,0,Normal
2025-01-13 18:00:00,AWS_073,26.887942448569135,63.920423393974076,0.18203298739560256,11.681810269174242,1014.580535493585,0,Normal
2025-01-13 19:00:00,AWS_073,26.319228617651728,70.45645456073422,0.0,11.58472334158297,1014.8013111833728,0,Normal
2025-01-13 20:00:00,AWS_073,24.44520869425499,71.10349460627428,0.0,15.377272589421157,1014.9134639427775,0,Normal
2025-01-13 21:00:00,AWS_073,23.895860679153703,73.53992672582015,0.0,10.97083210422048,1014.8243739326491,0,Normal
2025-01-13 22:00:00,AWS_073,22.612907402221403,74.47056331285368,0.0,14.219537884529444,1013.9263756954098,0,Normal
2025-01-13 23:00:00,AWS_073,21.57400746242917,76.35863060533522,0.0,13.93089077632074,1014.5221674115659,0,Normal
2025-01-14 00:00:00,AWS_073,22.155968280721503,78.20710968775145,0.0,12.517713129507412,1014.6312509924122,0,Normal
2025-01-14 01:00:00,AWS_073,21.580945083895823,77.13330785893427,0.0,8.873349874608843,1014.1440656296836,0,Normal
2025-01-14 02:00:00,AWS_073,22.417240638477864,78.61685411151602,0.0,11.810106688800495,1014.4625741275028,0,Normal
2025-01-14 03:00:00,AWS_073,22.69951233013919,73.20779806615015,0.0,10.992449204955399,1013.7530785593755,0,Normal
2025-01-14 04:00:00,AWS_073,24.163517936923622,66.21266739595052,0.0,11.795596329322363,1014.0637759612729,0,Normal
2025-01-14 05:00:00,AWS_073,25.155716162799415,66.79446212735887,0.0,10.171977117514537,1014.5621568539101,0,Normal
2025-01-14 06:00:00,AWS_073,27.72432878829835,64.05628070455717,0.1907838689163675,12.90177930593044,1015.1287204575937,0,Normal
2025-01-14 07:00:00,AWS_073,27.980003642797154,59.90681534771826,0.0,13.245833061108753,1014.9493536445691,0,Normal
2025-01-14 08:00:00,AWS_073,30.606974286576744,60.53904935861837,0.0,13.52435317296166,1014.702746563124,0,Normal
2025-01-14 09:00:00,AWS_073,31.269306083586464,53.166313163623485,0.0,11.197007905541343,1014.4108496095308,0,Normal
2025-01-14 10:00:00,AWS_073,33.04344807257389,53.77146586963182,0.0,10.182095647649177,1014.3320653797582,0,Normal
2025-01-14 11:00:00,AWS_073,33.394114518752914,50.47314740630225,0.0,12.299710805878505,1013.6445604862989,0,Normal
2025-01-14 12:00:00,AWS_073,34.243916045741145,49.915390548654806,0.04205320483194902,14.407253604208723,1013.9492858048685,0,Normal
2025-01-14 13:00:00,AWS_073,33.38903771452884,48.8403520279679,0.0,11.87817807158898,1013.9642890353402,0,Normal
2025-01-14 14:00:00,AWS_073,31.411435208173735,51.892053640071886,0.0,12.453488805900177,1014.6517722941651,0,Normal
2025-01-14 15:00:00,AWS_073,31.364464122981882,52.86320602840695,0.0,11.423605622864146,1014.8355414795102,0,Normal
2025-01-14 16:00:00,AWS_073,29.462278826987124,57.84004862850913,0.0,11.021731155202872,1014.7300280451994,0,Normal
2025-01-14 17:00:00,AWS_073,28.410916711087555,60.645215058214816,0.0,12.765294101230385,1014.9517470811192,0,Normal
2025-01-14 18:00:00,AWS_073,28.07919400781808,63.1107441336168,0.0,11.6197218280247,1014.3952139501571,0,Normal
2025-01-14 19:00:00,AWS_073,26.005548962553345,70.86607435593899,0.0,12.385046187984079,1013.866290181752,0,Normal
2025-01-14 20:00:00,AWS_073,23.76007008328494,73.35368096004285,0.0,12.541960003726926,1014.3314577105589,0,Normal
2025-01-14 21:00:00,AWS_073,22.332042020482454,74.71047624951372,0.0,12.302910928622754,1013.9926732869161,0,Normal
2025-01-14 22:00:00,AWS_073,22.00991413895755,78.2813671508372,0.0,12.619352655599203,1014.6826882898091,0,Normal
2025-01-14 23:00:00,AWS_073,20.664389826693984,79.32124235133209,0.0,10.503993138000347,1014.1728798432667,0,Normal
2025-01-15 00:00:00,AWS_073,20.7906796635918,78.26481812547345,0.21332756646730747,10.413387816783302,1014.3018217768551,0,Normal
2025-01-15 01:00:00,AWS_073,21.588496897260963,79.62987985237835,0.0,11.721427608617404,1014.6965615314245,0,Normal
2025-01-15 02:00:00,AWS_073,22.697362697327563,76.74835754715183,0.0,11.758444257945326,1013.9778648940577,0,Normal
2025-01-15 03:00:00,AWS_073,23.326425203370565,73.71673404655802,0.0,11.003726270174326,1014.8290607458651,0,Normal
2025-01-15 04:00:00,AWS_073,22.83251579146991,69.25446533946695,0.0,12.149633278424517,1013.6719334836005,0,Normal
2025-01-15 05:00:00,AWS_073,25.840475131803384,68.16507096946054,0.0,13.151379354759964,1014.4976651433909,0,Normal
2025-01-15 06:00:00,AWS_073,27.257468754419225,66.13394131916745,0.0,13.571239445129706,1014.297596954507,0,Normal
2025-01-15 07:00:00,AWS_073,29.018975673115563,59.72839561670447,0.0,13.909280918472456,1014.7553729397238,0,Normal
2025-01-15 08:00:00,AWS_073,31.190931034592893,62.54141738431594,0.0,9.819600140258379,1013.6531694442115,0,Normal
2025-01-15 09:00:00,AWS_073,30.22938031270287,56.16476958950725,0.0,10.048217348893651,1013.5736140433601,0,Normal
2025-01-15 10:00:00,AWS_073,32.06964969527261,54.61827920855438,0.0,11.35915774270617,1014.712683773972,0,Normal
2025-01-15 11:00:00,AWS_073,33.38173418326659,52.10159862981149,0.0,11.914964316123791,1014.1408512839193,0,Normal
2025-01-15 12:00:00,AWS_073,32.28615426273231,53.705729949877146,0.0,11.437814218435594,1014.2895608745235,0,Normal
2025-01-15 13:00:00,AWS_073,33.91971012410471,48.93710863871889,0.0,10.967386995953396,1014.0037357164225,0,Normal
2025-01-15 14:00:00,AWS_073,32.65922632579608,46.888144171916174,0.0,11.34062144486963,1014.7886626567113,0,Normal
2025-01-15 15:00:00,AWS_073,31.99612457303524,53.50114706549602,0.0,12.523120399220774,1014.4805115420704,0,Normal
2025-01-15 16:00:00,AWS_073,29.90644021566069,58.61643715109507,0.0,9.80461490179471,1014.4498802518052,0,Normal
2025-01-15 17:00:00,AWS_073,29.293651172768794,61.42074826695815,0.0,15.314981282816106,1013.7433815461417,0,Normal
2025-01-15 18:00:00,AWS_073,27.89703325301752,65.55094522193556,0.0,11.832330836045108,1014.5775869315224,0,Normal
2025-01-15 19:00:00,AWS_073,25.846233846005386,71.52410568187754,0.0,13.378004653965021,1013.8293688731696,0,Normal
2025-01-15 20:00:00,AWS_073,24.40353217734981,73.264115148925,0.0,10.932617305989083,1013.9948387999723,0,Normal
2025-01-15 21:00:00,AWS_073,23.185926585665655,77.20442757298025,0.0,12.665038166739118,1013.640080267021,0,Normal
2025-01-15 22:00:00,AWS_073,21.55567078365887,76.11125557306106,0.0,11.954537559955735,1014.243120952758,0,Normal
2025-01-15 23:00:00,AWS_073,21.38922658204697,77.29810001590394,0.0,13.09049875709459,1014.8522647164577,0,Normal
2025-01-16 00:00:00,AWS_073,21.18525295610952,83.22822784604898,0.0,11.508199047408763,1014.4320107838181,0,Normal
2025-01-16 01:00:00,AWS_073,21.71471490726885,79.69069046463015,0.0,14.134396074539715,1014.0963868459414,0,Normal
2025-01-16 02:00:00,AWS_073,22.68744208401215,76.74392268987431,0.0,9.569846293860607,1014.3705032760371,0,Normal
2025-01-16 03:00:00,AWS_073,22.4094033740356,74.36381273070398,0.0,13.232868192546968,1014.3663687293973,0,Normal
2025-01-16 04:00:00,AWS_073,24.215625381724397,71.20175375672349,0.0,11.987762503229671,1014.346226520888,0,Normal
2025-01-16 05:00:00,AWS_073,26.630054283492864,67.46436763444612,0.0,10.283066285121887,1014.4004886396046,0,Normal
2025-01-16 06:00:00,AWS_073,26.85140604806146,62.43370439479268,0.0,14.739526640124843,1013.7904523037128,0,Normal
2025-01-16 07:00:00,AWS_073,28.360586337884296,58.11687351902117,0.0,14.585343966451749,1014.3623455282775,0,Normal
2025-01-16 08:00:00,AWS_073,30.425868215712793,57.10999124469116,0.0,8.702358839637373,1013.4300778432621,0,Normal
2025-01-16 09:00:00,AWS_073,32.05721805389033,53.20754654156099,0.0,12.079207156443113,1014.5941383245441,0,Normal
2025-01-16 10:00:00,AWS_073,32.51441538750281,54.22393751412001,0.0,12.873388063906617,1013.7535752303044,0,Normal
2025-01-16 11:00:00,AWS_073,33.907799047769856,51.097265912197805,0.0,12.47831313806337,1014.8923708614523,0,Normal
2025-01-16 12:00:00,AWS_073,33.832403853179954,50.53063536015597,0.0,14.089910068727129,1013.0795747495597,0,Normal
2025-01-16 13:00:00,AWS_073,33.62243351114869,49.024871790555075,0.0,13.778922484808625,1015.138025103286,0,Normal
2025-01-16 14:00:00,AWS_073,32.853867206415416,51.76756211167347,0.0,12.216110261302811,1013.4798208605899,0,Normal
2025-01-16 15:00:00,AWS_073,32.96793511809003,55.11540048946467,0.0,15.23483848435766,1013.6980812684016,0,Normal
2025-01-16 16:00:00,AWS_073,30.209062561728086,58.93239147942534,0.0,13.225304723898306,1014.4461933036781,0,Normal
2025-01-16 17:00:00,AWS_073,27.6864167893649,60.92993067042546,0.0,11.293763105912102,1014.6046372971152,0,Normal
2025-01-16 18:00:00,AWS_073,28.301624142721156,67.15824755864841,0.0,10.993211399586572,1014.1522009310112,0,Normal
2025-01-16 19:00:00,AWS_073,25.514992539544274,68.8982642943537,1.1310429380347278,13.68759102331146,1014.738809329648,0,Normal
2025-01-16 20:00:00,AWS_073,24.410708987585938,74.08569423703536,0.0,10.63399143951395,1013.8928406569885,0,Normal
2025-01-16 21:00:00,AWS_073,23.892524004570706,74.62689730061992,0.0,11.209657403582865,1014.0898821111348,0,Normal
2025-01-16 22:00:00,AWS_073,21.195378998995455,74.3652043236293,0.014512466466264657,11.465747061618483,1014.1372982364707,0,Normal
2025-01-16 23:00:00,AWS_073,20.809796029696965,80.02560537037306,0.0,12.359423096882177,1014.0177472245512,0,Normal
2025-01-17 00:00:00,AWS_073,20.399024025399214,81.45064812629325,0.0,11.536591602398621,1013.3184626358316,0,Normal
2025-01-17 01:00:00,AWS_073,21.091204828138533,80.63958205795116,0.0,9.852156973269521,1014.271823983335,0,Normal
2025-01-17 02:00:00,AWS_073,22.434321171676356,78.83475437964147,0.0,13.571565126971146,1014.2252583581926,0,Normal
2025-01-17 03:00:00,AWS_073,23.442013017117763,74.90942778588824,0.0,11.222677779221007,1014.8204565609645,0,Normal
2025-01-17 04:00:00,AWS_073,24.539354169040543,70.88650749710881,0.0,14.860006918002881,1013.6369950416519,0,Normal
2025-01-17 05:00:00,AWS_073,24.976463816730135,69.98574221462536,0.0,12.286915317663542,1013.9588644849118,0,Normal
2025-01-17 06:00:00,AWS_073,25.994422803507756,65.85289483239654,0.025840529356426806,13.732565854487245,1014.8789134849193,0,Normal
2025-01-17 07:00:00,AWS_073,28.9694578249393,59.995916141774536,0.0,12.77886924898142,1014.4224108564991,0,Normal
2025-01-17 08:00:00,AWS_073,30.10431160853237,59.718848378384116,0.0,13.805981763014335,1014.5490536518441,0,Normal
2025-01-17 09:00:00,AWS_073,31.909094490740138,52.62766725310659,0.0,12.689724256216092,1014.4996768332758,0,Normal
2025-01-17 10:00:00,AWS_073,33.011591335383514,50.84257218565134,0.0,12.18778544624705,1014.5004908888166,0,Normal
2025-01-17 11:00:00,AWS_073,33.27621023297268,53.7839630303473,0.0,13.475697793513834,1015.1806739373925,0,Normal
2025-01-17 12:00:00,AWS_073,33.85723322722159,51.73716387546783,0.0,15.56561731469768,1014.3145119759276,0,Normal
2025-01-17 13:00:00,AWS_073,33.337677397355364,49.79509399388193,0.0,11.432774248175654,1013.7616615483084,0,Normal
2025-01-17 14:00:00,AWS_073,32.922228377767176,52.58438036252052,0.0,13.030668676719706,1014.5853223031842,0,Normal
2025-01-17 15:00:00,AWS_073,31.23131465326617,54.70298277124947,0.2532410360153797,11.831217375776067,1013.9812369305702,0,Normal
2025-01-17 16:00:00,AWS_073,30.307151141590335,52.008772270045235,0.0,12.598977879634893,1014.2081323220873,0,Normal
2025-01-17 17:00:00,AWS_073,29.089337256600373,59.304766424515435,0.0,11.903929799145207,1014.4467781895124,0,Normal
2025-01-17 18:00:00,AWS_073,27.91411302165547,64.89830676578144,0.0,8.60487827221797,1013.8495962458156,0,Normal
2025-01-17 19:00:00,AWS_073,25.63607483941213,68.16906272341919,0.0,11.542011185885682,1014.0037105814858,0,Normal
2025-01-17 20:00:00,AWS_073,24.741371310532642,72.99420512966084,0.0,13.34242055671045,1014.4953656308097,0,Normal
2025-01-17 21:00:00,AWS_073,23.029963403562363,77.86556634369406,0.0,10.696072720484958,1013.9817010881858,0,Normal
2025-01-17 22:00:00,AWS_073,22.168865314703087,77.34730948745873,0.13536954295129475,13.226095050361913,1014.7412972996677,0,Normal
2025-01-17 23:00:00,AWS_073,22.141134438733065,77.3735778020903,0.0,12.120879884775693,1013.76010575072,0,Normal
2025-01-18 00:00:00,AWS_073,20.24657594177055,80.64970331702209,0.0,11.559019116006418,1013.757001110251,0,Normal
2025-01-18 01:00:00,AWS_073,20.872407260910613,78.83564072720041,0.0,13.20576478556653,1015.2033688216982,0,Normal
2025-01-18 02:00:00,AWS_073,21.36381466157484,77.67825405512278,0.0,12.869373839193027,1013.4838041006776,0,Normal
2025-01-18 03:00:00,AWS_073,21.809899925380638,75.02305427949206,0.0,12.479429967296506,1014.2341343326508,0,Normal
2025-01-18 04:00:00,AWS_073,24.049182834616392,76.98367560002197,0.0,13.373240521367807,1015.1718086403625,0,Normal
2025-01-18 05:00:00,AWS_073,26.356318033105246,64.40087715454192,0.0,12.154816572920991,1014.2303439565515,0,Normal
2025-01-18 06:00:00,AWS_073,27.292071238337197,64.2233321937347,0.0,9.383946939638019,1014.916596824176,0,Normal
2025-01-18 07:00:00,AWS_073,29.138018959574342,61.110336272165405,0.0,11.284539593849326,1014.5680195769472,0,Normal
2025-01-18 08:00:00,AWS_073,31.123389345028222,55.93771501543444,0.0,9.145890202248413,1014.236750704421,0,Normal
2025-01-18 09:00:00,AWS_073,32.51253866450589,56.19304994645835,0.0,12.839312026648082,1014.1735973650295,0,Normal
2025-01-18 10:00:00,AWS_073,32.6313826529745,53.6361343006727,0.0,13.198333514841389,1013.1778284860777,0,Normal
2025-01-18 11:00:00,AWS_073,34.0878454159476,50.415603368686895,0.0,13.267354104922592,1014.0764974094972,0,Normal
2025-01-18 12:00:00,AWS_073,33.538840091427915,49.45865248931261,0.0,12.58920779324853,1014.3507273882866,0,Normal
2025-01-18 13:00:00,AWS_073,32.78010452846709,50.28719893720068,0.0,13.308216457634705,1014.349013336527,0,Normal
2025-01-18 14:00:00,AWS_073,32.32992436008235,51.8000456359378,0.0,9.492184791370095,1015.4646738576849,0,Normal
2025-01-18 15:00:00,AWS_073,30.848153805183777,54.23665222595026,0.0,11.696498466982458,1014.3707849614669,0,Normal
2025-01-18 16:00:00,AWS_073,29.964376821753685,57.1240017969664,0.0,9.736231932655741,1014.5439388906706,0,Normal
2025-01-18 17:00:00,AWS_073,28.838782729875998,61.62261295264698,0.0,11.3218665777555,1014.8099069691978,0,Normal
2025-01-18 18:00:00,AWS_073,27.9862500498055,66.50642412965573,0.0,14.28449169647337,1014.4962340505548,0,Normal
2025-01-18 19:00:00,AWS_073,26.987066458537008,66.42176538134065,0.0,13.500720975842373,1014.1815157255417,0,Normal
2025-01-18 20:00:00,AWS_073,23.681628937942577,70.3986722015337,0.035805330909527026,12.855042435497843,1014.1825023033226,0,Normal
2025-01-18 21:00:00,AWS_073,23.50741188040483,72.10956565883117,0.0,11.58993111971551,1014.0463233134628,0,Normal
2025-01-18 22:00:00,AWS_073,21.697294760690937,79.72317585748178,0.0,10.372714435748382,1014.4423095021879,0,Normal
2025-01-18 23:00:00,AWS_073,22.010453521725946,79.98953398071694,0.0,12.14439130048034,1014.1335959179625,0,Normal
2025-01-19 00:00:00,AWS_073,21.44595413286881,81.01053503186554,0.0,13.530604697128439,1014.5297756230898,0,Normal
2025-01-19 01:00:00,AWS_073,20.633922782588854,76.62989091760907,0.0,12.480137369698145,1013.7113137813151,0,Normal
2025-01-19 02:00:00,AWS_073,22.892261334510973,81.56027730252686,0.0,9.487531149889515,1014.2878305343705,0,Normal
2025-01-19 03:00:00,AWS_073,22.929207986054575,74.3888999015075,0.0,12.02371888826067,1014.988987695333,0,Normal
2025-01-19 04:00:00,AWS_073,24.21792170679928,72.83641161422251,0.0,8.99754347409321,1014.0991888769439,0,Normal
2025-01-19 05:00:00,AWS_073,25.346908090024794,70.59105499789455,0.0,13.074542741765601,1015.1315468923583,0,Normal
2025-01-19 06:00:00,AWS_073,27.152515005862202,63.02604048840786,0.0,10.829484609852233,1014.290426118818,0,Normal
2025-01-19 07:00:00,AWS_073,29.358143876483602,60.025065606436854,0.0,10.035041381575313,1014.1788794791281,0,Normal
2025-01-19 08:00:00,AWS_073,30.438358309827755,57.85834354920175,0.0,13.097344734037977,1014.263984870919,0,Normal
2025-01-19 09:00:00,AWS_073,31.99515157742364,60.1083444331312,0.0,12.710238763110045,1014.0485049075194,0,Normal
2025-01-19 10:00:00,AWS_073,32.9720271983976,52.61186842893747,0.0,12.220491726787117,1013.2124782699015,0,Normal
2025-01-19 11:00:00,AWS_073,34.150080786884004,53.72383490692541,0.0,15.160174487790389,1014.6413823771898,0,Normal
2025-01-19 12:00:00,AWS_073,33.3598635141605,52.41134629038391,0.0,12.825829613041991,1015.2961890401973,0,Normal
2025-01-19 13:00:00,AWS_073,32.478381035747496,51.24713267865301,0.0,10.906609762688465,1014.4385834716602,0,Normal
2025-01-19 14:00:00,AWS_073,33.408831397054676,50.03122739997206,0.0,12.653564264687608,1014.4675645647698,0,Normal
2025-01-19 15:00:00,AWS_073,31.619497255641434,56.512905503838255,0.0,11.446353760838468,1014.1041418585412,0,Normal
2025-01-19 16:00:00,AWS_073,31.24790807524271,54.5037793167039,0.0,13.776317327477884,1014.7728657384991,0,Normal
2025-01-19 17:00:00,AWS_073,29.365495471326017,64.31946457081638,0.0,12.29835222943867,1014.1728672389077,0,Normal
2025-01-19 18:00:00,AWS_073,27.507273924823522,65.4000106164365,0.0,12.447476679451853,1014.3246438283347,0,Normal
2025-01-19 19:00:00,AWS_073,26.24570840299135,63.581838581941454,0.0,9.714742469151036,1013.4069551494039,1,Drift
2025-01-19 20:00:00,AWS_073,26.075680790733816,71.81898780993632,0.0,11.971023853664008,1013.9234209254711,1,Drift
2025-01-19 21:00:00,AWS_073,25.22433618304077,76.91449735964409,0.0,11.795296987389287,1014.3702957864558,1,Drift
2025-01-19 22:00:00,AWS_073,23.381979288012353,77.51633331068705,0.0,10.344072934401154,1014.6387513065011,1,Drift
2025-01-19 23:00:00,AWS_073,23.152776081900164,80.91889901632317,0.0,11.548836239756971,1014.6511404129483,1,Drift
2025-01-20 00:00:00,AWS_073,23.813673607474836,78.2999516645754,0.0,12.535410490175334,1013.3926040634882,1,Drift
2025-01-20 01:00:00,AWS_073,23.180689938549115,76.8769226487608,0.0,11.87594878422119,1013.4418274901349,1,Drift
2025-01-20 02:00:00,AWS_073,24.803042491608455,77.84749025067137,0.0,9.765013006922496,1014.4713076630069,1,Drift
2025-01-20 03:00:00,AWS_073,25.856904639757445,75.66973305237805,0.0,11.474024657833162,1013.8043555320662,1,Drift
2025-01-20 04:00:00,AWS_073,27.61911747578707,71.80323129787536,0.0,11.182498089313865,1014.6235755223088,1,Drift
2025-01-20 05:00:00,AWS_073,28.69354567460415,71.3368679698222,0.0,12.17548892422803,1013.3597134883579,1,Drift
2025-01-20 06:00:00,AWS_073,30.108448577547517,63.299585249721886,0.0,12.014198850541383,1014.1241098757971,1,Drift
2025-01-20 07:00:00,AWS_073,31.68702029042,61.74404553812688,0.0,11.26915978341085,1014.1547125757239,1,Drift
2025-01-20 08:00:00,AWS_073,34.02317178285098,57.63593994232725,0.0,11.211261580833334,1014.4105795522088,1,Drift
2025-01-20 09:00:00,AWS_073,35.97674309567989,51.27996637792962,0.0,11.988765997497241,1013.6532799084399,1,Drift
2025-01-20 10:00:00,AWS_073,37.34524953701187,49.371558575896394,0.0,13.333070617367405,1013.1839906628647,1,Drift
2025-01-20 11:00:00,AWS_073,39.598609364404595,50.53493463816124,0.0,12.307237637785429,1014.2515207462884,1,Drift
2025-01-20 12:00:00,AWS_073,39.62001452847984,53.96239999737393,0.0,14.024550209617935,1014.4276100595158,1,Drift
2025-01-20 13:00:00,AWS_073,38.490420744450674,51.6696522294616,0.0,13.590400056682176,1014.6666318487928,1,Drift
2025-01-20 14:00:00,AWS_073,38.992599051605175,48.55834929294416,0.0,14.136302697905975,1013.9821368722899,1,Drift
2025-01-20 15:00:00,AWS_073,37.901915552823375,48.17242215196311,0.0,13.944883794562863,1014.5477607390352,1,Drift
2025-01-20 16:00:00,AWS_073,37.048602902215194,58.966107186008756,0.0,14.237027952987246,1014.4013129143252,1,Drift
2025-01-20 17:00:00,AWS_073,36.19902940852672,60.9252873576058,0.0,10.163548820598804,1014.8181335636681,1,Drift
2025-01-20 18:00:00,AWS_073,35.22212010562881,67.28253193902074,0.0,12.865059808673243,1014.1277409550642,1,Drift
2025-01-20 19:00:00,AWS_073,33.40984490389772,67.12084983511492,0.0,13.722056573339483,1013.2889880410798,1,Drift
2025-01-20 20:00:00,AWS_073,25.31241513169693,73.20042499571706,0.0,13.993770075461725,1014.1186095269435,0,Normal
2025-01-20 21:00:00,AWS_073,22.749679456964483,77.29894864385393,0.0,10.739802217849963,1014.195165301917,0,Normal
2025-01-20 22:00:00,AWS_073,22.488512099195106,77.09545378035362,0.0,12.88260056518799,1014.408536506245,0,Normal
2025-01-20 23:00:00,AWS_073,23.44728750268705,78.63671625387389,0.0,12.00998171102819,1013.3815965534353,0,Normal
2025-01-21 00:00:00,AWS_073,21.821462343545733,80.05052566219678,0.0,14.66841279398447,1013.9904125757338,0,Normal
2025-01-21 01:00:00,AWS_073,22.755363649496523,80.57424008745667,0.0,9.817528333478627,1014.5789829111975,0,Normal
2025-01-21 02:00:00,AWS_073,22.553124122814737,77.96171304774276,0.0,10.745172717929051,1014.091383437851,0,Normal
2025-01-21 03:00:00,AWS_073,23.80356367236374,77.55459439331719,0.09867614637626237,9.183795666678744,1013.9890529092352,0,Normal
2025-01-21 04:00:00,AWS_073,24.667040975899106,71.57612962146594,0.0,12.117308142467758,1015.0935761333508,0,Normal
2025-01-21 05:00:00,AWS_073,26.049323988317358,66.22549526561158,0.0,15.296779417027578,1013.6039025740445,0,Normal
2025-01-21 06:00:00,AWS_073,27.240164407804027,68.95395073622636,0.0,11.835139879610384,1014.7539726550729,0,Normal
2025-01-21 07:00:00,AWS_073,29.52231909141494,59.908446850377295,0.0,12.053833578240377,1014.6465097010342,0,Normal
2025-01-21 08:00:00,AWS_073,30.203670971143737,56.3631158325645,0.0,12.728271029864157,1014.0217900364781,0,Normal
2025-01-21 09:00:00,AWS_073,32.359953510703015,54.26179164005742,0.0,11.729104418001707,1014.1164153268854,0,Normal
2025-01-21 10:00:00,AWS_073,33.56865382048798,52.14398116254138,0.0,12.45320443759729,1014.1131174758193,0,Normal
2025-01-21 11:00:00,AWS_073,33.74016962495388,49.73774532068741,0.0,12.493106167704982,1014.2208058628436,0,Normal
2025-01-21 12:00:00,AWS_073,33.556312323220254,49.965132206101984,0.0,10.637074931547982,1013.8310453526162,0,Normal
2025-01-21 13:00:00,AWS_073,33.799360720131496,50.43158814280763,0.0,11.764959079162097,1013.9127248698509,0,Normal
2025-01-21 14:00:00,AWS_073,32.745738964899445,52.35925759727503,0.0,13.01954576352504,1013.9476685751936,0,Normal
2025-01-21 15:00:00,AWS_073,32.54212240614779,49.67842336422716,0.0,13.300125766124587,1013.9621127545488,0,Normal
2025-01-21 16:00:00,AWS_073,29.642671967238904,61.26175261401569,0.09151446255929581,13.855627282932332,1013.9668631611877,0,Normal
2025-01-21 17:00:00,AWS_073,29.09642674559057,60.82313769639308,0.0,12.411640095731316,1013.0003074617533,0,Normal
2025-01-21 18:00:00,AWS_073,26.553750079181743,66.16124523889397,0.0,12.442773748580782,1014.1680218890183,0,Normal
2025-01-21 19:00:00,AWS_073,25.30164598851628,66.12608299346975,0.0,13.03497965462045,1013.8539398535169,0,Normal
2025-01-21 20:00:00,AWS_073,25.57327267504141,71.5579994775015,0.0,11.018152200140962,1013.1827435093686,0,Normal
2025-01-21 21:00:00,AWS_073,24.052783316248036,74.26196998515738,0.0,10.957242094517285,1013.939597765629,0,Normal
2025-01-21 22:00:00,AWS_073,22.13382922395655,80.92982858578367,0.0,11.724315026015928,1013.9226176666002,0,Normal
2025-01-21 23:00:00,AWS_073,21.067968621416444,78.31726018066425,0.0,9.999584390847001,1014.7491907145615,0,Normal
2025-01-22 00:00:00,AWS_073,19.98966330817687,81.51615997388018,0.0,12.523059212784556,1013.8404244309045,0,Normal
2025-01-22 01:00:00,AWS_073,21.650082396733467,78.18804648898963,0.9974651983278916,13.486926211612335,1014.4424043736242,0,Normal
2025-01-22 02:00:00,AWS_073,24.031184380728483,77.08514317745869,0.4184720257005419,10.848830778990212,1014.7983840742053,0,Normal
2025-01-22 03:00:00,AWS_073,23.79672989549335,75.11550138739685,0.0,12.567211106420888,1013.791411422871,0,Normal
2025-01-22 04:00:00,AWS_073,24.4460479568165,75.0676902536586,0.0,10.971379806678586,1014.0801637941528,0,Normal
2025-01-22 05:00:00,AWS_073,26.51127557558286,65.10258035847757,0.0,10.390800177448082,1014.966723825862,0,Normal
2025-01-22 06:00:00,AWS_073,26.85191618236896,62.36867288945113,0.0,14.999590028977156,1014.2153304737161,0,Normal
2025-01-22 07:00:00,AWS_073,29.166360000723046,57.22310399208256,0.0,10.413481777456294,1014.2861806941112,0,Normal
2025-01-22 08:00:00,AWS_073,30.85487386326717,55.3249957604771,0.0,9.998433507442265,1013.8941411080192,0,Normal
2025-01-22 09:00:00,AWS_073,31.989514383663735,52.77019817981757,0.0,12.24006456789735,1014.4397547029287,0,Normal
2025-01-22 10:00:00,AWS_073,33.4725159662635,48.78065643505264,0.0,12.321350662096487,1014.074868120153,0,Normal
2025-01-22 11:00:00,AWS_073,33.80756681992971,49.04281711243463,0.0,12.919991612334982,1013.1770970197056,0,Normal
2025-01-22 12:00:00,AWS_073,34.20956426451363,45.97057103813317,0.0,14.921558420717652,1013.9139902064628,0,Normal
2025-01-22 13:00:00,AWS_073,33.19444323880396,48.47513515812861,0.0,10.754592541026794,1013.4984739871055,0,Normal
2025-01-22 14:00:00,AWS_073,33.5500953827643,54.41045974305382,0.0,11.053200913393356,1014.144639697859,0,Normal
2025-01-22 15:00:00,AWS_073,33.038597701433154,55.20057442276399,0.0,14.33463130572679,1013.6285544262413,0,Normal
2025-01-22 16:00:00,AWS_073,30.23984532908269,57.87493534434505,0.0,13.330673580022673,1014.3244918930008,0,Normal
2025-01-22 17:00:00,AWS_073,28.84557117588152,59.112157210903966,0.0,13.122672792698673,1014.1062619831363,0,Normal
2025-01-22 18:00:00,AWS_073,28.630083219278486,61.92783008191055,0.0,11.0383085790922,1013.4583273113221,0,Normal
2025-01-22 19:00:00,AWS_073,26.164229332897584,66.60397352546924,0.0,13.612502770985156,1013.8345132244706,0,Normal
2025-01-22 20:00:00,AWS_073,25.677579266348314,72.41358034620797,0.0,13.129001470080933,1014.3895130317799,0,Normal
2025-01-22 21:00:00,AWS_073,23.3304598082512,77.34295527725155,0.0,12.209087922573586,1014.6516765278769,0,Normal
2025-01-22 22:00:00,AWS_073,23.518831391061806,79.79511589103723,0.0,11.0479430664866,1013.6249166544558,0,Normal
2025-01-22 23:00:00,AWS_073,22.128626598242395,80.75011211930268,0.0,12.085928855434574,1013.5258532146606,0,Normal
2025-01-23 00:00:00,AWS_073,22.003560008446982,78.5248862718641,0.0,14.399164578881319,1015.0485110570354,0,Normal
2025-01-23 01:00:00,AWS_073,22.995230267238526,79.537987059144,0.6268111181220027,10.28602931956253,1014.0665786719062,0,Normal
2025-01-23 02:00:00,AWS_073,22.442070447559253,77.34769599669208,0.0,10.727827028410369,1014.115640105399,0,Normal
2025-01-23 03:00:00,AWS_073,23.05130100234976,75.20422219080871,0.5447178291119864,10.986364639382765,1013.6986520378883,0,Normal
2025-01-23 04:00:00,AWS_073,24.592805256315827,76.57425579391963,0.0,11.312377198623821,1014.1743985433286,0,Normal
2025-01-23 05:00:00,AWS_073,26.583757757117063,65.35828520253058,0.0,11.905542522394922,1014.922776067668,0,Normal
2025-01-23 06:00:00,AWS_073,26.929143130644036,64.53064636815547,0.0,13.367540692628598,1014.1908496016888,0,Normal
2025-01-23 07:00:00,AWS_073,29.807321341445203,63.5412121378545,0.0,12.622339898436403,1014.5945862680186,0,Normal
2025-01-23 08:00:00,AWS_073,30.551986730925762,54.56821700993292,0.0,12.022012857109994,1014.0750331870356,0,Normal
2025-01-23 09:00:00,AWS_073,32.8099018325722,53.10590343166928,0.0,12.346772026306212,1013.5460752187081,0,Normal
2025-01-23 10:00:00,AWS_073,31.6414928498448,50.95154194809814,0.0,12.867796764074562,1013.7157929753654,0,Normal
2025-01-23 11:00:00,AWS_073,33.20883419565573,50.06453316155601,0.0,9.409777891270863,1013.4969436598957,0,Normal
2025-01-23 12:00:00,AWS_073,32.87665893527936,46.80808568078756,0.0,13.540237562303126,1014.1631704192281,0,Normal
2025-01-23 13:00:00,AWS_073,33.19167725539391,51.701684726340055,0.0,10.69376430109828,1014.6646528473032,0,Normal
2025-01-23 14:00:00,AWS_073,33.23993111902187,53.34219350825971,0.0,11.268638575850225,1014.1316441885608,0,Normal
2025-01-23 15:00:00,AWS_073,32.033602070677674,55.41014893223768,0.0,12.445075508524592,1013.8956770199491,0,Normal
2025-01-23 16:00:00,AWS_073,30.749788043937098,55.75925265141783,0.0,11.82183015321358,1013.6531762104787,0,Normal
2025-01-23 17:00:00,AWS_073,29.36253418116337,61.29073590503678,0.0,12.66584890174155,1014.2241461217915,0,Normal
2025-01-23 18:00:00,AWS_073,28.030479045705263,63.20111952086182,0.0,12.148707438035457,1013.4257832149159,0,Normal
2025-01-23 19:00:00,AWS_073,25.75372449169038,68.21709235499478,0.0,11.502477425111387,1013.4762237011322,0,Normal
2025-01-23 20:00:00,AWS_073,25.339183474624868,76.80693585434176,0.0,14.230121379962343,1014.4917798218524,0,Normal
2025-01-23 21:00:00,AWS_073,24.073344902582942,75.79799247299073,0.0,12.999588668686874,1013.9012535542585,0,Normal
2025-01-23 22:00:00,AWS_073,22.956567677810845,75.61532790479224,0.0,12.39117057746806,1013.8898158367565,0,Normal
2025-01-23 23:00:00,AWS_073,22.463372787656876,79.84955807566385,0.0,12.977276544206441,1013.952430724196,0,Normal
2025-01-24 00:00:00,AWS_073,22.10616783170323,77.29640814787338,0.0,10.881002710810357,1014.3983190168769,0,Normal
2025-01-24 01:00:00,AWS_073,23.357114414558037,77.09086660930599,0.0,15.20165270309497,1014.1165535240445,0,Normal
2025-01-24 02:00:00,AWS_073,22.686523831007694,75.90813478486899,0.0,10.308535402531435,1013.6606791244182,0,Normal
2025-01-24 03:00:00,AWS_073,23.51134850847256,74.71798281340685,0.0,12.110238278415071,1013.6770903490001,0,Normal
2025-01-24 04:00:00,AWS_073,24.48942795147867,74.37393799117841,0.0,11.511337932645626,1013.9314966195931,0,Normal
2025-01-24 05:00:00,AWS_073,25.772577000985045,70.03908207257149,0.0,11.454845819554224,1014.1785764200398,0,Normal
2025-01-24 06:00:00,AWS_073,27.201469175093294,66.04599065649465,0.0,11.260570252618413,1014.0081250575702,0,Normal
2025-01-24 07:00:00,AWS_073,28.971090501791426,58.9198651922811,0.0,10.784876362010689,1013.9620473746248,0,Normal
2025-01-24 08:00:00,AWS_073,30.912347757639427,56.4173712891287,0.0,13.725438618910625,1014.0458456442165,0,Normal
2025-01-24 09:00:00,AWS_073,32.401274112720884,54.93740049596816,0.0,10.136353039537273,1014.0030020185143,0,Normal
2025-01-24 10:00:00,AWS_073,33.18819336087178,50.752978972456596,0.0,13.419232970425702,1013.6293320863722,0,Normal
2025-01-24 11:00:00,AWS_073,33.30088783980251,49.95437972506178,0.0,12.917171586498151,1014.5714572714527,0,Normal
2025-01-24 12:00:00,AWS_073,34.50806212169431,50.8827173850599,0.0,11.373504119696857,1013.7751833271714,0,Normal
2025-01-24 13:00:00,AWS_073,34.2104502667217,49.81356724326137,0.0,12.744225546243552,1014.0793555322679,0,Normal
2025-01-24 14:00:00,AWS_073,33.07490645205669,52.46173812143747,0.0,11.708937867638749,1012.9829827995596,0,Normal
2025-01-24 15:00:00,AWS_073,31.828728306497123,57.57885519424092,0.0,10.294746630101658,1013.9039674085176,0,Normal
2025-01-24 16:00:00,AWS_073,31.310187333530013,57.156282402026,0.0,10.311073369350968,1013.460163065944,0,Normal
2025-01-24 17:00:00,AWS_073,29.650121259782203,63.47638994290061,0.0,12.93035180912246,1013.518848823862,0,Normal
2025-01-24 18:00:00,AWS_073,27.11883771576375,66.11874013461471,0.0,12.853008672335427,1015.2178537100357,0,Normal
2025-01-24 19:00:00,AWS_073,26.397301859345248,65.94780168956427,0.0,12.311131929767537,1014.1299236823106,0,Normal
2025-01-24 20:00:00,AWS_073,25.15151495864207,70.29572594147295,0.0,11.361299589612122,1014.6165707848877,0,Normal
2025-01-24 21:00:00,AWS_073,23.215124074247967,73.93940995165842,0.0,11.663384657127441,1014.4296094206408,0,Normal
2025-01-24 22:00:00,AWS_073,22.918622380442606,76.28071122290102,0.0,11.461157749160549,1014.4919759731695,0,Normal
2025-01-24 23:00:00,AWS_073,21.335706423377864,79.3083079021224,0.0,9.329524777621074,1013.899214575462,0,Normal
2025-01-25 00:00:00,AWS_073,22.80915160603717,81.22928809616364,0.0,12.042272319164448,1014.8003462580255,0,Normal
2025-01-25 01:00:00,AWS_073,22.963939020346732,81.99920422774547,0.0,12.73452416666954,1014.418882719718,0,Normal
2025-01-25 02:00:00,AWS_073,22.666344170335886,78.60673123421674,0.0,12.052702471548253,1014.0145993380662,0,Normal
2025-01-25 03:00:00,AWS_073,23.992720879661487,74.7152426056918,0.0,14.605458397155626,1014.1239684403313,0,Normal
2025-01-25 04:00:00,AWS_073,23.57461671723621,68.33551751274025,0.0,10.44533475461883,1013.9223481608379,0,Normal
2025-01-25 05:00:00,AWS_073,25.77712692307849,69.02346482737248,0.0,10.960963696023224,1014.0152236783265,0,Normal
2025-01-25 06:00:00,AWS_073,27.85086128970871,65.05154038738998,0.0,12.152587030925307,1013.9656924118599,0,Normal
2025-01-25 07:00:00,AWS_073,28.940040908629825,61.4835718305401,0.0,12.319145985034456,1014.1766472660461,0,Normal
2025-01-25 08:00:00,AWS_073,31.462321104957397,61.71248059540667,0.0,9.102118030637476,1014.854254000502,0,Normal
2025-01-25 09:00:00,AWS_073,33.47797753920686,56.87459137458793,0.0,12.858411132282544,1013.3800456698604,0,Normal
2025-01-25 10:00:00,AWS_073,32.530417195013975,53.57974077973339,0.0,12.327270521733126,1014.552214718642,0,Normal
2025-01-25 11:00:00,AWS_073,33.336584139956045,48.58695834552078,0.0,8.776134941997212,1013.7953036844153,0,Normal
2025-01-25 12:00:00,AWS_073,34.188048815064064,48.974010501606514,0.0,11.780587514962368,1014.6126350714543,0,Normal
2025-01-25 13:00:00,AWS_073,34.81227595733158,50.321423391806974,0.0,10.743264160900726,1013.8094623693653,0,Normal
2025-01-25 14:00:00,AWS_073,32.51604960743023,50.45880469521271,0.0,11.276514537614439,1014.1809424260249,0,Normal
2025-01-25 15:00:00,AWS_073,32.44865353814949,55.394327332172026,0.0,9.94976921188453,1013.8935229844049,0,Normal
2025-01-25 16:00:00,AWS_073,32.15263883549876,58.2138176984314,0.0,12.581622326051123,1013.10602755316,0,Normal
2025-01-25 17:00:00,AWS_073,28.62498559436825,58.94109873735281,0.0,14.60042076214327,1014.8391895448757,0,Normal
2025-01-25 18:00:00,AWS_073,27.297751514807022,67.39363341819225,0.0,12.355706399683775,1013.4967007785153,0,Normal
2025-01-25 19:00:00,AWS_073,26.262579967600427,69.08690634415552,0.0,8.719507696603134,1014.008394481905,0,Normal
2025-01-25 20:00:00,AWS_073,24.760569252800245,69.0418577065155,0.0,12.387388679535515,1013.4386166126287,0,Normal
2025-01-25 21:00:00,AWS_073,24.321105418032495,75.50391600110828,0.0,11.667445172781603,1013.294700123537,0,Normal
2025-01-25 22:00:00,AWS_073,23.028290705557517,78.55279396861239,0.0,10.308291259538695,1013.8591034630126,0,Normal
2025-01-25 23:00:00,AWS_073,21.22217599693182,81.4344721172075,0.0,12.490650472182704,1013.6631891762476,0,Normal
2025-01-26 00:00:00,AWS_073,22.39521425480207,79.32504719374677,0.0,13.280264443341947,1013.3739077127422,0,Normal
2025-01-26 01:00:00,AWS_073,21.94714847237702,81.14476392923044,0.0,10.95827771678726,1013.9389683246698,0,Normal
2025-01-26 02:00:00,AWS_073,23.66100034462283,78.36466503030701,0.0,9.4958172741004,1013.2140996724868,0,Normal
2025-01-26 03:00:00,AWS_073,23.476547826323912,72.97649249972305,0.0,8.944304643705378,1014.0161573294489,0,Normal
2025-01-26 04:00:00,AWS_073,24.717027385409963,69.66966645303498,0.24338198703116853,10.963679837149334,1013.8881234119924,0,Normal
2025-01-26 05:00:00,AWS_073,26.874015691255362,71.1274054168365,0.0,11.729344709748483,1012.7099491913741,0,Normal
2025-01-26 06:00:00,AWS_073,28.563260243382608,67.39196835676354,0.0,11.188981965694213,1013.6869616409583,0,Normal
2025-01-26 07:00:00,AWS_073,29.930530518352477,61.76353278427163,0.0,10.938455530869602,1014.1810849790215,0,Normal
2025-01-26 08:00:00,AWS_073,30.100649429469254,60.491413442360056,0.0,12.815614280268868,1013.4134694112631,0,Normal
2025-01-26 09:00:00,AWS_073,32.68071927495762,56.506617980285,0.0,12.658388339310948,1014.1994998300435,0,Normal
2025-01-26 10:00:00,AWS_073,32.69407453134929,53.37687640219286,0.0,12.26392161535205,1014.1583037169604,0,Normal
2025-01-26 11:00:00,AWS_073,34.058475490213766,48.68848962819663,0.2660653772788997,13.189643389255243,1013.4314627786429,0,Normal
2025-01-26 12:00:00,AWS_073,33.270761038608335,53.462857502064686,0.0,10.980828845285457,1013.9325407223628,0,Normal
2025-01-26 13:00:00,AWS_073,34.191595687201286,51.58371547008052,0.0,10.323827143647408,1014.3495348002124,0,Normal
2025-01-26 14:00:00,AWS_073,32.8436851672586,51.23794139401018,0.0,11.182539566475008,1013.4971845313021,0,Normal
2025-01-26 15:00:00,AWS_073,31.607795533727575,53.05685827159119,0.0,11.07945796150574,1013.8308457600522,0,Normal
2025-01-26 16:00:00,AWS_073,31.56627017004643,58.013567563027706,0.17947858658228874,8.889847935610314,1014.5072249953065,0,Normal
2025-01-26 17:00:00,AWS_073,29.839120423266618,57.77559615378529,0.0,11.148797120262632,1013.5016428074188,0,Normal
2025-01-26 18:00:00,AWS_073,27.77607360872668,66.39934655070573,0.0,13.624791831319136,1014.1583903930382,0,Normal
2025-01-26 19:00:00,AWS_073,27.465491875038445,66.97514404714975,0.0,13.169160022307526,1013.3875671140338,0,Normal
2025-01-26 20:00:00,AWS_073,24.886545425072732,73.24121621764857,0.0,12.756017498334813,1013.8450321431774,0,Normal
2025-01-26 21:00:00,AWS_073,23.930797730480787,74.5633610430819,0.0,12.166028572774996,1014.1472258880575,0,Normal
2025-01-26 22:00:00,AWS_073,23.122605286084987,77.46154363131717,0.0,14.142307050465185,1012.7199475820479,0,Normal
2025-01-26 23:00:00,AWS_073,21.99328983903914,77.97506764880589,0.0,10.379063130412527,1013.6533968938021,0,Normal
2025-01-27 00:00:00,AWS_073,22.446559738792114,79.6775411376384,0.0,10.522427959179229,1014.1335708672497,0,Normal
2025-01-27 01:00:00,AWS_073,22.05148408899197,83.26764648637072,0.0,13.656463179830162,1014.030172440351,0,Normal
2025-01-27 02:00:00,AWS_073,22.727206416370546,80.76050031086386,0.0,12.01177719931314,1013.6544056891803,0,Normal
2025-01-27 03:00:00,AWS_073,24.74851698999753,76.31555962778913,0.0,10.963949935650554,1013.3616473889585,0,Normal
2025-01-27 04:00:00,AWS_073,24.552449604339635,72.4494114688701,0.0,12.798949835738506,1014.226513358452,0,Normal
2025-01-27 05:00:00,AWS_073,25.179446789409678,70.57068805792358,0.0,11.313705909506291,1013.7494190904081,0,Normal
2025-01-27 06:00:00,AWS_073,29.149818356787456,67.25994078821512,0.0,10.715459522134429,1014.181636618859,0,Normal
2025-01-27 07:00:00,AWS_073,31.268992979959783,59.458077559047126,0.0,10.67405941604331,1014.0974141625937,0,Normal
2025-01-27 08:00:00,AWS_073,30.94654503165378,57.34512226473559,0.0,12.454748503403943,1013.6819320476106,0,Normal
2025-01-27 09:00:00,AWS_073,31.273467980297298,50.74948182306563,0.0,12.281482989678901,1014.4402596770761,0,Normal
2025-01-27 10:00:00,AWS_073,33.206014552991384,54.25582316375521,0.0,14.248213133759354,1013.6051766362241,0,Normal
2025-01-27 11:00:00,AWS_073,33.823194972452185,54.641161121065686,0.0,11.53829030891878,1014.4958780853166,0,Normal
2025-01-27 12:00:00,AWS_073,34.08863961713912,50.16016524924617,0.0,11.513029156502478,1014.5596320427039,0,Normal
2025-01-27 13:00:00,AWS_073,33.33333505831788,46.26109235585794,0.0,14.133530732031403,1014.4223768169129,0,Normal
2025-01-27 14:00:00,AWS_073,33.75291990311097,53.22739997638748,0.0,13.452875688194181,1013.8053716291275,0,Normal
2025-01-27 15:00:00,AWS_073,32.76959263993357,52.585219949903625,0.0,12.192075971286524,1015.1675235289006,0,Normal
2025-01-27 16:00:00,AWS_073,30.318819750362636,56.17330111667107,0.0,9.633530404296746,1013.9682369627884,0,Normal
2025-01-27 17:00:00,AWS_073,30.191109886730988,62.370867103044205,0.0,10.757586242266703,1014.0111727756741,0,Normal
2025-01-27 18:00:00,AWS_073,29.453501879690602,65.50910825102545,0.0,10.394543101965262,1013.8779426939783,0,Normal
2025-01-27 19:00:00,AWS_073,26.775364989720607,67.9060681258606,0.0,12.030677800420683,1013.3224179866146,0,Normal
2025-01-27 20:00:00,AWS_073,25.02591898925658,71.20078873479667,0.12711980611866572,11.213801254791553,1014.5331647314398,0,Normal
2025-01-27 21:00:00,AWS_073,23.903681349979898,75.85827382823987,0.0,14.380981011746119,1013.5977523154402,0,Normal
2025-01-27 22:00:00,AWS_073,23.407734334434675,77.17144995174185,0.0,9.619776551887146,1014.3420844915967,0,Normal
2025-01-27 23:00:00,AWS_073,21.403982357457604,77.27041312713,0.2990038284512548,10.23522945127246,1014.4603795126862,0,Normal
2025-01-28 00:00:00,AWS_073,22.339781130488436,79.33487363704327,0.0,12.344486811924794,1014.1805866612557,0,Normal
2025-01-28 01:00:00,AWS_073,22.214518658515615,80.16807264084639,0.0,12.760000270928167,1013.5312633788541,0,Normal
2025-01-28 02:00:00,AWS_073,24.160098693591323,77.63417412312731,0.0,8.0974423651728,1013.7050299691006,0,Normal
2025-01-28 03:00:00,AWS_073,23.90361474744126,72.77958452130184,0.0,9.375329941406497,1012.5353511216643,0,Normal
2025-01-28 04:00:00,AWS_073,26.254693449909194,74.47812924275108,0.0,11.583336062330838,1013.8139745349291,0,Normal
2025-01-28 05:00:00,AWS_073,26.042002842774693,63.40466280265114,0.0,14.013101424253714,1014.271881644894,0,Normal
2025-01-28 06:00:00,AWS_073,28.612716519743195,64.10726968994312,0.0,14.810969632781877,1013.7500912371236,0,Normal
2025-01-28 07:00:00,AWS_073,30.008113773288844,59.87731741435436,0.0,11.357872350437313,1013.5721198947114,0,Normal
2025-01-28 08:00:00,AWS_073,30.745328155907117,57.79635775574283,0.0,11.723936352922586,1013.7166018823818,0,Normal
2025-01-28 09:00:00,AWS_073,32.61903085459918,55.51672189780726,0.0,10.724894368995248,1014.4714726734804,0,Normal
2025-01-28 10:00:00,AWS_073,34.1968110497756,54.26314855975549,0.0,12.930286742970813,1013.8349202289135,0,Normal
2025-01-28 11:00:00,AWS_073,33.87762091696165,49.086302858959655,0.0,14.27355361030618,1014.7893735886266,0,Normal
2025-01-28 12:00:00,AWS_073,33.26435587804043,51.173164674666964,0.0,13.865070382118123,1013.5733602179329,0,Normal
2025-01-28 13:00:00,AWS_073,34.06774204240484,50.902749381426894,0.0,11.937816351462732,1013.9656533766532,0,Normal
2025-01-28 14:00:00,AWS_073,32.94061348503232,48.58654019286698,0.0,10.723795658912852,1013.6386460796153,0,Normal
2025-01-28 15:00:00,AWS_073,32.32634000575496,58.194478793070004,0.0,11.994162620880314,1014.8908988531475,0,Normal
2025-01-28 16:00:00,AWS_073,31.24333900500364,54.622449745519596,0.0,14.053319020354994,1013.9418159521313,0,Normal
2025-01-28 17:00:00,AWS_073,28.825001213509157,61.95670886808163,0.0,11.381633116823043,1014.9143080625246,0,Normal
2025-01-28 18:00:00,AWS_073,27.329268693668116,65.7799198883955,0.0,9.25953297217018,1013.6385119620305,0,Normal
2025-01-28 19:00:00,AWS_073,27.038173770147655,69.43355924119597,0.0,11.442928339137191,1014.6106701219488,0,Normal
2025-01-28 20:00:00,AWS_073,24.9913997797242,71.51084623567678,0.0,11.564667242738523,1013.9041860645518,0,Normal
2025-01-28 21:00:00,AWS_073,22.526725577346973,77.26110702007922,0.0,9.251520235724838,1014.2618150708082,0,Normal
2025-01-28 22:00:00,AWS_073,23.58614755346654,74.86964610888039,0.0,12.331783030950444,1013.2319337313011,0,Normal
2025-01-28 23:00:00,AWS_073,22.682439945168884,79.35722981698817,0.0,12.742991533692242,1014.0142971940538,0,Normal
2025-01-29 00:00:00,AWS_073,21.889426460092363,78.87225064689508,0.09812540638696635,14.774078917292615,1013.3038300529947,0,Normal
2025-01-29 01:00:00,AWS_073,21.735275382530336,78.13429151020196,0.0,9.985927966324883,1013.9652375791055,0,Normal
2025-01-29 02:00:00,AWS_073,23.629436700342534,78.84787663167367,0.0,13.080526905185133,1013.0757925140939,0,Normal
2025-01-29 03:00:00,AWS_073,24.294248794379968,77.76155880323758,0.0,13.435248291686957,1013.7862432486597,0,Normal
2025-01-29 04:00:00,AWS_073,26.760014002984153,71.81348847632627,0.0,12.764672717877724,1014.3793870516898,0,Normal
2025-01-29 05:00:00,AWS_073,27.0328238484799,70.44364785638936,0.0,10.475284078513447,1014.1036533050296,0,Normal
2025-01-29 06:00:00,AWS_073,28.56941797054722,65.09948133088919,0.0,10.38833966259785,1013.2111957317452,0,Normal
2025-01-29 07:00:00,AWS_073,29.792723522082134,59.33224990498617,0.0,12.13176591757134,1012.8772710156098,0,Normal
2025-01-29 08:00:00,AWS_073,31.83320024977614,56.984095813517875,0.0,12.121476333727028,1014.0732290081039,0,Normal
2025-01-29 09:00:00,AWS_073,32.963994051798565,53.794426500618556,0.0,11.147296111081497,1014.6136476876336,0,Normal
2025-01-29 10:00:00,AWS_073,34.29665597917251,50.61629911822253,0.0,13.92413732152447,1013.3393659057152,0,Normal
2025-01-29 11:00:00,AWS_073,33.83539485656789,51.36807846297564,0.0,11.385787329698713,1014.8683306604285,0,Normal
2025-01-29 12:00:00,AWS_073,34.09455305460294,50.469292375409516,0.0,9.14659443836284,1013.8146707383198,0,Normal
2025-01-29 13:00:00,AWS_073,33.867053269946716,47.32981320912514,0.0,11.651289582662331,1012.8368584413856,0,Normal
2025-01-29 14:00:00,AWS_073,34.03275513297332,48.706566952754706,0.020928126344693255,12.70801112532224,1013.0340519213199,0,Normal
2025-01-29 15:00:00,AWS_073,33.5069472764396,55.24276718861329,0.0,12.500767528118587,1014.1977526323328,0,Normal
2025-01-29 16:00:00,AWS_073,31.093136659993043,55.86942714241092,0.0,12.489382326233924,1013.8758471034337,0,Normal
2025-01-29 17:00:00,AWS_073,29.669648802094407,61.72179663366284,0.0,14.22925256086511,1014.5504576595623,0,Normal
2025-01-29 18:00:00,AWS_073,28.56320169465713,66.56186315621838,0.0,10.316301723778617,1013.2085679561299,0,Normal
2025-01-29 19:00:00,AWS_073,26.677539560176164,66.34038000172669,0.2203041730314285,11.353141548890687,1013.8651599714206,0,Normal
2025-01-29 20:00:00,AWS_073,25.95229706980708,69.67692549084762,0.0,14.306499566489013,1013.8075744068232,0,Normal
2025-01-29 21:00:00,AWS_073,22.79051073859423,78.9554650825888,0.0,9.03810606494518,1013.7309669902053,0,Normal
2025-01-29 22:00:00,AWS_073,22.69519404480557,78.6935226226915,0.0,11.908799558257883,1013.6094500857147,0,Normal
2025-01-29 23:00:00,AWS_073,22.12551520492266,78.65040608098947,0.0,13.832931183232036,1013.6176825341577,0,Normal
2025-01-30 00:00:00,AWS_073,21.001455593147256,78.13211909470748,0.0,13.81078011562889,1013.8846327304259,0,Normal
2025-01-30 01:00:00,AWS_073,22.0230791823215,78.46800569652146,0.0,12.980134474779419,1013.9468770039199,0,Normal
2025-01-30 02:00:00,AWS_073,22.654717887494982,75.60923638453995,0.0,13.018320991760246,1013.9201486630103,0,Normal
2025-01-30 03:00:00,AWS_073,24.0398060382254,77.37342606597939,0.0,10.428827425364567,1014.3951308175,0,Normal
2025-01-30 04:00:00,AWS_073,26.074033355095537,70.94649769278736,0.0,14.05032575378943,1013.1897717100072,0,Normal
2025-01-30 05:00:00,AWS_073,26.709446222892197,71.06935485297033,0.0,10.190663525932289,1012.8828421809097,0,Normal
2025-01-30 06:00:00,AWS_073,27.7940504766434,64.19874216045997,0.0,10.280330475682373,1014.2954385371604,0,Normal
2025-01-30 07:00:00,AWS_073,29.934420838123096,59.03101395622756,0.0,12.572953060185881,1013.3134646319993,0,Normal
2025-01-30 08:00:00,AWS_073,32.048322805760826,56.6473968239724,0.3016043482463441,11.251809925279954,1013.5937594672057,0,Normal
2025-01-30 09:00:00,AWS_073,32.07902212662116,49.14506472719896,0.0,12.301564469450902,1013.4757168630937,0,Normal
2025-01-30 10:00:00,AWS_073,33.07490107179984,51.76808178988541,0.0,12.637855738370543,1013.4632789118634,0,Normal
2025-01-30 11:00:00,AWS_073,34.55891351540695,50.17087422340366,0.0,14.659053373500356,1013.0491705279144,0,Normal
2025-01-30 12:00:00,AWS_073,34.29844186610497,51.64948549309594,0.0,12.642657234106892,1013.4918053124119,0,Normal
2025-01-30 13:00:00,AWS_073,34.61854241030002,46.73850274969722,0.0,11.06444843707983,1014.0995003076977,0,Normal
2025-01-30 14:00:00,AWS_073,33.62559283591502,54.33335166496052,0.0,13.007159314304591,1013.7711337639506,0,Normal
2025-01-30 15:00:00,AWS_073,33.10439796034219,56.0345968721971,0.0,10.74497150666641,1014.0236168680179,0,Normal
2025-01-30 16:00:00,AWS_073,30.82284155635578,60.00408712739732,0.0,13.362509469083896,1013.5215852137558,0,Normal
2025-01-30 17:00:00,AWS_073,29.992679988050792,61.01227157145392,0.0,12.089889383480852,1014.2193112061811,0,Normal
2025-01-30 18:00:00,AWS_073,28.323729323527402,67.0277936682055,0.0,12.59393249575826,1013.5119683619229,0,Normal
2025-01-30 19:00:00,AWS_073,26.170820070803934,65.939797606724,0.0,9.322303018948341,1012.7101308295231,0,Normal
2025-01-30 20:00:00,AWS_073,24.51830642878816,73.92609513040907,0.0,8.617330750561285,1013.9209806487229,0,Normal
2025-01-30 21:00:00,AWS_073,24.62832496946699,74.06427619359832,0.0,9.741475898957184,1014.1446195024254,0,Normal
2025-01-30 22:00:00,AWS_073,23.055914155973756,74.68757739192071,0.0,14.612429580815602,1013.4795650714264,0,Normal
2025-01-30 23:00:00,AWS_073,22.05683538694963,77.2406063580073,0.0,10.271700058051735,1014.3570442660352,0,Normal
2025-01-31 00:00:00,AWS_073,22.41117038864589,80.01106227725855,0.0,13.092553935642337,1013.3303506890408,0,Normal
2025-01-31 01:00:00,AWS_073,23.353252074463974,77.84028897790081,0.0,11.031382419830814,1014.0893149366534,0,Normal
2025-01-31 02:00:00,AWS_073,21.910517283105335,78.74252812015818,0.0,11.634351800027627,1014.6245933462872,0,Normal
2025-01-31 03:00:00,AWS_073,23.33760393387414,71.99012660779017,0.0,11.927467341955266,1013.768823810944,0,Normal
2025-01-31 04:00:00,AWS_073,24.927610116749783,68.24580491276828,0.0,14.460364086944553,1013.6354688187556,0,Normal
2025-01-31 05:00:00,AWS_073,27.80824790170466,71.62706054482496,0.0,12.871601406971578,1013.6941256673979,0,Normal
2025-01-31 06:00:00,AWS_073,28.65711863428748,66.80760025880286,0.0,12.572537431635622,1014.5593594432369,0,Normal
2025-01-31 07:00:00,AWS_073,30.503981371922965,59.01912065163457,0.0,13.940177924431667,1013.9448523834412,0,Normal
2025-01-31 08:00:00,AWS_073,30.80968923669732,57.494000713058924,0.0,11.04547548039807,1014.8138108849988,0,Normal
2025-01-31 09:00:00,AWS_073,32.06781269831926,56.432412402604434,0.0,13.597923685836665,1013.8795827941658,0,Normal
2025-01-31 10:00:00,AWS_073,33.96484065274026,52.84802015981463,0.0,13.347499502038968,1013.411305428908,0,Normal
2025-01-31 11:00:00,AWS_073,34.3336247337837,50.80755879803093,0.0,13.33052898750964,1013.4446960556834,0,Normal
2025-01-31 12:00:00,AWS_073,34.83545235854736,52.19030816262519,0.0,11.763287166003556,1013.7654980271328,0,Normal
2025-01-31 13:00:00,AWS_073,34.192264030803074,49.049687655261536,0.0,11.339970098746107,1012.7122770650673,0,Normal
2025-01-31 14:00:00,AWS_073,33.87545163566184,52.07197584056268,0.0,10.691335140947519,1013.4936865418304,0,Normal
2025-01-31 15:00:00,AWS_073,11.325579323836834,54.357701005617,0.0,10.785423171723249,1013.5030247396809,1,Drop
2025-01-31 16:00:00,AWS_073,31.985272150244963,56.954475904657905,0.0,10.620801047173881,1013.8475598412113,0,Normal
2025-01-31 17:00:00,AWS_073,30.558828383641693,60.33810330062069,0.0,12.546714415142619,1014.6968144916843,0,Normal
2025-01-31 18:00:00,AWS_073,27.55288207697254,65.14573647565697,0.0,11.654058245130843,1013.7515531557609,0,Normal
2025-01-31 19:00:00,AWS_073,25.62662470062468,68.95110066850886,0.0,12.643780898117281,1012.7610540110624,0,Normal
2025-01-31 20:00:00,AWS_073,26.132040873368773,70.40314471493095,0.0,12.72861946150597,1013.2636674866592,0,Normal
2025-01-31 21:00:00,AWS_073,25.004080231854633,77.21019353759911,0.0,10.40727612483239,1013.8500021143146,0,Normal
2025-01-31 22:00:00,AWS_073,22.728650553155518,76.03761064123407,0.0,10.362369126089256,1013.7635915507165,0,Normal
2025-01-31 23:00:00,AWS_073,21.628810205186113,79.05242050524167,0.0,11.654141011173952,1014.5275570361553,0,Normal
2025-02-01 00:00:00,AWS_073,22.602775611864843,79.4094390545599,0.0,10.834558105830265,1014.1936021458384,0,Normal
2025-02-01 01:00:00,AWS_073,23.309389701295103,80.20509461965445,0.0,10.676726530859359,1014.1768545736358,0,Normal
2025-02-01 02:00:00,AWS_073,24.431931707889746,73.75217317633191,0.0,14.54097874618548,1013.6014627501139,0,Normal
2025-02-01 03:00:00,AWS_073,24.619749655564412,77.38842134765713,0.0,9.69751751065473,1014.2578213941676,0,Normal
2025-02-01 04:00:00,AWS_073,25.33266485054211,71.14601930477568,0.0,15.032245688706652,1013.2585300136637,0,Normal
2025-02-01 05:00:00,AWS_073,21.700051455359997,71.32221226609191,0.044332743806323245,12.431060945517034,1014.188868554358,1,Noise
2025-02-01 06:00:00,AWS_073,31.58632836431173,64.04367015096769,0.0,13.477199061013966,1013.5617408940705,1,Noise
2025-02-01 07:00:00,AWS_073,35.37642586303685,61.020027151994164,0.0,13.300434071762005,1012.9771817125073,1,Noise
2025-02-01 08:00:00,AWS_073,22.84434219127717,61.32757208013685,0.0,12.923464764168239,1013.9960239604454,1,Noise
2025-02-01 09:00:00,AWS_073,38.388163459348284,53.83872186461445,0.0,14.490862792662545,1014.3964037398196,1,Noise
2025-02-01 10:00:00,AWS_073,33.82195693114136,54.48731871258034,0.0,10.374577100041394,1013.4925564418652,1,Noise
2025-02-01 11:00:00,AWS_073,27.818412278992483,50.589202776793094,0.34515407062999587,11.763719547983197,1014.4754628272053,1,Noise
2025-02-01 12:00:00,AWS_073,34.02780171639379,50.83083766058698,0.0,10.71909967083565,1012.8643351979459,0,Normal
2025-02-01 13:00:00,AWS_073,34.89194968622182,50.651029784486724,0.0,9.454331610973219,1013.0921318691182,0,Normal
2025-02-01 14:00:00,AWS_073,34.166381252097246,53.705322195833666,0.0,11.006668040576933,1013.6153874293211,0,Normal
2025-02-01 15:00:00,AWS_073,33.097689564490146,53.022335056495685,0.0,14.80742813955939,1013.5015896011296,0,Normal
2025-02-01 16:00:00,AWS_073,32.34238785002634,55.53190295396162,0.0,11.738481122783899,1013.351625077081,0,Normal
2025-02-01 17:00:00,AWS_073,30.52979149930077,59.84056194270815,0.0,14.974027378436617,1013.7502499885735,0,Normal
2025-02-01 18:00:00,AWS_073,29.042727602560177,65.19942075264818,0.0,15.127565135928517,1013.4173343932554,0,Normal
2025-02-01 19:00:00,AWS_073,27.4310117410578,68.44064810543715,0.0,16.491588461400582,1013.5003599181445,0,Normal
2025-02-01 20:00:00,AWS_073,25.809318928810328,73.92054975294235,0.0,14.857198912326727,1013.8172765488821,0,Normal
2025-02-01 21:00:00,AWS_073,23.295097221332973,78.21606511744125,0.0,15.53622159219865,1013.342511472836,0,Normal
2025-02-01 22:00:00,AWS_073,23.464983970629916,76.03870438229656,0.0,12.48683745896293,1013.6214858713979,0,Normal
2025-02-01 23:00:00,AWS_073,22.484751431219696,78.02098981110815,0.0,12.341638793721406,1013.349939605403,0,Normal
2025-02-02 00:00:00,AWS_073,21.84917346224374,77.1275211633743,0.0,12.441463723426104,1013.0681122361866,0,Normal
2025-02-02 01:00:00,AWS_073,23.83366817685637,83.54963337585423,0.0,11.999354169499979,1014.0509859882645,0,Normal
2025-02-02 02:00:00,AWS_073,24.46443172306424,78.59972005501024,0.0,12.223809688857864,1014.5212437190069,0,Normal
2025-02-02 03:00:00,AWS_073,25.199131043002275,76.56620635790136,0.0,13.127640899871718,1014.1978432359982,0,Normal
2025-02-02 04:00:00,AWS_073,25.782418497667692,69.8195832299379,0.0,11.30069027771796,1013.8296251624048,0,Normal
2025-02-02 05:00:00,AWS_073,27.88980097445618,68.87994569852405,0.0,9.93302865493129,1013.3412119271778,0,Normal
2025-02-02 06:00:00,AWS_073,28.642620451572956,66.01849596882617,0.0,12.544939101420471,1013.516724958506,0,Normal
2025-02-02 07:00:00,AWS_073,30.313028194876154,60.61219894239334,0.0,10.960347489403913,1014.1869022687843,0,Normal
2025-02-02 08:00:00,AWS_073,30.98539839338645,59.65141124965279,0.0,11.115686272903165,1012.5158547198163,0,Normal
2025-02-02 09:00:00,AWS_073,33.125360984087415,59.017060533487445,0.0,11.785506394226033,1013.4731736036551,0,Normal
2025-02-02 10:00:00,AWS_073,33.87995243213304,50.11549328904552,0.0,11.441459073331247,1014.0200664369181,0,Normal
2025-02-02 11:00:00,AWS_073,33.66457371604069,48.46693811371058,0.0,13.664773246670142,1013.0820721967413,0,Normal
2025-02-02 12:00:00,AWS_073,34.62293197371971,48.24448786894285,0.0,11.749630746183087,1013.8611095912612,0,Normal
2025-02-02 13:00:00,AWS_073,34.40440630743613,53.72351092569696,0.0,13.740449002148875,1013.8361122972682,0,Normal
2025-02-02 14:00:00,AWS_073,34.934415691155436,54.09432957729279,0.0,12.308828350889224,1012.9186528118678,0,Normal
2025-02-02 15:00:00,AWS_073,33.441931364812966,54.12234264661449,0.0,11.86703784897604,1013.6875086004765,0,Normal
2025-02-02 16:00:00,AWS_073,31.672664686279585,57.57311932880174,0.0,12.237187397960557,1013.3334965840279,0,Normal
2025-02-02 17:00:00,AWS_073,30.371017450113747,59.48462707106875,0.0,10.062435131384337,1013.8484673837384,0,Normal
2025-02-02 18:00:00,AWS_073,28.698390218267413,66.78005431548637,1.096899712723541,12.507016912728835,1013.9735103725809,0,Normal
2025-02-02 19:00:00,AWS_073,27.00023075313317,68.1224820283207,0.0,13.273704216313963,1013.8362826373583,0,Normal
2025-02-02 20:00:00,AWS_073,25.028466343288052,71.97984692109,0.0,13.486212997631114,1013.6713056313549,0,Normal
2025-02-02 21:00:00,AWS_073,24.347678717449234,76.82418126085673,0.0,9.971691257007969,1013.7776405630597,0,Normal
2025-02-02 22:00:00,AWS_073,23.04016564460472,77.61439118060014,0.0,9.721495051608304,1013.043366999787,0,Normal
2025-02-02 23:00:00,AWS_073,22.141257849586268,79.01895540734033,0.0,11.194748479427847,1013.6142174304204,0,Normal
2025-02-03 00:00:00,AWS_073,22.99675894642002,80.02115041105814,0.0,14.076978658287473,1013.2295446387375,0,Normal
2025-02-03 01:00:00,AWS_073,23.1322520390236,81.07959822192217,0.0,12.33145500808574,1014.1417477411579,0,Normal
2025-02-03 02:00:00,AWS_073,22.427892228911933,81.28336720773424,0.2992867610434928,10.837953796674952,1013.9657887082204,0,Normal
2025-02-03 03:00:00,AWS_073,24.382837259444994,76.77757418229038,0.0,9.820590136645801,1013.9625607355348,0,Normal
2025-02-03 04:00:00,AWS_073,,74.10662844724854,0.0,10.974016003265914,1014.4772954339629,1,Missing
2025-02-03 05:00:00,AWS_073,,68.48257755233556,0.0,10.872671832242219,1013.453749685579,1,Missing
2025-02-03 06:00:00,AWS_073,,63.584404273662564,0.0,13.403421610206486,1013.3424226709961,1,Missing
2025-02-03 07:00:00,AWS_073,,62.42568678793242,0.0,13.518805855709,1013.4383120862514,1,Missing
2025-02-03 08:00:00,AWS_073,31.207138525752995,57.84248164920114,0.0,10.42512906489778,1012.8121815068284,0,Normal
2025-02-03 09:00:00,AWS_073,32.30959832914712,51.548140984702286,0.0,13.129721299282172,1012.8496935867141,0,Normal
2025-02-03 10:00:00,AWS_073,34.123102122029216,51.35347969638222,0.0,12.976095830823311,1013.9202212589662,0,Normal
2025-02-03 11:00:00,AWS_073,34.74631815342864,50.34531855870087,0.0,10.230425478747009,1012.9102834682549,0,Normal
2025-02-03 12:00:00,AWS_073,35.4986008596663,48.979084265943044,0.0,11.874202812918721,1013.0685802032704,0,Normal
2025-02-03 13:00:00,AWS_073,35.1847505557494,53.47458379474823,0.0,12.511142945861945,1013.5533586730401,0,Normal
2025-02-03 14:00:00,AWS_073,33.84902724763626,52.96929701703785,0.0,12.244746136372388,1013.3962861107348,0,Normal
2025-02-03 15:00:00,AWS_073,32.231331984076235,57.13974811797908,0.0,9.434059379969604,1014.0434065671421,0,Normal
2025-02-03 16:00:00,AWS_073,31.5467522643338,58.02685052330431,0.0,12.19662060607033,1013.6289906934512,0,Normal
2025-02-03 17:00:00,AWS_073,30.424469199606275,61.28048999631235,0.0,12.95421813279514,1013.1977045315726,0,Normal
2025-02-03 18:00:00,AWS_073,28.62296484418995,63.1268043647795,0.0,14.36918386255384,1014.0809333846777,0,Normal
2025-02-03 19:00:00,AWS_073,26.847561223492246,68.90614474293093,0.0,10.996575564903964,1013.9576897602492,0,Normal
2025-02-03 20:00:00,AWS_073,25.901938602135957,72.52610785135089,0.0,11.181550328486244,1012.8859787173808,0,Normal
2025-02-03 21:00:00,AWS_073,24.208186720516906,72.87237394972975,0.0,11.686395554924944,1013.7157793080879,0,Normal
2025-02-03 22:00:00,AWS_073,23.183202902457264,76.91132611722578,0.0,12.43648316848053,1013.2302823227465,0,Normal
2025-02-03 23:00:00,AWS_073,23.150503223211626,78.84232219730329,0.0020967334653360483,12.145147463046609,1013.2152757360501,0,Normal
2025-02-04 00:00:00,AWS_073,22.520981017760572,80.82695908811144,0.0,12.906042261025679,1014.5189250620869,0,Normal
2025-02-04 01:00:00,AWS_073,23.11607290593582,80.41158761830744,1.1602055474242954,10.311757875591486,1013.6444757096463,0,Normal
2025-02-04 02:00:00,AWS_073,23.73592246316643,76.82774409283617,0.0,12.594773575096529,1013.4717422411027,0,Normal
2025-02-04 03:00:00,AWS_073,26.90637095606527,76.54434092288199,0.0,10.886123265472051,1013.621157754837,1,Noise
2025-02-04 04:00:00,AWS_073,24.80755103346224,72.13584214130296,0.0,11.784396719831339,1014.0139721182649,1,Noise
2025-02-04 05:00:00,AWS_073,28.391277692189327,63.14304562682789,0.0,14.561367193373625,1013.2242187823074,1,Noise
2025-02-04 06:00:00,AWS_073,27.642115788862696,64.03059593609692,0.0,9.90192966141149,1013.3077642587124,1,Noise
2025-02-04 07:00:00,AWS_073,28.232493105823046,63.27569160374694,0.0,11.580037736496418,1013.8996923863122,1,Noise
2025-02-04 08:00:00,AWS_073,29.303297164275413,54.13638848674464,0.0,10.087213287836557,1012.8113286173998,1,Noise
2025-02-04 09:00:00,AWS_073,32.57049589946671,54.61878068303287,0.0,12.228724857858534,1014.063074981049,1,Noise
2025-02-04 10:00:00,AWS_073,32.38344547375742,55.180141371603995,0.0,13.571411161456032,1012.7632641846188,1,Noise
2025-02-04 11:00:00,AWS_073,29.978291183115548,48.989886699643016,0.0,12.253481301620718,1013.4411348336101,1,Noise
2025-02-04 12:00:00,AWS_073,38.97678134159874,50.00429816085537,0.0,11.82385962100981,1012.7627651825567,1,Noise
2025-02-04 13:00:00,AWS_073,35.057803037948695,47.90308009120813,0.0,13.991469614959604,1013.0322183657361,1,Noise
2025-02-04 14:00:00,AWS_073,34.23760060321262,55.26408122656056,0.0,12.494550436651805,1014.207339400834,0,Normal
2025-02-04 15:00:00,AWS_073,33.98636007297952,54.22673302820856,0.0,13.228074474852887,1014.0788958814884,0,Normal
2025-02-04 16:00:00,AWS_073,31.133155170758652,57.59325368558803,0.0,13.071538019360702,1014.1304882666569,0,Normal
2025-02-04 17:00:00,AWS_073,30.137819712608945,63.82631525447344,0.0,7.684215824419717,1012.8284923472993,0,Normal
2025-02-04 18:00:00,AWS_073,28.364018471037422,66.32295678929096,0.0,11.883495656678177,1013.0256169833192,0,Normal
2025-02-04 19:00:00,AWS_073,26.729194546827536,67.13102821154432,0.0,10.381307539175094,1013.7192391221852,0,Normal
2025-02-04 20:00:00,AWS_073,25.62592061567343,71.20544415182536,0.0,10.754362221623099,1013.9051185611547,0,Normal
2025-02-04 21:00:00,AWS_073,25.43848822373674,76.59646432684481,0.0,14.210132987223371,1013.1458591557051,0,Normal
2025-02-04 22:00:00,AWS_073,24.7338757920265,76.7421389466407,0.0,11.435959714687424,1013.2543106940145,0,Normal
2025-02-04 23:00:00,AWS_073,22.83343473079263,75.25440077009496,0.0,14.836932475919193,1012.9762521550808,0,Normal
2025-02-05 00:00:00,AWS_073,23.97654490989427,79.89351840272184,0.0,9.886457644490942,1014.3692024229655,0,Normal
2025-02-05 01:00:00,AWS_073,23.062253810089846,76.5284620720864,0.0,10.372392140362653,1013.3007548854033,0,Normal
2025-02-05 02:00:00,AWS_073,24.69547771587906,81.22294456389403,0.0,13.141330281329886,1013.5520311526327,0,Normal
2025-02-05 03:00:00,AWS_073,24.543746825819877,75.96017699332452,0.0,11.485650932677506,1013.5763587274255,0,Normal
2025-02-05 04:00:00,AWS_073,25.923951116241547,70.68964988651285,0.0,12.458601082969725,1014.0854972890816,0,Normal
2025-02-05 05:00:00,AWS_073,27.514635087665916,67.4850208472129,0.0,11.829049647656436,1013.0546036275528,0,Normal
2025-02-05 06:00:00,AWS_073,30.758523671079455,61.22120482425216,0.0,11.783543282846534,1014.1131163869525,0,Normal
2025-02-05 07:00:00,AWS_073,30.917842400910647,58.91879054990118,0.0,11.54094923277609,1012.8877738853969,0,Normal
2025-02-05 08:00:00,AWS_073,31.432741920998343,59.5326464050814,0.0,12.266437016112302,1014.1081418598156,0,Normal
2025-02-05 09:00:00,AWS_073,33.68408243197097,58.85697057318657,0.0,12.959545990021601,1012.6657786413972,0,Normal
2025-02-05 10:00:00,AWS_073,33.84203683548177,53.46241196963134,0.0,14.41861131207584,1013.4692965272955,0,Normal
2025-02-05 11:00:00,AWS_073,34.36762822246866,50.327027528421915,0.0,11.693096753205438,1014.3324381005721,0,Normal
2025-02-05 12:00:00,AWS_073,35.41402215545689,49.136081248692165,0.0,11.406293527141449,1013.8664918984999,0,Normal
2025-02-05 13:00:00,AWS_073,34.68600413905134,48.59812097851125,0.39722397988135644,11.212941994114166,1013.726628562474,0,Normal
2025-02-05 14:00:00,AWS_073,34.23803081177582,56.1291507419129,0.0,14.201191413451227,1012.9899426411927,0,Normal
2025-02-05 15:00:00,AWS_073,33.128698193373744,54.01590087847304,0.0,13.0318822226259,1013.1448916048023,0,Normal
2025-02-05 16:00:00,AWS_073,32.08254830142785,61.731259660125005,0.0,9.147721927365811,1014.1826313742704,0,Normal
2025-02-05 17:00:00,AWS_073,30.691422804918403,63.90475334268232,0.0,9.081466146974769,1013.744743669194,0,Normal
2025-02-05 18:00:00,AWS_073,27.72427792313539,61.518407137307456,0.0,10.750933460211112,1013.9518382307758,0,Normal
2025-02-05 19:00:00,AWS_073,27.73641501525942,67.55038088501922,0.0,12.341109468036615,1013.5417494220823,0,Normal
2025-02-05 20:00:00,AWS_073,25.303100148287843,71.16190975165236,0.0,11.945555059898101,1013.3621249082152,0,Normal
2025-02-05 21:00:00,AWS_073,23.787216259229925,75.44690898958673,0.0,12.767795007604423,1013.8844588266114,0,Normal
2025-02-05 22:00:00,AWS_073,23.66696039667889,77.86975255053908,0.0,11.732326872086897,1013.6289411174831,0,Normal
2025-02-05 23:00:00,AWS_073,23.155914856984065,85.48136558513231,0.0,14.091482992432823,1013.4124204172813,0,Normal
2025-02-06 00:00:00,AWS_073,22.487897668525637,77.84554425105048,0.0,13.153382648078287,1012.7885319367723,0,Normal
2025-02-06 01:00:00,AWS_073,23.60998418468241,79.9468272656648,0.0,12.111439179765547,1013.9706238915276,0,Normal
2025-02-06 02:00:00,AWS_073,22.908379670340178,79.22339654170219,0.0,13.712940048762533,1013.711816408079,0,Normal
2025-02-06 03:00:00,AWS_073,24.425945924545385,75.60345770885982,0.0,9.521426145126256,1013.186804969604,0,Normal
2025-02-06 04:00:00,AWS_073,25.564742549532788,72.72036115556271,0.0,11.867025936082136,1014.0776943366483,0,Normal
2025-02-06 05:00:00,AWS_073,27.33771306724456,66.79266788792464,0.0,12.200756932671876,1013.6081054289727,0,Normal
2025-02-06 06:00:00,AWS_073,29.088809438930184,65.21297238920536,0.0,12.897391636804555,1013.6160290442522,0,Normal
2025-02-06 07:00:00,AWS_073,29.872579034071578,62.14051231581093,0.0,9.421434241102709,1013.9244070944643,0,Normal
2025-02-06 08:00:00,AWS_073,32.36187830030633,58.155201168542256,0.0,11.603417188656763,1013.8149415354659,0,Normal
2025-02-06 09:00:00,AWS_073,33.21065745657185,55.53380009002597,0.0,12.594560992351038,1013.6255536221469,0,Normal
2025-02-06 10:00:00,AWS_073,32.99410516631217,54.83483474450588,0.0,12.709453181590627,1013.3825512523368,0,Normal
2025-02-06 11:00:00,AWS_073,33.55642422725702,52.38504568949266,0.0,13.772742893742587,1014.4668024929776,0,Normal
2025-02-06 12:00:00,AWS_073,34.931534685704776,50.14258922699487,0.0,13.135642215217802,1013.1061958833665,0,Normal
2025-02-06 13:00:00,AWS_073,34.604801444266876,48.16759590189742,0.0,11.901949173160087,1013.8442073333846,0,Normal
2025-02-06 14:00:00,AWS_073,34.07882633405616,50.80960839381118,0.0,13.005510846901194,1013.427416193906,0,Normal
2025-02-06 15:00:00,AWS_073,33.17347478004214,53.954135978366956,0.0,11.690834692141918,1013.694826198109,0,Normal
2025-02-06 16:00:00,AWS_073,32.08585554145973,58.00469166268289,0.0,12.212868942437341,1014.0823038958937,0,Normal
2025-02-06 17:00:00,AWS_073,31.0749182272664,60.161048800463405,0.0,13.184737352245245,1013.3079251215669,0,Normal
2025-02-06 18:00:00,AWS_073,28.289644283767355,63.1285336016313,0.0,11.924406396974831,1013.7627538514386,0,Normal
2025-02-06 19:00:00,AWS_073,26.703101510636444,66.50588829829714,0.0,12.535163811879572,1013.5927349138911,0,Normal
2025-02-06 20:00:00,AWS_073,25.306094412544763,69.19764448188894,0.0,13.433962098566205,1013.1374253686728,0,Normal
2025-02-06 21:00:00,AWS_073,24.89568650686849,75.13670031024907,0.0,13.06006383398487,1014.0852447072256,0,Normal
2025-02-06 22:00:00,AWS_073,24.518680139215355,75.05105017262596,0.0,13.841839871354516,1013.809907448603,0,Normal
2025-02-06 23:00:00,AWS_073,22.91639092825657,77.48783602602123,0.0,15.484118025583467,1013.2351561797244,0,Normal
2025-02-07 00:00:00,AWS_073,21.472613528308024,79.2121962543114,0.0,13.04564867637257,1014.0023448815958,0,Normal
2025-02-07 01:00:00,AWS_073,22.158565115557234,76.81705277555315,0.0,11.299127573571504,1013.032954269188,0,Normal
2025-02-07 02:00:00,AWS_073,23.28342215922975,78.74988543376398,0.2536184285122974,12.758608303506303,1013.4323123187503,0,Normal
2025-02-07 03:00:00,AWS_073,24.404997887973696,77.0870478450096,0.0,12.693906634465804,1013.2302821445732,0,Normal
2025-02-07 04:00:00,AWS_073,,71.4011459604492,0.0,12.910748274905112,1013.8186639246794,1,Missing
2025-02-07 05:00:00,AWS_073,,68.0082310613178,0.0,14.232807777461977,1013.2012793783515,1,Missing
2025-02-07 06:00:00,AWS_073,,66.07485954027815,0.0,9.463915262255597,1013.8184749991482,1,Missing
2025-02-07 07:00:00,AWS_073,,59.68972412899283,0.0,14.260636579114546,1013.734575156084,1,Missing
2025-02-07 08:00:00,AWS_073,,55.93453217680541,0.0,14.76529990796251,1013.2478314157484,1,Missing
2025-02-07 09:00:00,AWS_073,32.7247692996043,56.786395238574364,0.0,12.841573562008566,1014.348424951364,0,Normal
2025-02-07 10:00:00,AWS_073,34.48586565507376,53.77799442065899,0.0,12.877461097744872,1013.0590582594428,0,Normal
2025-02-07 11:00:00,AWS_073,33.879424601509996,51.714212610351815,0.0,11.626580121514447,1012.7252772334052,0,Normal
2025-02-07 12:00:00,AWS_073,35.24193533931661,51.851289242788184,0.0,11.99832012141749,1013.8559418013303,0,Normal
2025-02-07 13:00:00,AWS_073,34.868071066930945,46.55655515492925,0.0,13.0355471276083,1012.3512954845713,0,Normal
2025-02-07 14:00:00,AWS_073,34.12153346152213,54.717290036819634,0.0,12.938730178250832,1014.1700143564801,0,Normal
2025-02-07 15:00:00,AWS_073,34.21231366747775,55.17752251536927,0.0,13.069246832437127,1013.4730886372822,0,Normal
2025-02-07 16:00:00,AWS_073,31.646242080219736,59.521562768011464,0.0,12.927963691413947,1012.7068241856498,0,Normal
2025-02-07 17:00:00,AWS_073,31.811517398207965,61.89203788169492,0.0,13.335322340153729,1012.9441887651511,0,Normal
2025-02-07 18:00:00,AWS_073,28.890021478707386,65.09784964936031,0.0,13.167484877318934,1012.5994802422492,0,Normal
2025-02-07 19:00:00,AWS_073,26.709010777227494,68.3316672518137,0.0,10.450761316435706,1013.6060688912302,0,Normal
2025-02-07 20:00:00,AWS_073,26.072939672148255,73.2342887537724,0.10491036773806996,13.235456770275382,1012.749272436485,0,Normal
2025-02-07 21:00:00,AWS_073,24.14545156564576,74.98310589998911,0.0,14.77470296914591,1013.6618754176391,0,Normal
2025-02-07 22:00:00,AWS_073,23.3894833301779,79.7261332568968,0.0,11.946649205035992,1013.2565194810584,0,Normal
2025-02-07 23:00:00,AWS_073,23.482202610209075,76.31597410523162,0.0,14.2355734924501,1013.1693494163345,0,Normal
2025-02-08 00:00:00,AWS_073,23.375733603765706,78.91684827641144,0.0,10.610172807297339,1013.6598036756656,0,Normal
2025-02-08 01:00:00,AWS_073,22.876373970145437,83.57853389128931,0.0,11.94123196374081,1013.7149848399597,0,Normal
2025-02-08 02:00:00,AWS_073,24.44436384316198,76.7382201296218,0.0,11.023896750860207,1013.9742283721739,0,Normal
2025-02-08 03:00:00,AWS_073,25.502779209231196,75.12923427167125,0.0,14.054221892180475,1013.0825348081152,0,Normal
2025-02-08 04:00:00,AWS_073,26.91553678859934,70.73483813329985,0.0,14.4458588298046,1013.3826155650318,0,Normal
2025-02-08 05:00:00,AWS_073,27.821328430410453,69.55397702230945,0.0,11.836101752509851,1013.0779523312601,0,Normal
2025-02-08 06:00:00,AWS_073,29.87748923359504,63.52747021971561,0.0,13.74123810101479,1013.4752045184745,0,Normal
2025-02-08 07:00:00,AWS_073,29.48670299581279,60.746492453848084,0.03571113924649252,14.460333593317454,1013.002660104233,0,Normal
2025-02-08 08:00:00,AWS_073,31.874358053029614,59.19773307207014,0.0,11.934761149149738,1013.177850031757,0,Normal
2025-02-08 09:00:00,AWS_073,32.79037213888453,52.99587144457215,0.0,12.178510588737641,1013.178490877214,0,Normal
2025-02-08 10:00:00,AWS_073,34.33845358996573,53.58684118176386,0.0,13.084047910884538,1013.5327636251395,0,Normal
2025-02-08 11:00:00,AWS_073,34.526280542036694,52.15557123678469,0.0,10.719557520150396,1013.3856519446855,0,Normal
2025-02-08 12:00:00,AWS_073,34.9767282946468,52.10991218943859,0.0,12.148248471958233,1013.6354158597927,0,Normal
2025-02-08 13:00:00,AWS_073,36.0041091869736,50.79219459550006,0.0,15.197018275998683,1013.3268566505556,0,Normal
2025-02-08 14:00:00,AWS_073,34.17639456312109,58.49213709718699,0.25203757803326815,11.23255082486958,1013.0885677828068,0,Normal
2025-02-08 15:00:00,AWS_073,33.57581322724661,56.50246567528595,0.0,13.263041905981023,1013.4721740302691,0,Normal
2025-02-08 16:00:00,AWS_073,31.948357096349383,58.14975524881365,0.0,12.767738605068137,1012.9160283672029,0,Normal
2025-02-08 17:00:00,AWS_073,30.688880893676505,59.36586549529873,0.0,11.736110415153917,1013.6572862968591,0,Normal
2025-02-08 18:00:00,AWS_073,29.09696702457416,64.80588174825172,0.0,12.313967211462788,1013.2280611388552,0,Normal
2025-02-08 19:00:00,AWS_073,27.81225395989847,71.73493963033788,0.0,14.610137704484156,1013.4711390763371,0,Normal
2025-02-08 20:00:00,AWS_073,26.79817349401801,75.91906923125254,0.0,12.811324734948606,1013.4769763083763,0,Normal
2025-02-08 21:00:00,AWS_073,25.84759827158695,78.56325991867867,0.0,13.04537609934796,1014.1658212792643,0,Normal
2025-02-08 22:00:00,AWS_073,24.094234178284687,79.56076567022582,0.0,14.381658710326361,1013.5539239167582,0,Normal
2025-02-08 23:00:00,AWS_073,23.665598120234755,76.97756698174487,0.0,11.54596466420593,1013.3978243701403,0,Normal
2025-02-09 00:00:00,AWS_073,22.419715036692995,80.97432363565134,0.0,10.409420961109257,1013.0131116110133,0,Normal
2025-02-09 01:00:00,AWS_073,23.264759934786635,77.00608263823003,0.0,14.632025371970318,1013.7585710264431,0,Normal
2025-02-09 02:00:00,AWS_073,24.48386778842538,75.01543867000507,0.0,12.183995869936155,1013.2203564184891,0,Normal
2025-02-09 03:00:00,AWS_073,25.395591019386295,76.0849190869527,0.20972571447735872,13.319321335510123,1012.5907991381204,0,Normal
2025-02-09 04:00:00,AWS_073,26.248418749965193,73.54639889453951,0.004221956774822601,10.835131099140952,1013.2540744359995,0,Normal
2025-02-09 05:00:00,AWS_073,28.103175796384424,70.68903987349941,0.18965608340198417,12.561117105879777,1013.4454420850075,0,Normal
2025-02-09 06:00:00,AWS_073,29.42151289032252,65.99427248077218,0.0,10.332629194468351,1012.9385222853251,0,Normal
2025-02-09 07:00:00,AWS_073,31.40294845542119,62.18088629494768,0.0,12.073336808567912,1013.2867622345484,0,Normal
2025-02-09 08:00:00,AWS_073,32.30626187876652,55.53069483001525,0.0,11.00553890204204,1013.3081875293435,0,Normal
2025-02-09 09:00:00,AWS_073,33.164662425489844,54.18344491283246,0.0,10.66063676204944,1013.3140508696974,0,Normal
2025-02-09 10:00:00,AWS_073,34.535890634642115,48.995385371964446,0.0,11.522126798910435,1013.9574009304526,0,Normal
2025-02-09 11:00:00,AWS_073,33.17822290556571,46.504374346863585,0.0,8.536415331138484,1012.682375554345,0,Normal
2025-02-09 12:00:00,AWS_073,35.3735455148102,51.481285419686145,1.205347239274099,10.236336085805618,1014.3531295154455,0,Normal
2025-02-09 13:00:00,AWS_073,32.75310921785473,49.00486381808206,0.0,13.149497378153466,1013.3178837392368,0,Normal
2025-02-09 14:00:00,AWS_073,33.311462596982146,53.754615947519525,0.0,12.497060083946886,1013.6224794433438,0,Normal
2025-02-09 15:00:00,AWS_073,33.66587470963835,56.610093437961865,0.0,10.36396238977736,1013.3943637012186,0,Normal
2025-02-09 16:00:00,AWS_073,32.44147348588382,56.2613653507536,0.0,12.796733429911935,1012.4655048391886,0,Normal
2025-02-09 17:00:00,AWS_073,30.013194284525966,62.298336512572796,0.5720407233808058,10.657281688041154,1012.7982981712312,0,Normal
2025-02-09 18:00:00,AWS_073,28.73325583080938,63.67768654277272,0.0,13.057223277670879,1013.0625187500823,0,Normal
2025-02-09 19:00:00,AWS_073,28.43270552647284,65.19052792728415,0.0,11.800492993033501,1013.819585608654,0,Normal
2025-02-09 20:00:00,AWS_073,25.87565364557017,72.74661880888492,0.15341374626563403,11.485938964374604,1012.6286334609258,0,Normal
2025-02-09 21:00:00,AWS_073,26.271958116613725,74.66485395836669,0.0,11.836698296838827,1012.8909929649898,0,Normal
2025-02-09 22:00:00,AWS_073,23.974315543211787,77.11020303559232,0.0,15.812254415795302,1013.3993540698576,0,Normal
2025-02-09 23:00:00,AWS_073,23.623658256080432,83.43957363002707,0.0,10.834425405950558,1013.5514231673112,0,Normal
2025-02-10 00:00:00,AWS_073,24.14728614355005,76.94828603453466,0.0,12.312129595313465,1013.5344209990246,0,Normal
2025-02-10 01:00:00,AWS_073,23.462991178675228,80.25462966507897,0.0,13.144006527247635,1012.8191229454192,0,Normal
2025-02-10 02:00:00,AWS_073,23.385137781868863,76.00076658247708,0.0,10.527994013060189,1012.510194089336,0,Normal
2025-02-10 03:00:00,AWS_073,24.876984523780823,77.42312453633286,0.39346635380028167,9.579884311033538,1013.5767831846632,0,Normal
2025-02-10 04:00:00,AWS_073,26.16685869033712,73.09686247235013,0.0,11.069279590088417,1014.0218782549222,0,Normal
2025-02-10 05:00:00,AWS_073,26.81922768003571,69.64097437489903,0.0,13.10977530070172,1013.1307277260273,0,Normal
2025-02-10 06:00:00,AWS_073,29.040247867453143,63.11022076479548,0.0,11.457226973248401,1012.7290968705,0,Normal
2025-02-10 07:00:00,AWS_073,30.304104649705433,59.58653849688554,0.0,11.623222863076565,1013.0845608609978,0,Normal
2025-02-10 08:00:00,AWS_073,32.753877170558475,59.35450101469177,0.0,13.335683803988637,1013.4945925498696,0,Normal
2025-02-10 09:00:00,AWS_073,33.465425562741515,57.93499372565691,0.0,10.75966023257709,1013.1790492581928,0,Normal
2025-02-10 10:00:00,AWS_073,34.2312463118846,52.970234577681794,0.0,11.835685367887882,1013.9972765641975,0,Normal
2025-02-10 11:00:00,AWS_073,34.93936907685653,48.71627116412111,0.0,9.697698213621727,1013.7542233444547,0,Normal
2025-02-10 12:00:00,AWS_073,35.34414677722652,50.67787704492414,0.0,12.449177766062238,1013.38196459462,0,Normal
2025-02-10 13:00:00,AWS_073,35.37866568086132,55.36605669433919,0.0,12.311997144774956,1012.3106910249203,0,Normal
2025-02-10 14:00:00,AWS_073,33.81209427297726,52.214464564671246,0.0,13.160676296880732,1012.9397769109831,0,Normal
2025-02-10 15:00:00,AWS_073,32.836202624793806,57.31708000098899,0.0,10.249120927776774,1013.0099531513512,0,Normal
2025-02-10 16:00:00,AWS_073,32.884065720467255,56.01934126832257,0.0,11.678804988914226,1012.9087112522723,0,Normal
2025-02-10 17:00:00,AWS_073,30.529512355288396,61.033542220189425,0.0,10.048560013499332,1013.3754841480534,0,Normal
2025-02-10 18:00:00,AWS_073,28.376635310589627,66.23913041225109,0.0,11.596732678582201,1013.3838481631169,0,Normal
2025-02-10 19:00:00,AWS_073,27.94285261928559,69.67694229306353,0.0,14.188199934314373,1012.4391426414547,0,Normal
2025-02-10 20:00:00,AWS_073,26.510238184576068,70.96722263977767,0.0,11.484011760428398,1013.6765314029526,0,Normal
2025-02-10 21:00:00,AWS_073,24.07388183332317,73.98756680353702,0.0,9.915882191352981,1013.2803458659336,0,Normal
2025-02-10 22:00:00,AWS_073,24.179221990955206,79.9669498629719,0.0,10.944562023878156,1013.449155705834,0,Normal
2025-02-10 23:00:00,AWS_073,23.886212326034272,81.8719890196363,0.0,9.547570125319705,1013.6407984992867,0,Normal
2025-02-11 00:00:00,AWS_073,23.467779676198663,83.02428711624384,0.0,10.019953472021994,1012.8829501524219,0,Normal
2025-02-11 01:00:00,AWS_073,23.829510446091177,83.09674836084176,0.0,12.969706087143493,1013.8939368854593,0,Normal
2025-02-11 02:00:00,AWS_073,23.20988967052829,78.25961992941177,0.0,9.793411646604236,1013.1916356404411,0,Normal
2025-02-11 03:00:00,AWS_073,25.207312325212264,74.98420322933502,0.0,12.430938186206346,1014.016853760929,0,Normal
2025-02-11 04:00:00,AWS_073,26.072480758217754,75.20198187755693,0.0,12.000666074005423,1012.811661010148,0,Normal
2025-02-11 05:00:00,AWS_073,27.414186268536817,70.30842424024098,0.0,11.164364407732297,1013.9757969638839,0,Normal
2025-02-11 06:00:00,AWS_073,29.781828345045398,63.035089482664816,0.0,12.302284434536254,1012.8027274343563,0,Normal
2025-02-11 07:00:00,AWS_073,31.702692624540695,59.050442992424365,0.0,10.55436784559696,1014.5271552304616,0,Normal
2025-02-11 08:00:00,AWS_073,33.34155267013069,58.483860402712615,0.0,13.22172531832308,1012.7748922015886,0,Normal
2025-02-11 09:00:00,AWS_073,34.29917135756696,54.03884895923379,0.0,10.912544839191593,1013.777146296139,0,Normal
2025-02-11 10:00:00,AWS_073,34.40067149037358,51.95675903375202,0.0,11.380099486817802,1013.065699034211,0,Normal
2025-02-11 11:00:00,AWS_073,35.28025857882744,52.65617933508437,0.0,11.201215807229572,1013.6024499065584,0,Normal
2025-02-11 12:00:00,AWS_073,35.73587550911597,51.51807428997007,0.0,12.993043120662685,1013.2227181093591,0,Normal
2025-02-11 13:00:00,AWS_073,35.146752090869434,53.17085910250084,0.0,12.775087066379584,1012.6954067439738,0,Normal
2025-02-11 14:00:00,AWS_073,34.55580818986709,48.14654673048669,0.0,8.025455832846871,1011.8406475032763,0,Normal
2025-02-11 15:00:00,AWS_073,34.020795023472395,54.90019411664419,0.0,12.338956335530101,1014.4908942428582,0,Normal
2025-02-11 16:00:00,AWS_073,32.251036382989675,58.88937704479441,0.0,9.340284996732478,1013.2716540839588,0,Normal
2025-02-11 17:00:00,AWS_073,30.4046499019471,58.064542610086825,0.0,11.444771953737769,1011.7614156731435,0,Normal
2025-02-11 18:00:00,AWS_073,29.043324083988733,63.69020871738005,0.0,11.7940717313607,1013.382523121879,0,Normal
2025-02-11 19:00:00,AWS_073,28.12213831624346,67.20131535187997,0.0,11.427821626267779,1013.5740496200355,0,Normal
2025-02-11 20:00:00,AWS_073,26.299199076672192,72.54339634211983,0.0,12.706711975142271,1012.8697527407345,0,Normal
2025-02-11 21:00:00,AWS_073,25.26158344630624,78.86230965518634,0.0,13.035170127604204,1012.8711520728675,0,Normal
2025-02-11 22:00:00,AWS_073,24.508686617503432,82.03555986609638,0.0,10.794426691029743,1013.2134439972444,0,Normal
2025-02-11 23:00:00,AWS_073,23.285023307846313,77.86031228818945,0.0,10.739497943790404,1013.8226969857184,0,Normal
2025-02-12 00:00:00,AWS_073,23.761921989389275,81.05311450098715,0.0,11.899805150061459,1013.2694142514605,0,Normal
2025-02-12 01:00:00,AWS_073,23.742611941521815,80.60648309862064,0.0,9.63772535864425,1013.9490805375821,0,Normal
2025-02-12 02:00:00,AWS_073,23.37650760499216,78.76563259979608,0.019710361905657687,11.237418481838924,1013.7811105391993,0,Normal
2025-02-12 03:00:00,AWS_073,25.938974905415215,76.40456098727668,0.0,13.974562126227493,1013.0991410079994,0,Normal
2025-02-12 04:00:00,AWS_073,26.018469003477016,73.10748500490266,0.0,9.692552426481853,1012.4263033334172,0,Normal
2025-02-12 05:00:00,AWS_073,26.775625797664322,72.25742591815064,0.0,11.441383100332187,1013.0962609881966,0,Normal
2025-02-12 06:00:00,AWS_073,28.69725076406965,67.20493302873612,0.0,11.062661751992882,1013.4708681800844,0,Normal
2025-02-12 07:00:00,AWS_073,37.11560587703042,58.99740652826566,0.0,14.958566592866378,1013.2356036690932,1,Noise
2025-02-12 08:00:00,AWS_073,29.686387335023024,59.0914421617611,0.0,11.143422727718452,1013.5208986775035,1,Noise
2025-02-12 09:00:00,AWS_073,38.04852552342635,56.17814503122469,0.0,11.23004594439651,1013.6334249612389,1,Noise
2025-02-12 10:00:00,AWS_073,28.276830677873775,52.639553517536996,0.0,10.403160583448786,1013.4651723431439,1,Noise
2025-02-12 11:00:00,AWS_073,37.16904621496668,52.77396134666943,0.0,11.962834351458907,1013.0601062654622,1,Noise
2025-02-12 12:00:00,AWS_073,37.09427316841727,50.37614806859808,0.0,12.353643868074498,1013.4557391398318,1,Noise
2025-02-12 13:00:00,AWS_073,38.82183474250393,50.91204804781648,0.0,10.619203122250605,1014.311565762758,1,Noise
2025-02-12 14:00:00,AWS_073,40.759636101834445,52.25210003258751,0.0,13.430554671850919,1012.4469094971414,1,Noise
2025-02-12 15:00:00,AWS_073,30.706119947416045,50.35691011060245,0.0,12.353601393473555,1013.4335180282474,1,Noise
2025-02-12 16:00:00,AWS_073,33.16930694017884,57.339203212188245,0.0,13.224388435885173,1014.1039003425116,1,Noise
2025-02-12 17:00:00,AWS_073,25.221622465450487,59.78121317455305,0.0,11.453867726337908,1012.5986274959974,1,Noise
2025-02-12 18:00:00,AWS_073,22.53651394725348,62.627104043614885,0.0,12.310376969699977,1013.6844957239091,1,Noise
2025-02-12 19:00:00,AWS_073,25.51434052278606,71.75032224601685,0.0,11.625483156463929,1013.7493268751232,1,Noise
2025-02-12 20:00:00,AWS_073,27.996142118335264,73.50841503706891,0.0,14.131175618813854,1012.4415671421641,1,Noise
2025-02-12 21:00:00,AWS_073,25.748945407264095,75.54693955590912,0.0,12.118572867069972,1013.5341924365486,0,Normal
2025-02-12 22:00:00,AWS_073,24.883347129919855,76.86077435456173,0.0,11.956828920801502,1013.0403743824402,0,Normal
2025-02-12 23:00:00,AWS_073,23.695679443550397,80.0812265635935,0.0,11.255854308238888,1013.1438295834257,0,Normal
2025-02-13 00:00:00,AWS_073,23.072001447726585,81.98287218663502,0.09995534912322387,11.168789140876196,1013.0095946637279,0,Normal
2025-02-13 01:00:00,AWS_073,23.87040679091821,77.83495570724213,0.23879176280731776,12.298832950255635,1013.8264355137278,0,Normal
2025-02-13 02:00:00,AWS_073,23.86460732675175,77.98072431221335,0.25731344647454624,13.171144250385069,1013.1120487975189,0,Normal
2025-02-13 03:00:00,AWS_073,25.136677567001932,77.34273471550055,0.0,10.914437109888043,1012.9344702791561,0,Normal
2025-02-13 04:00:00,AWS_073,26.974477409344424,68.62799774183173,0.0,12.130652340317097,1012.9409564286474,0,Normal
2025-02-13 05:00:00,AWS_073,27.497858574827323,68.76714615172699,0.0,12.216544801506366,1012.9916657473057,0,Normal
2025-02-13 06:00:00,AWS_073,29.871481128778946,64.14141725890492,0.0,12.477340952844518,1012.6204089073316,0,Normal
2025-02-13 07:00:00,AWS_073,31.350065586233203,60.85005460795212,0.0,9.37805416192665,1012.9221249836944,0,Normal
2025-02-13 08:00:00,AWS_073,31.820470208908965,56.4967428872562,0.0,10.551700774976732,1013.2150415741698,0,Normal
2025-02-13 09:00:00,AWS_073,34.22295552228196,54.66864749261638,0.0,9.889532077831394,1013.3564116263263,0,Normal
2025-02-13 10:00:00,AWS_073,35.013901900111954,55.85687338407885,0.0,11.987122505366164,1013.7542540059732,0,Normal
2025-02-13 11:00:00,AWS_073,35.25794972384231,49.86326765780687,0.0,10.585830792089421,1013.2707368947608,0,Normal
2025-02-13 12:00:00,AWS_073,34.94647297256849,50.583422018188216,0.0,11.192422125242963,1012.9110249563736,0,Normal
2025-02-13 13:00:00,AWS_073,34.68652445652192,54.5006054424822,0.0,10.144853947657719,1012.6407516097131,0,Normal
2025-02-13 14:00:00,AWS_073,34.282672296541435,50.90958778648831,0.23967694225827252,11.330908833357789,1013.2915262427615,0,Normal
2025-02-13 15:00:00,AWS_073,33.97993734126073,58.022748980059724,0.0,10.249095118074386,1013.0836080190295,0,Normal
2025-02-13 16:00:00,AWS_073,31.840985676711764,57.51064601325421,0.0,13.071598039216529,1013.0981448067874,0,Normal
2025-02-13 17:00:00,AWS_073,31.232401441374375,64.68150677519205,0.0,12.653060162861575,1013.2695776201142,0,Normal
2025-02-13 18:00:00,AWS_073,28.67454379079602,66.50040224989264,0.014498584082454755,12.159042938383443,1013.396016249292,0,Normal
2025-02-13 19:00:00,AWS_073,27.746857214134852,69.49650240170264,0.0,11.480264905924473,1013.2691975832752,0,Normal
2025-02-13 20:00:00,AWS_073,26.490615054856843,72.36873863622682,0.0,8.8761244118025,1013.0470785985549,0,Normal
2025-02-13 21:00:00,AWS_073,26.651875806791907,74.35851883803979,0.0,11.244819360632619,1012.7296538445835,0,Normal
2025-02-13 22:00:00,AWS_073,23.40750683234086,78.14196415669528,0.0,10.789417198039386,1012.821958877078,0,Normal
2025-02-13 23:00:00,AWS_073,24.520310907380868,81.28361031237607,0.0,12.301984031512822,1013.5504871084983,0,Normal
2025-02-14 00:00:00,AWS_073,23.525169284510703,79.97377713800665,0.0,12.860102128486023,1012.9125694316912,0,Normal
2025-02-14 01:00:00,AWS_073,23.889016972785242,78.85564178421231,0.0,12.416957016578207,1012.4493459311852,0,Normal
2025-02-14 02:00:00,AWS_073,24.315328279982577,77.48881598841103,0.0,13.824030112256146,1013.7001588672615,0,Normal
2025-02-14 03:00:00,AWS_073,25.467268763415586,77.59155494496432,0.0,11.076463901160318,1012.6471859031054,0,Normal
2025-02-14 04:00:00,AWS_073,26.353461930638883,74.95032291019972,0.0,11.013732013649147,1013.1340017484805,0,Normal
2025-02-14 05:00:00,AWS_073,28.76778669249332,67.54798464900107,0.0,13.484671740874116,1013.3599622122061,0,Normal
2025-02-14 06:00:00,AWS_073,29.176984254680026,63.66282428510502,0.0,12.176635530494119,1013.1139917570905,0,Normal
2025-02-14 07:00:00,AWS_073,31.68571626678586,61.87643216279641,0.0,11.556267348596373,1011.8713149489099,0,Normal
2025-02-14 08:00:00,AWS_073,32.069433515716455,60.55506412951451,0.0,14.695999677311395,1013.3036286512652,0,Normal
2025-02-14 09:00:00,AWS_073,33.66513412410288,56.685378898826905,0.0,12.792264261721177,1013.7696164640013,0,Normal
2025-02-14 10:00:00,AWS_073,34.01420841380314,49.505914518873595,0.0,11.639300640825075,1013.4976505697246,0,Normal
2025-02-14 11:00:00,AWS_073,35.53238990939406,49.98296066568025,0.0,10.895646123019157,1012.0403865133516,0,Normal
2025-02-14 12:00:00,AWS_073,36.33348170859081,48.13879289062098,0.0,13.91377677359946,1014.1640041473431,0,Normal
2025-02-14 13:00:00,AWS_073,35.21813101593367,49.97608756183346,0.0,12.233945701547173,1012.4354541252648,0,Normal
2025-02-14 14:00:00,AWS_073,34.549592616576916,55.21843893530413,0.0,11.95966593505165,1012.5571675217275,0,Normal
2025-02-14 15:00:00,AWS_073,33.048022183387715,51.54819698463575,0.0,12.936743564288209,1013.485312834594,0,Normal
2025-02-14 16:00:00,AWS_073,32.33915435568274,54.26226941343961,0.0,13.241897057867263,1013.3187909865356,0,Normal
2025-02-14 17:00:00,AWS_073,30.07654414766322,59.46060601659499,0.0,12.74600458121251,1013.1305334749928,0,Normal
2025-02-14 18:00:00,AWS_073,28.934154335953068,65.57462120515198,0.0,13.246595282514097,1012.8036579016086,0,Normal
2025-02-14 19:00:00,AWS_073,28.067611388849944,70.12379531781932,0.0,12.597123755002423,1013.7517839272376,0,Normal
2025-02-14 20:00:00,AWS_073,27.27843306164787,73.37489686972306,0.0,12.75182637266125,1013.0646866195615,0,Normal
2025-02-14 21:00:00,AWS_073,26.932480289890393,77.95797252426024,0.0,10.82145997969769,1012.2994344635152,0,Normal
2025-02-14 22:00:00,AWS_073,23.944058508535417,74.46420986829872,0.0,14.633871832710689,1013.69648581017,0,Normal
2025-02-14 23:00:00,AWS_073,24.560352843972854,81.8655604710539,0.0,10.067248254290591,1013.1879706427281,0,Normal
2025-02-15 00:00:00,AWS_073,23.643543123499224,79.37580935990742,0.0,12.381249881483175,1013.6338232561956,0,Normal
2025-02-15 01:00:00,AWS_073,23.613550217798025,80.95187601394575,0.0,9.911451074195664,1013.3605854168634,0,Normal
2025-02-15 02:00:00,AWS_073,24.56581833969703,75.34353020324018,0.0,11.768824740001865,1014.2681131281322,0,Normal
2025-02-15 03:00:00,AWS_073,25.299481820392863,75.61651511181635,0.0,11.058491563611849,1012.9153067173708,0,Normal
2025-02-15 04:00:00,AWS_073,26.57376677543994,72.97254154117803,0.15463339402423146,12.118477985255474,1013.076328021543,0,Normal
2025-02-15 05:00:00,AWS_073,27.712170090046822,71.19378775153464,0.0,12.42689084407125,1013.4261857208897,0,Normal
2025-02-15 06:00:00,AWS_073,28.673771574966473,61.82949075478447,0.0,10.479161897611398,1012.9123627054806,0,Normal
2025-02-15 07:00:00,AWS_073,30.141927825324526,61.17921942053199,0.0,11.868946886322142,1013.4635656047549,0,Normal
2025-02-15 08:00:00,AWS_073,32.90968510314473,55.32952941771571,0.0,14.00298400596339,1011.5865275728182,0,Normal
2025-02-15 09:00:00,AWS_073,33.596906493462065,55.40439037061834,0.012497324234852515,9.943477116746045,1013.0218292879237,0,Normal
2025-02-15 10:00:00,AWS_073,34.36133081947954,53.56405201614567,0.0,10.630194187471815,1013.0047109471154,0,Normal
2025-02-15 11:00:00,AWS_073,35.32603413415175,53.08545309068015,0.0,13.201804879110638,1012.9845852969407,0,Normal
2025-02-15 12:00:00,AWS_073,36.00487740228527,48.92994109138325,0.0,12.026401181245703,1012.6137146093266,0,Normal
2025-02-15 13:00:00,AWS_073,35.434231809266315,52.36556557704156,0.0,12.136195398677774,1013.5032241414467,0,Normal
2025-02-15 14:00:00,AWS_073,34.33551656533908,54.731422118187524,0.0,13.442308558282438,1012.7959244086137,0,Normal
2025-02-15 15:00:00,AWS_073,34.51395036644139,51.10690434249085,0.0,10.717142002900463,1013.1462675796323,0,Normal
2025-02-15 16:00:00,AWS_073,33.48558019014711,58.724689840196895,0.0,11.128630220170212,1013.0255315806436,0,Normal
2025-02-15 17:00:00,AWS_073,31.39025031439789,63.03473683102241,0.0,10.94305626501464,1013.2922779881778,0,Normal
2025-02-15 18:00:00,AWS_073,30.127331498128754,64.48254722722513,0.0,11.38409848310532,1013.7555582313364,0,Normal
2025-02-15 19:00:00,AWS_073,28.737924636728753,66.46073852148758,0.0,13.915068161236327,1013.1356111720464,0,Normal
2025-02-15 20:00:00,AWS_073,27.2262501929303,74.38591151221932,0.0,9.353544860864517,1013.4567386361459,0,Normal
2025-02-15 21:00:00,AWS_073,25.676535290666198,73.2075840626827,0.0,10.113214749071963,1013.1064555543893,0,Normal
2025-02-15 22:00:00,AWS_073,24.716096318785382,77.63367818774478,0.0,9.855394317052415,1012.7789961850586,0,Normal
2025-02-15 23:00:00,AWS_073,24.07200411325009,79.40863927872935,0.0,14.005833788166616,1012.9592007963715,0,Normal
2025-02-16 00:00:00,AWS_073,22.899880506680645,81.431076103408,0.0,10.981064896145952,1012.8861871266865,0,Normal
2025-02-16 01:00:00,AWS_073,24.185680601628615,78.23562427531095,0.0,11.412024257361598,1013.3100176072608,0,Normal
2025-02-16 02:00:00,AWS_073,23.553677581813535,76.62121367911087,0.0,9.479451380460901,1013.0772402585355,0,Normal
2025-02-16 03:00:00,AWS_073,24.846432915766286,75.80443267532443,0.0,11.50718950683153,1012.6247591154572,0,Normal
2025-02-16 04:00:00,AWS_073,27.35048537093183,74.51278095523949,0.0,13.199915049292564,1012.9088869182966,0,Normal
2025-02-16 05:00:00,AWS_073,28.522075375763748,73.4571856778441,0.0,12.278929940926613,1012.254885819749,0,Normal
2025-02-16 06:00:00,AWS_073,30.465805904026322,61.98503760044245,0.0,11.737058185923406,1012.9235181702556,0,Normal
2025-02-16 07:00:00,AWS_073,30.96578411371612,61.74839835903534,0.12745772303421243,9.550883863243845,1013.0144477712284,0,Normal
2025-02-16 08:00:00,AWS_073,31.88703087200194,55.32692994753142,0.0,11.405639903535883,1013.9159934886079,0,Normal
2025-02-16 09:00:00,AWS_073,33.6792624081667,56.43102076861527,0.0,12.117294058320693,1013.683969449461,0,Normal
2025-02-16 10:00:00,AWS_073,34.84075726064108,50.13252984861495,0.0,10.408536500005994,1012.4906796313669,0,Normal
2025-02-16 11:00:00,AWS_073,35.42883442392066,49.16181616929933,0.0,12.877960391170337,1013.1065746325776,0,Normal
2025-02-16 12:00:00,AWS_073,36.26859285563383,48.821458281872005,0.0,13.222574338676637,1013.113317555307,0,Normal
2025-02-16 13:00:00,AWS_073,35.169673757029855,50.35871472822436,0.0,11.101344316426854,1012.8864156808539,0,Normal
2025-02-16 14:00:00,AWS_073,35.000748798639385,52.65601413695084,0.0,12.982409527294497,1012.9162615384853,0,Normal
2025-02-16 15:00:00,AWS_073,33.24533288021541,55.36080106941881,0.0,11.728393694507371,1012.8206018587124,0,Normal
2025-02-16 16:00:00,AWS_073,32.86854978955902,57.48846490763442,0.0,13.613049914404247,1013.9319013900194,0,Normal
2025-02-16 17:00:00,AWS_073,31.155627912223558,58.45793227858103,0.0,14.9429067809715,1012.7854249239111,0,Normal
2025-02-16 18:00:00,AWS_073,29.153447744798598,66.45557230062037,0.0,10.25051841471926,1013.1619550153534,0,Normal
2025-02-16 19:00:00,AWS_073,27.911409242349876,68.77636834921175,0.0,13.044577087901953,1011.724940259535,0,Normal
2025-02-16 20:00:00,AWS_073,26.4977992098111,74.8234695800294,0.0,13.84712917535966,1013.3992078919099,0,Normal
2025-02-16 21:00:00,AWS_073,25.20605256412106,74.19112415883833,0.0,10.432991658035958,1013.577518969657,0,Normal
2025-02-16 22:00:00,AWS_073,25.479918465014272,74.78583160206459,0.0,11.025659007943151,1012.4573439103567,0,Normal
2025-02-16 23:00:00,AWS_073,23.761121537878413,79.42083538896986,0.0,11.008100204239863,1012.7253824028404,0,Normal
2025-02-17 00:00:00,AWS_073,23.47188252537316,82.59190537656853,0.0,11.687817835043937,1013.2050438860728,0,Normal
2025-02-17 01:00:00,AWS_073,22.566668892231977,79.81077166756812,0.0,11.351763275081417,1012.9869883175342,0,Normal
2025-02-17 02:00:00,AWS_073,23.890489960989076,77.59104145842086,0.0,11.588204494542618,1013.2084081071459,0,Normal
2025-02-17 03:00:00,AWS_073,25.225152559467286,73.86590768248335,0.0,13.141931712253964,1012.829567619444,0,Normal
2025-02-17 04:00:00,AWS_073,26.216594336686484,76.01553293336164,0.0,9.040547481568467,1013.902785184436,0,Normal
2025-02-17 05:00:00,AWS_073,28.906683002421193,66.82308048676825,0.0,10.422738778198116,1012.6342462644006,0,Normal
2025-02-17 06:00:00,AWS_073,29.534074958605096,63.54921148474352,0.7094685909593437,12.887782873291947,1014.3128670279825,0,Normal
2025-02-17 07:00:00,AWS_073,31.96148148183002,62.257782715630235,0.0,12.711364832633942,1013.5860044735978,0,Normal
2025-02-17 08:00:00,AWS_073,32.67498460951607,53.78795862022642,0.0,10.293695172141598,1013.3790625056045,0,Normal
2025-02-17 09:00:00,AWS_073,33.905398513934614,56.942579612964465,0.0,12.720367245255892,1012.4407278962952,0,Normal
2025-02-17 10:00:00,AWS_073,34.78575310206746,53.25800517166813,0.0,13.870418615115515,1013.4137692625043,0,Normal
2025-02-17 11:00:00,AWS_073,35.44316680560672,52.30957474928619,0.0,11.805880272107945,1013.2588581498501,0,Normal
2025-02-17 12:00:00,AWS_073,36.67906477226235,51.11623402389931,0.0,10.366778378824801,1011.8950441047452,0,Normal
2025-02-17 13:00:00,AWS_073,34.05402808900868,50.18886557075123,0.0,13.190449169060667,1012.2505090328112,0,Normal
2025-02-17 14:00:00,AWS_073,33.64791446235921,49.88332152292257,0.0,14.461881808629737,1013.1295825397877,0,Normal
2025-02-17 15:00:00,AWS_073,33.57187571463002,54.11324739975186,0.0,10.547397089875922,1012.8820776167731,0,Normal
2025-02-17 16:00:00,AWS_073,32.66630041471397,55.54952737649472,0.0,11.934777544463135,1012.6884467857742,0,Normal
2025-02-17 17:00:00,AWS_073,31.62700488875195,62.090024943614964,0.0,13.510422780376704,1013.4841184136891,0,Normal
2025-02-17 18:00:00,AWS_073,29.946322676884378,66.6135596610962,0.0,12.047515301369632,1012.500711612182,0,Normal
2025-02-17 19:00:00,AWS_073,27.88144905031987,71.83590293893423,0.0,9.252818637028344,1012.7129377398837,0,Normal
2025-02-17 20:00:00,AWS_073,27.278775709754253,73.24353528110572,0.0,12.538173629439099,1012.6149997885037,0,Normal
2025-02-17 21:00:00,AWS_073,26.04526278702326,77.45575243098858,0.0,10.40411601896869,1013.1915552997443,0,Normal
2025-02-17 22:00:00,AWS_073,24.586503358791166,77.3960915823063,0.0,9.965525004996787,1012.0746970774097,0,Normal
2025-02-17 23:00:00,AWS_073,24.45669362976611,78.53233311831963,0.0,9.279264855256459,1012.683545277186,0,Normal
2025-02-18 00:00:00,AWS_073,23.840672272879203,80.9473437816336,0.0,13.655773728315067,1012.068953138898,0,Normal
2025-02-18 01:00:00,AWS_073,23.54706952011456,78.7159416489022,0.0,10.617369765828345,1012.7718520791062,0,Normal
2025-02-18 02:00:00,AWS_073,24.904479260748385,78.52875263442189,0.0,12.368712979844297,1013.287767911536,0,Normal
2025-02-18 03:00:00,AWS_073,25.50809415840806,73.48421733912737,0.0,12.736410330164208,1013.2946447676957,0,Normal
2025-02-18 04:00:00,AWS_073,26.687594376498986,70.7367446350474,0.0,12.1099751539207,1012.5583499916413,0,Normal
2025-02-18 05:00:00,AWS_073,29.02006994090532,70.15310427857439,0.0,12.311368834518422,1013.1867622980271,0,Normal
2025-02-18 06:00:00,AWS_073,28.22110849289148,66.77338015081219,0.0,12.437348801850666,1012.8254713006356,0,Normal
2025-02-18 07:00:00,AWS_073,30.396353341147343,59.146401985528826,0.0,12.072185218126492,1013.5965467161848,0,Normal
2025-02-18 08:00:00,AWS_073,31.984223218975483,58.84122862101284,0.0,10.724059445684036,1012.8489735455486,0,Normal
2025-02-18 09:00:00,AWS_073,33.723563773867106,53.327926936131234,0.0,10.589551014903732,1011.425381571591,0,Normal
2025-02-18 10:00:00,AWS_073,34.74467909370005,52.04262929563404,0.0,11.705340495195353,1013.3571955643963,0,Normal
2025-02-18 11:00:00,AWS_073,34.59486133532155,53.345001437245266,0.0,11.672820805451659,1012.6782547996456,0,Normal
2025-02-18 12:00:00,AWS_073,35.11501523485648,51.614974468045894,0.0,12.505298555352555,1012.7686532953858,0,Normal
2025-02-18 13:00:00,AWS_073,34.98756638621035,52.10285658170836,0.0,13.513044150154283,1013.0716634138024,0,Normal
2025-02-18 14:00:00,AWS_073,36.38152778700645,55.82719966014735,0.0,12.375675196846766,1012.1892956624482,0,Normal
2025-02-18 15:00:00,AWS_073,35.03700932916615,52.98563960010219,0.0,10.642737698181737,1012.9369238838658,0,Normal
2025-02-18 16:00:00,AWS_073,32.46867447677618,55.528250050014904,0.0,8.5865736902933,1013.1647926085036,0,Normal
2025-02-18 17:00:00,AWS_073,31.052887166215438,59.67346978300501,0.0,10.704143754157643,1013.0775227586763,0,Normal
2025-02-18 18:00:00,AWS_073,29.030997301043826,64.49099789318677,0.0,9.84005418671979,1012.5939711306178,0,Normal
2025-02-18 19:00:00,AWS_073,27.025122096320835,64.17318444795401,0.32556819834684764,10.760469607337777,1013.3873483704476,0,Normal
2025-02-18 20:00:00,AWS_073,26.655179503250146,72.08514352660637,0.0,12.218679592274563,1012.3905795880362,0,Normal
2025-02-18 21:00:00,AWS_073,24.88634682173242,74.51746025400838,0.20945207437090263,11.981084085453848,1012.5745114629185,0,Normal
2025-02-18 22:00:00,AWS_073,24.48302512304574,79.55790059156217,0.0,14.64099698083752,1012.8172158213268,0,Normal
2025-02-18 23:00:00,AWS_073,22.976796644560014,80.19372615235609,0.0,12.577583132698127,1013.0308945233006,0,Normal
2025-02-19 00:00:00,AWS_073,23.27767576349662,78.79860674446132,0.0,14.715939996497816,1012.7188320347104,0,Normal
2025-02-19 01:00:00,AWS_073,24.030865143256502,80.66880908506182,0.0,12.924124462664873,1013.4933400403205,0,Normal
2025-02-19 02:00:00,AWS_073,24.763198662437393,79.43690717641412,0.44091354396888477,13.479199775393102,1013.0246321423174,0,Normal
2025-02-19 03:00:00,AWS_073,25.749847373376866,74.06951013821539,0.0,11.311508575760088,1012.9127600108881,0,Normal
2025-02-19 04:00:00,AWS_073,25.952089128422642,71.51395148923517,0.0,10.23731840035406,1013.0029406520042,0,Normal
2025-02-19 05:00:00,AWS_073,28.706655393714446,64.43155930234184,0.0,11.174860851104748,1013.2372666322701,0,Normal
2025-02-19 06:00:00,AWS_073,29.269004988061734,62.81868005126143,0.0,11.829712773450858,1012.9891417597075,0,Normal
2025-02-19 07:00:00,AWS_073,31.68413287639899,59.63277520261503,0.0,10.90449314622897,1011.9619360959712,0,Normal
2025-02-19 08:00:00,AWS_073,32.747490572047006,57.64833235321204,0.0,10.34423025930989,1013.4093886980892,0,Normal
2025-02-19 09:00:00,AWS_073,33.17304995547145,52.50263292348215,0.0,12.470410879843167,1012.9224111788224,0,Normal
2025-02-19 10:00:00,AWS_073,34.76504162510221,50.9827149691352,0.0,10.336267058934395,1013.202938843345,0,Normal
2025-02-19 11:00:00,AWS_073,35.77574515180941,48.06045124249878,0.0,9.543331375300323,1012.6554790989685,0,Normal
2025-02-19 12:00:00,AWS_073,36.1311133659448,50.34222779706254,0.0,10.159644638517399,1011.943030569554,0,Normal
2025-02-19 13:00:00,AWS_073,35.4766566096667,51.36254179483379,0.0,11.490443111901671,1011.7148715726948,0,Normal
2025-02-19 14:00:00,AWS_073,35.883272462906454,52.81434964007306,0.0,10.354798241039852,1012.3800795884712,0,Normal
2025-02-19 15:00:00,AWS_073,34.61755623247874,54.418120546012304,0.0,11.498240629967583,1013.1088472636415,0,Normal
2025-02-19 16:00:00,AWS_073,32.618771050131826,54.4178540069972,0.0,12.740238549403792,1013.4970818473636,0,Normal
2025-02-19 17:00:00,AWS_073,31.77810337413768,59.877806995676494,0.0,12.700431293013864,1012.997057770856,0,Normal
2025-02-19 18:00:00,AWS_073,30.937742661476314,64.18538665536303,0.0,10.846720515427293,1012.3178938065975,0,Normal
2025-02-19 19:00:00,AWS_073,29.403191670986136,68.07569505069655,0.0,9.881237680369164,1012.4498803583213,0,Normal
2025-02-19 20:00:00,AWS_073,26.04536191884275,72.64996243597967,0.0,10.972903571010376,1013.5202684651815,0,Normal
2025-02-19 21:00:00,AWS_073,24.985946013956976,78.45768446254026,0.0,12.818992717573757,1012.182420534215,0,Normal
2025-02-19 22:00:00,AWS_073,25.481648190561767,79.61457348213578,0.0,13.168504607405564,1013.8866310328527,0,Normal
2025-02-19 23:00:00,AWS_073,23.3586665782666,77.51385183463863,0.0,12.363227933524472,1013.7716965476606,0,Normal
2025-02-20 00:00:00,AWS_073,22.998004362417806,81.35680575059327,0.0,13.63522794421917,1013.8989715834422,0,Normal
2025-02-20 01:00:00,AWS_073,23.706594531538645,80.7694921296675,0.0,14.426055890944006,1013.0198936281781,0,Normal
2025-02-20 02:00:00,AWS_073,24.85218454417847,76.37824611086344,0.0,11.10658769156932,1012.6567123847989,0,Normal
2025-02-20 03:00:00,AWS_073,25.494455250629223,77.3043335630691,0.0,14.060449365875236,1013.0035794101335,0,Normal
2025-02-20 04:00:00,AWS_073,26.41052685579333,72.17924672810948,0.0,11.438953134147479,1013.277629811405,0,Normal
2025-02-20 05:00:00,AWS_073,27.845752391315838,66.06237869650892,0.0,13.358721421397984,1012.4958800182309,0,Normal
2025-02-20 06:00:00,AWS_073,29.378119054656246,65.91040544927428,0.0,12.89097606884953,1012.2685965649507,0,Normal
2025-02-20 07:00:00,AWS_073,30.833054983273843,61.55163797069124,0.22373079427740913,8.86169675788118,1012.6751597281416,0,Normal
2025-02-20 08:00:00,AWS_073,34.17914945378571,57.044644741628346,0.0,10.377108736305424,1012.4289034573044,0,Normal
2025-02-20 09:00:00,AWS_073,34.23363833463725,54.31849211223519,0.0,9.993680647610871,1013.433429536995,0,Normal
2025-02-20 10:00:00,AWS_073,35.54301817616902,50.571447985456494,0.0,9.151703089894246,1012.5027000741557,0,Normal
2025-02-20 11:00:00,AWS_073,35.3192361511287,51.73137361325819,0.0,13.142905259990673,1012.8566636804863,0,Normal
2025-02-20 12:00:00,AWS_073,35.70786905764108,49.91309873098215,0.0,14.92624774788143,1013.2982909075417,0,Normal
2025-02-20 13:00:00,AWS_073,35.18917905760179,50.84401029356043,0.0,11.435736421630514,1013.4446190874097,0,Normal
2025-02-20 14:00:00,AWS_073,33.42919536904123,52.72390279209117,0.0,13.102633423814659,1012.9069044441784,0,Normal
2025-02-20 15:00:00,AWS_073,33.242212559563704,52.08422705334914,0.0,14.047487683431054,1012.9926993796535,0,Normal
2025-02-20 16:00:00,AWS_073,31.74231375331427,55.71143395623589,0.0,12.132196572779412,1012.2899819938395,0,Normal
2025-02-20 17:00:00,AWS_073,30.034034518191255,56.697825404229775,0.18033553417039996,11.780876775661174,1013.3079312665132,0,Normal
2025-02-20 18:00:00,AWS_073,29.116078711921933,66.12948451698081,0.0,11.449459867305839,1013.4260897899424,0,Normal
2025-02-20 19:00:00,AWS_073,29.07765484359236,66.45786562904428,0.0,12.623473503908128,1011.8570764496767,0,Normal
2025-02-20 20:00:00,AWS_073,26.81123364277352,72.76513941979131,0.0,13.12831771356835,1013.6716503056643,0,Normal
2025-02-20 21:00:00,AWS_073,26.37189057604403,76.34857816767732,0.0,12.50812349217587,1012.4377716649569,0,Normal
2025-02-20 22:00:00,AWS_073,24.89292581595378,79.19508673455162,0.0,12.45574827856152,1013.0833404400089,0,Normal
2025-02-20 23:00:00,AWS_073,24.51876274015761,77.0808535666639,0.0,11.736884882308617,1012.82272905152,0,Normal
2025-02-21 00:00:00,AWS_073,23.306535937236944,79.86967676371862,0.0,9.423391053805638,1012.7516830559175,0,Normal
2025-02-21 01:00:00,AWS_073,24.368179501992383,82.82944823591151,0.0,13.158529070299597,1012.6765343774541,0,Normal
2025-02-21 02:00:00,AWS_073,25.09272777739741,81.41901041673522,0.0,9.88414649239471,1012.281433687028,0,Normal
2025-02-21 03:00:00,AWS_073,25.26530838812796,77.58124790585211,0.0,12.739290358948118,1013.0375509447076,0,Normal
2025-02-21 04:00:00,AWS_073,27.19194548118901,73.17498627763769,0.0,12.942942634610093,1012.6305357923156,0,Normal
2025-02-21 05:00:00,AWS_073,28.645301467709846,66.87207289884705,0.0,10.097813306934482,1012.1167677553766,0,Normal
2025-02-21 06:00:00,AWS_073,29.531051349817773,66.4372432507821,0.0,10.89588212251215,1012.2518969642643,0,Normal
2025-02-21 07:00:00,AWS_073,30.742313986846213,60.80167186596851,0.0,14.988915021404987,1012.1210961732685,0,Normal
2025-02-21 08:00:00,AWS_073,32.15485964216283,58.62105655054569,0.0,11.686597765020746,1012.5029436318333,0,Normal
2025-02-21 09:00:00,AWS_073,34.162154530721466,53.12771137249755,0.0,9.97461657823524,1013.005707769386,0,Normal
2025-02-21 10:00:00,AWS_073,35.262240749846626,51.663752717553564,0.0,13.005369963031328,1012.4055179054417,0,Normal
2025-02-21 11:00:00,AWS_073,35.19219176184396,50.83940732581682,0.0,10.644150350145097,1013.246716133137,0,Normal
2025-02-21 12:00:00,AWS_073,35.890371411630866,50.49255618298772,0.0,8.921487223291994,1012.6973061486152,0,Normal
2025-02-21 13:00:00,AWS_073,36.01456329746989,51.49855803458447,0.0,12.58103572139409,1012.6101285715567,0,Normal
2025-02-21 14:00:00,AWS_073,35.44601688637594,50.85122897418362,0.0,10.425560862342762,1012.7611310034487,0,Normal
2025-02-21 15:00:00,AWS_073,35.054980715316496,51.70682937798138,0.0,12.281374330845816,1013.4482426227432,0,Normal
2025-02-21 16:00:00,AWS_073,33.64966037996834,60.74957007979958,0.0,10.579659037115794,1012.0629122932712,0,Normal
2025-02-21 17:00:00,AWS_073,30.83786921824605,66.0962226615089,0.0,12.85860070815537,1013.5746812222142,0,Normal
2025-02-21 18:00:00,AWS_073,30.89813746059095,65.89484142240475,0.0,12.072140272328419,1013.2244935041858,0,Normal
2025-02-21 19:00:00,AWS_073,28.01873948889022,66.23430148707759,0.0,7.912176317300739,1012.731500532453,0,Normal
2025-02-21 20:00:00,AWS_073,27.51941527570986,70.95360976631424,0.000545747452863967,12.368102474231664,1013.3317565707065,0,Normal
2025-02-21 21:00:00,AWS_073,25.69289280021628,76.62483685590016,0.0,11.359579180546515,1012.5769218698084,0,Normal
2025-02-21 22:00:00,AWS_073,24.453547381703583,80.67261228012916,0.0,13.918343194544233,1012.8789116712803,0,Normal
2025-02-21 23:00:00,AWS_073,23.019062272819827,77.0631061252523,0.5809634806549131,12.38516711136421,1012.4632790389375,0,Normal
2025-02-22 00:00:00,AWS_073,23.798540549224068,79.7513343583022,0.0,12.925678759037716,1013.215137306136,0,Normal
2025-02-22 01:00:00,AWS_073,23.172536258216265,79.88075152322395,0.06187168354345772,10.724715496899806,1012.3761849765275,0,Normal
2025-02-22 02:00:00,AWS_073,25.290188169405344,79.71953795933833,0.0,10.604507827153364,1012.702041564137,0,Normal
2025-02-22 03:00:00,AWS_073,26.575633841782622,74.91939952899746,1.2000766841705752,11.750216262136583,1013.0652071729074,0,Normal
2025-02-22 04:00:00,AWS_073,26.432288214440867,69.37237061735615,0.0,11.24684492475467,1013.2476445162845,0,Normal
2025-02-22 05:00:00,AWS_073,28.54093684455405,70.12468079544361,0.0,13.793859600823362,1012.3108837342141,0,Normal
2025-02-22 06:00:00,AWS_073,29.47966560518053,67.24959193034248,0.0,11.555942393805724,1013.0959415610541,0,Normal
2025-02-22 07:00:00,AWS_073,31.09295378558685,60.95253139997187,0.0,9.947761368593172,1012.226290721238,0,Normal
2025-02-22 08:00:00,AWS_073,33.384054994835125,58.310480182612864,0.22779576237844718,10.542693687486295,1011.6400282982903,0,Normal
2025-02-22 09:00:00,AWS_073,34.14110170563873,53.44441582334765,0.0,13.23071080264119,1012.3390719688346,0,Normal
2025-02-22 10:00:00,AWS_073,36.16374900910274,50.31807335378163,0.0,11.53131533075596,1013.1283434949801,0,Normal
2025-02-22 11:00:00,AWS_073,35.43224499872052,52.563963966758415,0.0,11.450198920865056,1012.7028144161569,0,Normal
2025-02-22 12:00:00,AWS_073,36.527851074878264,50.77499169562892,0.0,13.37061120694582,1012.4393328537594,0,Normal
2025-02-22 13:00:00,AWS_073,35.784470007161744,51.49184980446774,0.0,10.407246405322226,1012.7324796217381,0,Normal
2025-02-22 14:00:00,AWS_073,35.60630193439737,55.013849239222644,0.0,8.425686132135844,1012.7138485542952,0,Normal
2025-02-22 15:00:00,AWS_073,33.90924247954961,52.28371361356464,0.0,10.498208057536978,1013.0115058885287,0,Normal
2025-02-22 16:00:00,AWS_073,32.907372740935145,56.395947463681146,0.0,12.139697163810258,1011.8926091877853,0,Normal
2025-02-22 17:00:00,AWS_073,31.422932617655558,61.43358102113159,0.0,11.401349811512022,1012.6451948481506,0,Normal
2025-02-22 18:00:00,AWS_073,29.439891010245155,63.87137352447752,0.0,9.43402428051743,1012.7564167806532,0,Normal
2025-02-22 19:00:00,AWS_073,28.788065506062797,70.4485587470827,0.0,13.297807684380743,1012.0094995240916,0,Normal
2025-02-22 20:00:00,AWS_073,27.336083807160847,72.12520155819203,0.0,12.018011541762748,1012.0005495004366,0,Normal
2025-02-22 21:00:00,AWS_073,26.06162805149794,73.62153610280383,0.0,12.355333959052192,1012.5056422515738,0,Normal
2025-02-22 22:00:00,AWS_073,25.67636237802039,78.1219244071419,0.0,12.400271160557011,1012.6901639987648,0,Normal
2025-02-22 23:00:00,AWS_073,25.026584785797308,79.82956493594959,0.0,9.822111316053137,1012.689829912853,1,Drift
2025-02-23 00:00:00,AWS_073,24.229614768441223,81.86936412579266,0.0,12.223256033957156,1012.403537351058,1,Drift
2025-02-23 01:00:00,AWS_073,25.38490470068856,80.27516920063087,0.0,13.129156369633682,1012.3809486359373,1,Drift
2025-02-23 02:00:00,AWS_073,25.88836008043524,78.91267383948625,0.0,13.477477137432112,1012.4799317627372,1,Drift
2025-02-23 03:00:00,AWS_073,27.73208803177581,76.24718508581266,0.0,12.84794093846461,1012.8246844466504,1,Drift
2025-02-23 04:00:00,AWS_073,29.102906434353507,72.12355495741613,0.0,12.534772660422751,1013.2956373643937,1,Drift
2025-02-23 05:00:00,AWS_073,32.383922554233436,67.44984744631527,0.615292856341564,9.157976559986988,1011.5610313663962,1,Drift
2025-02-23 06:00:00,AWS_073,33.68505002493424,65.57767670331876,0.0,11.74073482610154,1012.9806334735696,1,Drift
2025-02-23 07:00:00,AWS_073,35.39096238253872,60.45146479169491,0.0,10.327301693255334,1012.6114588413807,1,Drift
2025-02-23 08:00:00,AWS_073,38.18706914353199,60.87964524088203,0.0,13.684439516989789,1012.9277977284228,1,Drift
2025-02-23 09:00:00,AWS_073,37.91319980974521,57.07776287174823,0.0,13.455779474315932,1013.2556098303169,1,Drift
2025-02-23 10:00:00,AWS_073,39.46264755770868,53.27529720793664,0.0,10.333437626872895,1012.2831763565873,1,Drift
2025-02-23 11:00:00,AWS_073,42.25004112041965,51.26804648424994,0.0,11.68928224062357,1013.1307926263296,1,Drift
2025-02-23 12:00:00,AWS_073,42.51528826915213,49.82408189803765,0.0,12.130030421204095,1012.0295194092585,1,Drift
2025-02-23 13:00:00,AWS_073,42.926852120880234,47.98886514296971,0.0,13.107467948975106,1012.7182406740834,1,Drift
2025-02-23 14:00:00,AWS_073,41.88336427727606,51.57727449658949,0.0,9.24186656228262,1012.5310825526257,1,Drift
2025-02-23 15:00:00,AWS_073,42.21376806048958,54.5961983490123,0.0,8.439871408721558,1012.6733802152878,1,Drift
2025-02-23 16:00:00,AWS_073,42.689189278076356,57.95891294888932,0.0,11.810536656694234,1012.1536225483272,1,Drift
2025-02-23 17:00:00,AWS_073,32.03917227960295,62.05678705749385,0.0,7.955195736895466,1012.8644802948032,0,Normal
2025-02-23 18:00:00,AWS_073,30.09572079151751,66.84266039575537,0.0,11.989184734783748,1013.4370807432006,0,Normal
2025-02-23 19:00:00,AWS_073,28.179706820375582,67.49797753315207,0.0,12.63864100014005,1012.1559068874203,0,Normal
2025-02-23 20:00:00,AWS_073,26.761464242744733,71.13384878558197,0.0,13.603450492563928,1012.7345559658469,0,Normal
2025-02-23 21:00:00,AWS_073,24.48020099312222,78.50831507728454,0.0,10.814477614614452,1013.0655673186245,0,Normal
2025-02-23 22:00:00,AWS_073,24.960942645477814,79.53234423515288,0.0,11.98909989376198,1012.4871576190366,0,Normal
2025-02-23 23:00:00,AWS_073,24.716394065725492,78.70734551006937,0.0,12.723587689260945,1013.3136213419783,0,Normal
2025-02-24 00:00:00,AWS_073,23.061433844571013,79.78557766209552,0.0,9.981736495027318,1012.4164772826996,0,Normal
2025-02-24 01:00:00,AWS_073,23.816544568916864,79.28345950098623,0.0,13.117329855339596,1012.5710703492291,0,Normal
2025-02-24 02:00:00,AWS_073,24.12046061870692,78.05352930132935,0.0,12.15481137132072,1012.1305365263273,0,Normal
2025-02-24 03:00:00,AWS_073,25.191380511921526,76.55196790227544,0.0,10.834116186411027,1012.6883044041629,0,Normal
2025-02-24 04:00:00,AWS_073,27.047458922544887,77.56998549219966,0.0,11.953342414542815,1012.6244159779226,0,Normal
2025-02-24 05:00:00,AWS_073,27.21395034762251,69.26179879886311,0.0,11.531253777435403,1012.9387500866815,0,Normal
2025-02-24 06:00:00,AWS_073,30.388202072178345,66.32519630085051,0.0,12.909348455366029,1012.3005910837572,0,Normal
2025-02-24 07:00:00,AWS_073,32.026998951729446,57.744760911081904,0.0,11.197527495875393,1012.2755906131092,0,Normal
2025-02-24 08:00:00,AWS_073,32.873239847281845,56.53020001444233,0.0,12.077831549102674,1012.8457284885407,0,Normal
2025-02-24 09:00:00,AWS_073,32.780244672046635,56.851028287634996,0.0,10.804774637105728,1013.3109713627075,0,Normal
2025-02-24 10:00:00,AWS_073,34.62645595760694,52.81424972594665,0.0,10.328382139488808,1012.9247746145223,0,Normal
2025-02-24 11:00:00,AWS_073,36.56557437595748,41.7328834359343,0.0,11.99141799699895,1013.5318686740899,0,Normal
2025-02-24 12:00:00,AWS_073,34.365603163167584,51.34804640463239,0.0,10.387937799159804,1012.8837090315975,0,Normal
2025-02-24 13:00:00,AWS_073,35.621560041358435,54.34744139492151,0.0,12.932928306889734,1012.8635941583249,0,Normal
2025-02-24 14:00:00,AWS_073,34.52478841030364,48.01780377099384,0.07506048219295967,12.619373318017006,1012.9414862944368,0,Normal
2025-02-24 15:00:00,AWS_073,34.76413456979729,57.43217363349281,0.0,10.582317565807912,1013.3438170460734,0,Normal
2025-02-24 16:00:00,AWS_073,32.63579649971509,51.956088738748136,0.0,12.049622709776148,1013.2164082067861,0,Normal
2025-02-24 17:00:00,AWS_073,31.83826264446889,62.99371221356902,0.0,10.573363104711776,1012.0530752552639,0,Normal
2025-02-24 18:00:00,AWS_073,30.384361223376192,64.98270274797552,0.0,9.320402721895091,1012.9936962073459,0,Normal
2025-02-24 19:00:00,AWS_073,29.596013134526064,64.18234324604857,0.2539703481978824,10.829991237485794,1012.7239741028794,0,Normal
2025-02-24 20:00:00,AWS_073,26.92753158240856,73.39227565447958,0.0,11.649308886016522,1012.492168624277,0,Normal
2025-02-24 21:00:00,AWS_073,26.034385447377982,77.90828121610232,0.0,12.50585044231316,1011.7006115336216,0,Normal
2025-02-24 22:00:00,AWS_073,23.96631448236805,78.71815506440973,0.0,11.946908559952194,1011.8148853333216,0,Normal
2025-02-24 23:00:00,AWS_073,24.974291967257226,80.65854266845524,0.0,13.083149980918918,1012.4006215545555,0,Normal
2025-02-25 00:00:00,AWS_073,23.601389986193986,79.17664777532188,0.0,10.248836280748163,1011.8484484866992,0,Normal
2025-02-25 01:00:00,AWS_073,23.927782259349758,75.76610788389398,0.0,11.154483521409272,1012.4067546090746,0,Normal
2025-02-25 02:00:00,AWS_073,24.852380947821768,79.37410910144071,0.0,14.18502480778199,1012.9336921246841,0,Normal
2025-02-25 03:00:00,AWS_073,24.883600995340522,79.10610955669081,0.0,8.820796414555208,1012.2839315198294,0,Normal
2025-02-25 04:00:00,AWS_073,27.203322458496203,74.75916170845491,0.0,11.038424861479779,1012.6140288706766,0,Normal
2025-02-25 05:00:00,AWS_073,29.095711993928916,64.90653401733512,0.0,10.108053313195926,1012.035209183481,0,Normal
2025-02-25 06:00:00,AWS_073,30.24599076163946,61.97021118557813,0.0,11.421132631560107,1012.717456105088,0,Normal
2025-02-25 07:00:00,AWS_073,30.67188807243079,59.425778839867505,0.0,11.061493099065967,1012.8200271660689,0,Normal
2025-02-25 08:00:00,AWS_073,33.00010654146563,54.314049097439714,0.0,12.615329669360134,1011.8523790583953,0,Normal
2025-02-25 09:00:00,AWS_073,34.764327828599676,54.481778121313866,0.0,12.094307773619436,1012.1857894650952,0,Normal
2025-02-25 10:00:00,AWS_073,34.14790454726893,52.79645055359447,0.0,9.75152878974556,1011.9260336171935,0,Normal
2025-02-25 11:00:00,AWS_073,35.231314219786825,47.65060603917924,0.14464118468855416,10.826638492325099,1012.8121119989078,0,Normal
2025-02-25 12:00:00,AWS_073,36.60861641967849,51.554256918551054,0.0,11.707630574817193,1012.6373934435609,0,Normal
2025-02-25 13:00:00,AWS_073,36.0423717619886,51.713320493704,0.0,12.815800113458758,1012.5284195432309,0,Normal
2025-02-25 14:00:00,AWS_073,35.53016210077985,50.91330069354601,0.0,15.355083946351424,1012.4870196637021,0,Normal
2025-02-25 15:00:00,AWS_073,35.44722938304343,54.04835431023382,0.0,12.758762028287975,1012.710462859363,0,Normal
2025-02-25 16:00:00,AWS_073,33.372086457436126,53.60039764869393,0.0,10.18473538370218,1012.7183553140648,0,Normal
2025-02-25 17:00:00,AWS_073,32.04066274155759,60.453190010888044,0.0,11.561632395804617,1012.2970249661913,0,Normal
2025-02-25 18:00:00,AWS_073,31.721521749671396,65.01476994826065,0.0,11.972777681094751,1012.224899175917,0,Normal
2025-02-25 19:00:00,AWS_073,28.415934089777352,69.21978086699418,0.0,10.921138288492166,1012.5110835658918,0,Normal
2025-02-25 20:00:00,AWS_073,26.620455991172502,73.25775382404035,0.0,12.404520604755604,1012.4435970218613,0,Normal
2025-02-25 21:00:00,AWS_073,26.1152752464029,76.09508520425936,0.0,8.290975662043444,1013.5666886138181,0,Normal
2025-02-25 22:00:00,AWS_073,25.17053062480848,77.46169366223523,0.0,12.526671222932706,1012.3422829196111,0,Normal
2025-02-25 23:00:00,AWS_073,23.993752461310272,80.06127727944465,0.0,10.981269251660759,1012.6769453915168,0,Normal
2025-02-26 00:00:00,AWS_073,23.487944554779162,82.0040639866205,0.0,11.530194230762222,1012.7629581855138,0,Normal
2025-02-26 01:00:00,AWS_073,25.699778461247753,79.29789124771673,0.0,13.892236279042615,1013.2281390199305,0,Normal
2025-02-26 02:00:00,AWS_073,25.111422310335175,78.62557083842994,0.0,9.80027399905117,1012.1201662404303,0,Normal
2025-02-26 03:00:00,AWS_073,25.431496504743706,75.23425959246998,0.0,12.100524672663306,1013.1934638420723,0,Normal
2025-02-26 04:00:00,AWS_073,27.665104255732214,71.20648216704086,0.0,12.881222216459529,1012.4478232621475,0,Normal
2025-02-26 05:00:00,AWS_073,28.499180249189443,69.92804501037301,0.0,11.944736730039835,1013.7700745176359,0,Normal
2025-02-26 06:00:00,AWS_073,29.96788616099707,63.88954811165959,0.0,9.266833881028802,1012.6985835987191,0,Normal
2025-02-26 07:00:00,AWS_073,32.01192432122137,61.89000812544657,0.0,13.712605679568789,1011.9006982446028,0,Normal
2025-02-26 08:00:00,AWS_073,32.34854614476668,57.55651074302009,0.0,11.368866165495922,1012.4144635280986,0,Normal
2025-02-26 09:00:00,AWS_073,34.57991957195784,53.7855289291615,0.0,10.893470572230848,1013.1790573342859,0,Normal
2025-02-26 10:00:00,AWS_073,36.47165280410808,51.3533332789401,0.0,11.217940234628546,1012.5495727611799,0,Normal
2025-02-26 11:00:00,AWS_073,36.20501186253917,49.4948706208326,0.0,11.109325786881985,1012.4768687467699,0,Normal
2025-02-26 12:00:00,AWS_073,35.90604373134947,46.70839765582197,0.0,9.896154785216309,1012.8640590384292,0,Normal
2025-02-26 13:00:00,AWS_073,35.6250813435998,51.27690279598736,0.0,11.92772720046249,1012.3299403575124,0,Normal
2025-02-26 14:00:00,AWS_073,35.085754426655846,52.472712593790064,0.0,10.783326943113702,1012.3949511028208,0,Normal
2025-02-26 15:00:00,AWS_073,34.22808337437462,56.092738787098774,0.0,12.684382104058987,1012.0258586662192,0,Normal
2025-02-26 16:00:00,AWS_073,32.91314855181426,56.43708619538641,0.0,12.453314284897576,1013.3604842858389,0,Normal
2025-02-26 17:00:00,AWS_073,32.24454365433662,64.90848157441553,0.0,14.114294619132753,1011.8826459746927,0,Normal
2025-02-26 18:00:00,AWS_073,29.10392497394713,64.24052810430074,0.0,11.357208352393537,1012.5765624090405,0,Normal
2025-02-26 19:00:00,AWS_073,29.110141980455673,67.13206639214842,0.0,10.46864911638673,1012.7296485650159,0,Normal
2025-02-26 20:00:00,AWS_073,26.920047957812308,70.51263016031467,0.2836250874933147,9.467774025845724,1012.4807576908976,0,Normal
2025-02-26 21:00:00,AWS_073,26.133389375362654,72.13875691133889,0.0,14.961264504011837,1011.8585285621518,0,Normal
2025-02-26 22:00:00,AWS_073,24.27951560546727,81.05563684155284,0.8752569654718622,12.663271427288128,1011.9839544053314,0,Normal
2025-02-26 23:00:00,AWS_073,25.155481703933614,82.23102217587333,0.0,10.630337670234521,1012.7424710889982,0,Normal
2025-02-27 00:00:00,AWS_073,24.903234107932164,81.20149032576951,0.0,14.207556417858616,1012.0891489385901,0,Normal
2025-02-27 01:00:00,AWS_073,24.938045461795678,77.69670977878445,0.0,13.700921704792503,1011.4409556982406,0,Normal
2025-02-27 02:00:00,AWS_073,24.054831649103313,81.61291641988483,0.0,9.638614333927531,1012.6683289420969,0,Normal
2025-02-27 03:00:00,AWS_073,26.416657585943263,74.9031633947549,0.0,10.534168847862663,1012.036467317656,0,Normal
2025-02-27 04:00:00,AWS_073,27.406725235048903,71.9619483375467,0.0,11.464742580449384,1012.7861996281576,0,Normal
2025-02-27 05:00:00,AWS_073,27.64971957350309,71.75680383740996,0.0,10.056949007303555,1012.3676540838993,0,Normal
2025-02-27 06:00:00,AWS_073,30.15320042893036,66.31782116896174,0.0,11.516052376065288,1012.3414330693872,0,Normal
2025-02-27 07:00:00,AWS_073,31.941393945868047,65.51992060097137,0.0,12.727707525819076,1012.4903325858726,0,Normal
2025-02-27 08:00:00,AWS_073,33.50538212359329,57.99744452063804,0.0,9.598714471601747,1011.8928408512345,0,Normal
2025-02-27 09:00:00,AWS_073,34.52271029786317,53.599336683044335,0.0,12.096945851766035,1012.0472347566409,0,Normal
2025-02-27 10:00:00,AWS_073,35.546577747457064,50.786009176313826,0.0,13.409029382065425,1012.327872823606,0,Normal
2025-02-27 11:00:00,AWS_073,36.85737980357256,46.817120251282724,0.0,12.255448285922801,1011.8835366976039,0,Normal
2025-02-27 12:00:00,AWS_073,36.91524774303959,49.44280845438759,0.0,11.540527022536029,1012.8104900672822,0,Normal
2025-02-27 13:00:00,AWS_073,34.25691661891425,52.800299283318736,0.0,10.650630663219479,1012.2977645915204,0,Normal
2025-02-27 14:00:00,AWS_073,35.18924900834718,53.20728728854556,0.0,12.897875979400155,1011.7246083928968,0,Normal
2025-02-27 15:00:00,AWS_073,34.32937272195614,54.4340142953226,0.0,9.885060993237895,1012.1676845851251,0,Normal
2025-02-27 16:00:00,AWS_073,32.136224287263666,55.51013111236733,0.0,12.013454990005956,1012.495672507712,0,Normal
2025-02-27 17:00:00,AWS_073,31.798866161698783,61.571460359487666,0.0,11.686365107594993,1012.2198979202552,0,Normal
2025-02-27 18:00:00,AWS_073,30.940653189535176,67.02562741039074,0.0,13.335330405184639,1012.6407227840928,0,Normal
2025-02-27 19:00:00,AWS_073,27.988497853357643,69.74372418947777,0.0,10.771611205930952,1012.7257044827533,0,Normal
2025-02-27 20:00:00,AWS_073,27.397145559267525,72.83347033926673,0.0,10.8979492357748,1013.6374076873891,0,Normal
2025-02-27 21:00:00,AWS_073,25.405120220566864,74.0126864112358,0.0,9.780572378771277,1013.0097506669172,0,Normal
2025-02-27 22:00:00,AWS_073,24.59990319584071,79.72474468499061,0.0,12.298110953355462,1011.6141141873833,0,Normal
2025-02-27 23:00:00,AWS_073,25.292029733892544,73.22507775684765,0.0,11.005273759885114,1012.250053687993,0,Normal
2025-02-28 00:00:00,AWS_073,23.877557336105298,80.7656914177303,0.0,10.346697668360228,1012.2947196338908,0,Normal
2025-02-28 01:00:00,AWS_073,24.686805918569625,84.62953135622521,0.0,10.488393471545114,1012.7134458707399,0,Normal
2025-02-28 02:00:00,AWS_073,23.888089281958766,74.97363428210289,0.0,12.443083481628545,1011.9569872844756,0,Normal
2025-02-28 03:00:00,AWS_073,27.08365945110539,75.12386280839549,0.0,9.981789981413408,1012.1560239300084,0,Normal
2025-02-28 04:00:00,AWS_073,27.572435930942305,72.48417801975054,0.0,10.113785406897502,1011.797313549512,0,Normal
2025-02-28 05:00:00,AWS_073,28.550362982413283,67.95712004842466,0.0,12.978378245932817,1012.116255885254,0,Normal
2025-02-28 06:00:00,AWS_073,30.56003559277385,67.07274848511796,0.0,11.383455127739385,1012.1327750181769,0,Normal
2025-02-28 07:00:00,AWS_073,30.92365865987773,62.06261635217279,0.0,13.064601635441457,1012.2566237165446,0,Normal
2025-02-28 08:00:00,AWS_073,33.92808068225021,57.80460074509464,0.0,11.091196430255575,1011.8177388731457,0,Normal
2025-02-28 09:00:00,AWS_073,34.26873607930639,55.987943404540346,0.0,11.62733558327096,1012.8998765184981,0,Normal
2025-02-28 10:00:00,AWS_073,35.29611882017805,52.04312036137691,0.0,11.862265752429373,1012.6428387770626,0,Normal
2025-02-28 11:00:00,AWS_073,35.72488937201158,56.870841583311005,0.3889728201912344,13.707536791038232,1011.6801849468898,0,Normal
2025-02-28 12:00:00,AWS_073,35.87785444511797,50.30269386731348,0.0,13.584205309682373,1012.4154540822814,0,Normal
2025-02-28 13:00:00,AWS_073,36.44051794075201,50.90167680264339,0.030564489029995884,13.354038442583644,1011.6177077452236,0,Normal
2025-02-28 14:00:00,AWS_073,35.57977030286599,48.58868284408687,0.0,10.679739530823559,1013.0693304145491,0,Normal
2025-02-28 15:00:00,AWS_073,34.86567431991098,53.306497627594936,0.0,10.141506568211756,1013.2031238996956,0,Normal
2025-02-28 16:00:00,AWS_073,33.228616734925254,59.79475536359961,0.0,12.76171934019236,1012.3660680239926,0,Normal
2025-02-28 17:00:00,AWS_073,32.09663432837642,58.44680062274245,0.0,13.684451059748138,1011.9654808424146,0,Normal
2025-02-28 18:00:00,AWS_073,29.986395368109132,60.68488565139609,0.0,13.362317103180395,1012.0575353158821,0,Normal
2025-02-28 19:00:00,AWS_073,30.024531711914953,68.94691661891295,0.0,11.636438528346186,1012.1606652916603,0,Normal
2025-02-28 20:00:00,AWS_073,26.30074870993863,75.24148901494996,0.0,12.707351236269327,1012.3319888685822,0,Normal
2025-02-28 21:00:00,AWS_073,26.757326566842888,75.69136417519046,0.0,12.732491815096962,1013.06850326572,0,Normal
2025-02-28 22:00:00,AWS_073,25.86989262451626,77.3181318515139,0.0,11.83659457958046,1012.8589351054675,0,Normal
2025-02-28 23:00:00,AWS_073,23.940343868405677,75.77191151885405,0.44430360381661194,11.900509027822611,1012.8645020143979,0,Normal
2025-03-01 00:00:00,AWS_073,25.586649623971226,80.90450824540439,0.0,11.75800793592447,1012.4621542651049,0,Normal
2025-03-01 01:00:00,AWS_073,25.052713831604652,80.81143761210211,0.0,10.427334613237116,1011.7979244411532,0,Normal
2025-03-01 02:00:00,AWS_073,25.639392575937357,74.42691605856437,0.9737368340415424,10.579163382324428,1011.9875669288801,0,Normal
2025-03-01 03:00:00,AWS_073,26.02891900669822,77.87566661519266,0.0,10.554767265601049,1012.4008207041588,0,Normal
2025-03-01 04:00:00,AWS_073,27.126293284826232,74.03139105178421,0.0,9.206906556240693,1011.7677746224605,0,Normal
2025-03-01 05:00:00,AWS_073,28.5799498212092,71.14691756163249,0.0,11.818808670966293,1012.5181805549701,0,Normal
2025-03-01 06:00:00,AWS_073,30.49470596329826,66.16705018366669,0.0,11.542413924836296,1012.7666150608212,0,Normal
2025-03-01 07:00:00,AWS_073,32.655889666802004,62.42507974108482,0.0,12.74497353802727,1012.6345900292263,0,Normal
2025-03-01 08:00:00,AWS_073,33.37292599477978,58.54144179740348,0.0,13.491854756280944,1012.6123759166454,0,Normal
2025-03-01 09:00:00,AWS_073,33.961783616468615,56.130342925204175,0.0,13.585970023936412,1011.4245035170543,0,Normal
2025-03-01 10:00:00,AWS_073,35.95868720784759,48.37210340498558,0.0,13.725974457172622,1013.0221862182203,0,Normal
2025-03-01 11:00:00,AWS_073,36.61799120210728,47.50899373842095,0.0,10.461400670647112,1011.5696789498263,0,Normal
2025-03-01 12:00:00,AWS_073,36.664406565817806,48.527984199620455,0.0,9.447827385948917,1012.2748601210814,0,Normal
2025-03-01 13:00:00,AWS_073,36.516328005039306,50.25147226231887,0.0,12.990623911499378,1012.6583694323631,0,Normal
2025-03-01 14:00:00,AWS_073,35.308929904111885,52.785892789849775,0.0,13.66644909394374,1012.5262591763317,0,Normal
2025-03-01 15:00:00,AWS_073,33.962440002962936,55.04276158865949,0.0,13.925976151116796,1011.7059048241882,0,Normal
2025-03-01 16:00:00,AWS_073,32.758133013915526,59.734211622912056,0.0,12.31821849056507,1011.7935225732335,0,Normal
2025-03-01 17:00:00,AWS_073,30.85253944861935,63.414704920622896,0.0,8.594403103062909,1012.4840834165652,0,Normal
2025-03-01 18:00:00,AWS_073,30.424924146432588,63.25522978341242,0.0,12.136606221427954,1012.5938321577249,0,Normal
2025-03-01 19:00:00,AWS_073,28.681621088074433,69.35943789663875,0.0,12.420084483970081,1011.7826695999139,0,Normal
2025-03-01 20:00:00,AWS_073,27.02245945077103,70.80433690455632,0.0,13.46376502449421,1012.5304295400847,0,Normal
2025-03-01 21:00:00,AWS_073,24.272285331418285,75.23010764109108,0.0,13.728822999407209,1011.574358007239,0,Normal
2025-03-01 22:00:00,AWS_073,24.345597442120347,78.63396379486358,0.0,12.94755568531674,1012.6420507314239,0,Normal
2025-03-01 23:00:00,AWS_073,25.16893060614478,72.67146324139264,0.0,10.700911011237292,1011.8857963778765,0,Normal
2025-03-02 00:00:00,AWS_073,23.895044191341135,84.82248807927937,0.0,10.036875322586951,1012.3658350351099,0,Normal
2025-03-02 01:00:00,AWS_073,24.71645624958245,80.62170474913097,0.0,12.380213115825299,1012.2797403098966,0,Normal
2025-03-02 02:00:00,AWS_073,24.26692671943197,76.79897450593977,0.0,10.389366974755887,1012.9016285034974,0,Normal
2025-03-02 03:00:00,AWS_073,26.91990499093465,79.46134122825868,0.0,13.789411712219096,1012.4402253720933,0,Normal
2025-03-02 04:00:00,AWS_073,27.21473556929138,71.80513765902761,0.0,9.018582217417222,1012.0174697844291,0,Normal
2025-03-02 05:00:00,AWS_073,28.924089696514777,69.14732444819391,0.0,12.424463274116233,1012.4946772554332,0,Normal
2025-03-02 06:00:00,AWS_073,31.700272954573983,64.02576837920475,0.0,12.052146710968902,1013.3839475511897,0,Normal
2025-03-02 07:00:00,AWS_073,32.76940654596946,64.42169799834886,0.0,11.261403302804364,1012.6806622602483,0,Normal
2025-03-02 08:00:00,AWS_073,33.12450976219677,57.29003058738824,0.0,10.182586110469078,1012.2788770009718,0,Normal
2025-03-02 09:00:00,AWS_073,34.1969764146102,54.69236648368081,0.0,8.476301449330908,1011.889513571713,0,Normal
2025-03-02 10:00:00,AWS_073,35.31290974019233,54.417183249284314,0.0,10.770526418866043,1011.9959336990321,0,Normal
2025-03-02 11:00:00,AWS_073,36.41539249880768,51.681391520586125,0.0,10.79554638568088,1012.6420351456193,0,Normal
2025-03-02 12:00:00,AWS_073,36.25257615969903,49.89130386973186,0.0,13.232676020606492,1011.8569964787199,0,Normal
2025-03-02 13:00:00,AWS_073,35.875928938984146,52.731894550378904,0.0,10.389485615629578,1012.299101071214,0,Normal
2025-03-02 14:00:00,AWS_073,36.395789248195115,57.08658540208933,0.0,12.241621200695228,1013.0144249194539,0,Normal
2025-03-02 15:00:00,AWS_073,34.4952482118059,55.02821917980063,0.0,9.622799949741188,1012.3686702803235,0,Normal
2025-03-02 16:00:00,AWS_073,34.70269007721621,57.73352017574513,0.0,12.28022448850986,1011.7517666577099,0,Normal
2025-03-02 17:00:00,AWS_073,31.93209736792332,61.45896849070036,0.0,8.201992380186965,1013.3781147993628,0,Normal
2025-03-02 18:00:00,AWS_073,31.39772730835087,67.62085900166304,0.36324330798464144,14.700176055711967,1013.1682731928903,0,Normal
2025-03-02 19:00:00,AWS_073,28.989810141757122,67.68389020647196,0.0,11.344317548918095,1012.5354953463226,0,Normal
2025-03-02 20:00:00,AWS_073,27.90790336287186,71.94336488057668,0.0,7.3628529734377555,1012.920642649445,0,Normal
2025-03-02 21:00:00,AWS_073,25.654511733392003,72.53171581954493,0.0,10.476663238916698,1012.1471328343795,0,Normal
2025-03-02 22:00:00,AWS_073,24.625300899064044,75.62264533148664,0.0,10.238475666824145,1012.6407075005814,0,Normal
2025-03-02 23:00:00,AWS_073,24.815765044979607,78.45328738894008,0.0,10.566921555504399,1012.0645678026934,0,Normal
2025-03-03 00:00:00,AWS_073,24.930413719127174,79.88812601187915,0.0,11.002364569790187,1011.5964874916768,0,Normal
2025-03-03 01:00:00,AWS_073,24.567663829699384,83.02705404587626,0.0,10.554077017698521,1013.5680134723827,0,Normal
2025-03-03 02:00:00,AWS_073,24.372857342787427,79.06236666661702,0.03307915598248615,10.32205889097801,1011.5666401539991,0,Normal
2025-03-03 03:00:00,AWS_073,25.283828706771203,73.78244469741863,0.0,9.807325012852479,1012.4165451343305,0,Normal
2025-03-03 04:00:00,AWS_073,26.48811898536614,71.04403902927177,0.0,12.77670418708077,1012.4085611551266,0,Normal
2025-03-03 05:00:00,AWS_073,27.732687466293036,71.63178304299912,0.0,13.3443922611098,1012.5214822117158,0,Normal
2025-03-03 06:00:00,AWS_073,30.413638162401305,67.25322069725839,0.0,11.159495067904043,1012.2164937580591,0,Normal
2025-03-03 07:00:00,AWS_073,32.57765727559003,61.1740141439106,0.0,11.51356597032765,1012.2195673066282,0,Normal
2025-03-03 08:00:00,AWS_073,33.34343464725756,56.61494706892233,0.0,9.849187976506059,1012.3262542986806,0,Normal
2025-03-03 09:00:00,AWS_073,33.239641180927414,56.643263953611076,0.0,11.643876815207372,1012.494838744158,0,Normal
2025-03-03 10:00:00,AWS_073,35.43670848394304,50.02296468978405,0.0,11.88095109201882,1012.2518522631364,0,Normal
2025-03-03 11:00:00,AWS_073,36.05464864593918,51.295173401779024,0.0,11.205565396169797,1012.216435681268,0,Normal
2025-03-03 12:00:00,AWS_073,37.61613084368187,54.54531798178666,0.0,12.127431820904711,1011.5879169641075,0,Normal
2025-03-03 13:00:00,AWS_073,35.28156006860195,50.92182397016689,0.0,11.995036753086058,1013.2531687239939,0,Normal
2025-03-03 14:00:00,AWS_073,35.323787741645916,50.45839998471021,0.0,9.949416905073956,1012.5120324906388,0,Normal
2025-03-03 15:00:00,AWS_073,35.62994595372884,55.21413568754486,0.24001931889122274,13.318847851638168,1012.3464915978598,0,Normal
2025-03-03 16:00:00,AWS_073,33.63553019587804,56.5599825619693,0.0,11.2164559679641,1011.927659746739,0,Normal
2025-03-03 17:00:00,AWS_073,32.25819259268559,58.329482635955365,0.0,14.03992972227164,1011.7359413507694,0,Normal
2025-03-03 18:00:00,AWS_073,30.437786180269732,66.40207205374422,0.0,12.155848350932756,1012.6655966021917,0,Normal
2025-03-03 19:00:00,AWS_073,29.01583016303598,71.11795447763726,0.0,14.480260496186489,1012.1535269953907,0,Normal
2025-03-03 20:00:00,AWS_073,27.83908457243515,71.87818665585486,0.0,13.285406075528256,1012.5418451698797,0,Normal
2025-03-03 21:00:00,AWS_073,25.64592467013888,74.85213036960566,0.0,11.86192647253363,1011.5530923814017,0,Normal
2025-03-03 22:00:00,AWS_073,27.64956596312474,76.06725027452292,0.0,10.435119627660374,1013.0004493230022,1,Noise
2025-03-03 23:00:00,AWS_073,21.383923743909243,79.18901619340089,0.0,10.466064801917504,1012.6755649546865,1,Noise
2025-03-04 00:00:00,AWS_073,16.3656332326648,78.87526323415362,0.0,12.316601717943614,1012.1821991108776,1,Noise
2025-03-04 01:00:00,AWS_073,23.70557647963974,77.46682202092951,0.0,11.73037188317305,1012.4543972721635,1,Noise
2025-03-04 02:00:00,AWS_073,19.01909437350253,81.77471871756579,0.0,10.63077406183918,1012.5889407349298,1,Noise
2025-03-04 03:00:00,AWS_073,26.442926516613298,76.53958735129723,0.0,12.762532187606777,1011.5478021597877,1,Noise
2025-03-04 04:00:00,AWS_073,25.986550589187505,73.64479021605871,0.0,11.569726304823838,1013.0530596492474,1,Noise
2025-03-04 05:00:00,AWS_073,28.192147347919605,70.64908481440266,0.0,12.768709268777455,1012.453630360984,0,Normal
2025-03-04 06:00:00,AWS_073,30.177631578536253,66.5420724335196,0.0,10.045612876456365,1011.8578022674998,0,Normal
2025-03-04 07:00:00,AWS_073,31.282037263373073,60.29149441786876,0.0,13.006647104057246,1011.6594110242964,0,Normal
2025-03-04 08:00:00,AWS_073,33.58690814365454,58.045105245942935,0.0,12.25755277716527,1012.6991090578263,0,Normal
2025-03-04 09:00:00,AWS_073,33.947530286903735,53.855337313680465,0.0,13.301031937209679,1012.308993014501,0,Normal
2025-03-04 10:00:00,AWS_073,36.01998850283368,52.88654619278674,0.0,12.969439405947895,1012.4425669914585,0,Normal
2025-03-04 11:00:00,AWS_073,35.485024091466144,51.194494377580305,0.0,11.374477965864077,1012.2124518378322,0,Normal
2025-03-04 12:00:00,AWS_073,36.060284070519074,49.234679478271595,0.07727082165012122,11.252458866422355,1011.6956006340886,0,Normal
2025-03-04 13:00:00,AWS_073,35.822556114396804,47.85251515982038,0.0,14.1736779758577,1012.4491341904288,0,Normal
2025-03-04 14:00:00,AWS_073,36.39470357881632,52.302093057164434,0.0,11.06188779231957,1012.0939104424477,0,Normal
2025-03-04 15:00:00,AWS_073,34.84597542506223,53.98485930658719,0.5620751346151356,12.618998254623365,1012.1796850662096,0,Normal
2025-03-04 16:00:00,AWS_073,33.279815874556114,53.71925550458248,0.0,10.922872629325482,1013.3768845017217,0,Normal
2025-03-04 17:00:00,AWS_073,32.26069520969882,62.13303786123963,0.0,8.70073211063398,1012.6207701402486,0,Normal
2025-03-04 18:00:00,AWS_073,29.145924716381455,66.93068422448555,0.0,9.651149900067134,1012.6474703529317,0,Normal
2025-03-04 19:00:00,AWS_073,28.833134281825433,73.93899862695571,0.2614355551159608,12.09963989342921,1013.5422016937522,0,Normal
2025-03-04 20:00:00,AWS_073,28.612123524593514,71.71760499335868,0.0,12.541054339048852,1012.3720792045034,0,Normal
2025-03-04 21:00:00,AWS_073,26.252066275690716,74.52917792470008,0.37290459494316314,12.10177333184235,1012.2374980825218,0,Normal
2025-03-04 22:00:00,AWS_073,25.26157630732691,75.7715389958881,0.0,13.20547210406131,1011.8358925940946,0,Normal
2025-03-04 23:00:00,AWS_073,24.951982395787002,79.90617120731004,0.0,12.07203092509223,1011.9470722038837,0,Normal
2025-03-05 00:00:00,AWS_073,24.957700695705427,80.40463636111672,0.0,10.320879680044856,1011.1476480247499,0,Normal
2025-03-05 01:00:00,AWS_073,23.42797752614292,77.86629472476253,0.12230686798186587,12.373774266821387,1012.5642632643783,0,Normal
2025-03-05 02:00:00,AWS_073,24.21813686277645,77.6405212927589,0.0,11.73532039955603,1011.5334426963008,0,Normal
2025-03-05 03:00:00,AWS_073,26.308889661228033,71.6492703840195,0.0,10.616157123499399,1012.6161227000497,0,Normal
2025-03-05 04:00:00,AWS_073,26.998097759027193,74.35275349566649,0.0,12.186856965826518,1012.1410931299476,0,Normal
2025-03-05 05:00:00,AWS_073,29.66299042782655,67.34092715719348,0.0,11.595715356023339,1012.2244868415119,0,Normal
2025-03-05 06:00:00,AWS_073,30.241248473739557,64.93068729717405,0.0,10.567739585434976,1012.1371247822104,0,Normal
2025-03-05 07:00:00,AWS_073,30.824210224180018,58.264327480866626,0.0,11.207020268318619,1012.8491971434333,0,Normal
2025-03-05 08:00:00,AWS_073,32.67286505211487,56.335292801076854,0.5097842562957045,13.592746361732946,1012.7587322103316,0,Normal
2025-03-05 09:00:00,AWS_073,33.02816520384367,53.834215975166735,0.0,13.542302325872626,1012.1374163496748,0,Normal
2025-03-05 10:00:00,AWS_073,35.492661673321706,51.98703724931176,0.0,11.751759968347292,1011.7002109583074,0,Normal
2025-03-05 11:00:00,AWS_073,36.121161216192164,51.470577636708995,0.0,11.554015869004695,1012.6095084161708,0,Normal
2025-03-05 12:00:00,AWS_073,36.18560898727833,52.87815016697244,0.0,9.317115739804223,1011.6581271688719,0,Normal
2025-03-05 13:00:00,AWS_073,36.88481658828151,51.976534491202685,0.0,14.044300195805446,1011.3658347252854,0,Normal
2025-03-05 14:00:00,AWS_073,36.3588438405308,53.93394802952591,0.0,13.018331379130636,1012.3902909476491,0,Normal
2025-03-05 15:00:00,AWS_073,34.5856301717613,57.285606502088065,0.0,12.590310144462194,1012.7482115442689,0,Normal
2025-03-05 16:00:00,AWS_073,32.16604707402249,58.639415763045385,0.0,8.048849171839752,1011.9342744979397,0,Normal
2025-03-05 17:00:00,AWS_073,32.37178494153929,61.044299932224206,0.0,11.520889902011964,1012.3369263540364,0,Normal
2025-03-05 18:00:00,AWS_073,45.76957735820047,67.01822381251012,0.0,11.267371762325219,1011.9246809628517,1,Spike
2025-03-05 19:00:00,AWS_073,29.084492423779636,71.02830424846111,0.0,12.480845101994738,1012.4913648336898,0,Normal
2025-03-05 20:00:00,AWS_073,28.042291181754738,73.79713167593206,0.0,10.778631065671853,1012.6757332261101,0,Normal
2025-03-05 21:00:00,AWS_073,25.513495075945933,72.69734652372601,0.0,11.10616552520691,1011.9946359332569,0,Normal
2025-03-05 22:00:00,AWS_073,26.465760426782744,76.30746075057729,0.0,12.381402045409951,1011.6101170543733,0,Normal
2025-03-05 23:00:00,AWS_073,24.087072712222678,78.93917918627506,0.0,10.2904650973747,1011.3932533609144,0,Normal
2025-03-06 00:00:00,AWS_073,24.909440488618255,81.5592420414718,0.0,10.588316858608637,1012.5824628447907,0,Normal
2025-03-06 01:00:00,AWS_073,23.653563273927805,79.4461945561949,0.0,11.737917304510908,1011.5491852875082,0,Normal
2025-03-06 02:00:00,AWS_073,24.708833433977514,80.2641183236677,0.0,13.454200587220415,1012.3013304983318,0,Normal
2025-03-06 03:00:00,AWS_073,27.131940694589208,78.23707497528677,1.1147815812631583,12.6577195522861,1012.5018716969938,0,Normal
2025-03-06 04:00:00,AWS_073,27.30983352755993,74.89834093735442,0.4282627038374858,13.0566621917829,1011.8603669503188,0,Normal
2025-03-06 05:00:00,AWS_073,29.41902364374225,71.29336680549838,0.0,11.537070668068736,1012.0257621342113,0,Normal
2025-03-06 06:00:00,AWS_073,30.611766215827835,62.92601219068256,0.0,13.68325009396192,1012.6062388967539,0,Normal
2025-03-06 07:00:00,AWS_073,31.961138691503667,62.08298532237374,0.0,8.827395251009506,1011.7004698381306,0,Normal
2025-03-06 08:00:00,AWS_073,34.29111354108798,56.28494191808917,0.3677990325859134,14.471061775523118,1011.6475604342832,0,Normal
2025-03-06 09:00:00,AWS_073,34.5750504690184,51.09526561948339,0.0,14.663873702290553,1011.9830700785087,0,Normal
2025-03-06 10:00:00,AWS_073,34.60371406351882,51.43467667912175,0.0,12.119690287620099,1012.7370714208819,0,Normal
2025-03-06 11:00:00,AWS_073,35.791212533848984,53.16058653691848,0.0,12.681688476213136,1012.9013299873997,0,Normal
2025-03-06 12:00:00,AWS_073,36.809911490895566,50.921484020236925,0.0,11.374821714504794,1012.0444222307617,0,Normal
2025-03-06 13:00:00,AWS_073,36.51364939324858,54.54673134887576,0.0,11.115994190821093,1011.7356021795806,0,Normal
2025-03-06 14:00:00,AWS_073,34.73829665709802,52.364079233769644,0.0,10.512564632527235,1012.6215695070267,0,Normal
2025-03-06 15:00:00,AWS_073,34.292002266838786,59.2890037893876,0.0,11.353873867303626,1011.2527135676503,0,Normal
2025-03-06 16:00:00,AWS_073,33.1365198818537,57.855042451034095,0.0,12.25981203797974,1012.209015900024,0,Normal
2025-03-06 17:00:00,AWS_073,31.820768497895397,61.16267491576967,0.0,12.054255765693082,1012.0611027471626,0,Normal
2025-03-06 18:00:00,AWS_073,29.663168814510236,62.44121982415701,0.0,14.402851011129753,1012.727822493246,0,Normal
2025-03-06 19:00:00,AWS_073,28.560358706841956,71.10341115712335,0.0,11.571872869973097,1012.7762668275801,0,Normal
2025-03-06 20:00:00,AWS_073,27.054705715753727,71.49574974211905,0.0,9.186731096723681,1011.6053422245469,0,Normal
2025-03-06 21:00:00,AWS_073,26.713725329340086,74.31250643898076,0.0,13.884950998608954,1012.1582944276066,0,Normal
2025-03-06 22:00:00,AWS_073,25.784338166484822,80.55284218429172,0.0,9.585563018743386,1011.7870021067928,0,Normal
2025-03-06 23:00:00,AWS_073,24.613545999498406,81.80533273192793,0.0,10.576415659327592,1011.9234894163069,0,Normal
2025-03-07 00:00:00,AWS_073,24.262930470738777,82.26410273442136,0.0,11.821622613926024,1012.3766957907949,0,Normal
2025-03-07 01:00:00,AWS_073,24.78811877980547,78.76450512622606,0.0,12.038274623238376,1011.8984036022414,0,Normal
2025-03-07 02:00:00,AWS_073,24.81518415026669,77.88842932615607,0.0,9.242856863791094,1012.1606621174453,0,Normal
2025-03-07 03:00:00,AWS_073,25.572101872428398,75.48689292240651,0.0,10.28980657513987,1012.5401841649444,0,Normal
2025-03-07 04:00:00,AWS_073,26.94026693836277,74.0650363613448,0.0,9.18684007124626,1012.8169776056616,0,Normal
2025-03-07 05:00:00,AWS_073,28.572153032257383,71.98941501352627,0.0,12.33908043830734,1012.2015854470702,0,Normal
2025-03-07 06:00:00,AWS_073,29.809424140784056,65.73629311039682,0.0,13.180075998033132,1012.1139766796371,0,Normal
2025-03-07 07:00:00,AWS_073,32.15920932718411,65.06749649417691,0.06570431418382253,9.570742680525294,1011.4992974694838,0,Normal
2025-03-07 08:00:00,AWS_073,33.94843730614323,59.294388836066126,0.0,12.895481501419077,1012.8436903221511,0,Normal
2025-03-07 09:00:00,AWS_073,33.80253586872833,53.92379949397295,0.0,12.79664976309834,1012.2964901487509,0,Normal
2025-03-07 10:00:00,AWS_073,35.72492775041697,53.66704175549137,0.0,10.410363787096802,1012.114600671798,0,Normal
2025-03-07 11:00:00,AWS_073,36.1788331983315,53.92299316308152,0.0,8.42358799488137,1012.0868611914547,0,Normal
2025-03-07 12:00:00,AWS_073,36.721684222945505,53.99657796668267,0.0,9.789057348755007,1012.2225117651261,0,Normal
2025-03-07 13:00:00,AWS_073,36.30610767866065,52.88489529486213,0.0,10.501538078972334,1012.4259286995785,0,Normal
2025-03-07 14:00:00,AWS_073,34.84384348220876,52.06096785054942,0.0,13.705412065042562,1012.4856571253977,0,Normal
2025-03-07 15:00:00,AWS_073,34.00659005565702,53.96001177408995,0.0,11.213931522283804,1012.8411311944411,0,Normal
2025-03-07 16:00:00,AWS_073,33.54056708752386,58.65213900712278,0.0,9.879621266070352,1012.1549228686177,0,Normal
2025-03-07 17:00:00,AWS_073,32.69462343209893,64.46566331400429,0.0,11.610112163782786,1012.908527574543,0,Normal
2025-03-07 18:00:00,AWS_073,29.197453526831186,65.8675382444289,0.0,9.443792183190947,1012.5581369390324,1,Stuck
2025-03-07 19:00:00,AWS_073,29.197453526831186,69.79134942027542,0.0,12.156796380553553,1011.9970579280263,1,Stuck
2025-03-07 20:00:00,AWS_073,29.197453526831186,72.60279570863419,0.05264042984954375,9.91726109049713,1011.1912850597552,1,Stuck
2025-03-07 21:00:00,AWS_073,29.197453526831186,74.9508195925358,0.0,10.133440702472372,1012.0656013486443,1,Stuck
2025-03-07 22:00:00,AWS_073,29.197453526831186,77.66611204347875,0.0,11.943931778739817,1012.7999073997197,1,Stuck
2025-03-07 23:00:00,AWS_073,24.316161300215747,79.75973936482708,0.0,14.004509884397796,1011.630885202354,0,Normal
2025-03-08 00:00:00,AWS_073,24.463449344447053,83.43619999247964,0.0,14.674304616208907,1012.0575963517709,0,Normal
2025-03-08 01:00:00,AWS_073,23.768475019707164,79.00945983727442,0.0,9.816287195194704,1012.0968227349009,0,Normal
2025-03-08 02:00:00,AWS_073,23.935326371194414,78.09560520858935,0.0,10.479636404939502,1012.4831248210439,0,Normal
2025-03-08 03:00:00,AWS_073,26.862607928431636,73.8758463969852,0.0,12.146303027648536,1011.8160039899196,0,Normal
2025-03-08 04:00:00,AWS_073,26.95009419860803,73.93326213294631,0.0,13.12464559236005,1011.5730661231685,0,Normal
2025-03-08 05:00:00,AWS_073,28.716359861843273,71.61564403397438,0.0,8.123791270838215,1012.2906073026016,0,Normal
2025-03-08 06:00:00,AWS_073,29.7122228347354,68.2489956919135,0.0,11.499375535215083,1011.6317609441805,0,Normal
2025-03-08 07:00:00,AWS_073,31.252515644948343,61.52444337285361,0.0,10.63610761075427,1011.0835500025606,0,Normal
2025-03-08 08:00:00,AWS_073,33.442773247092646,58.64870856655847,0.0,8.479240313704267,1012.9193368651078,0,Normal
2025-03-08 09:00:00,AWS_073,34.35346056946512,54.08629763786171,0.0,9.357968747613342,1012.4605144586615,0,Normal
2025-03-08 10:00:00,AWS_073,35.972989211953696,53.065656302622465,0.0,10.510505302993462,1012.9365412465442,0,Normal
2025-03-08 11:00:00,AWS_073,36.61861785037513,51.139042910662404,0.0,11.448834367581545,1012.4297019592369,0,Normal
2025-03-08 12:00:00,AWS_073,36.745532938265846,50.116528774502974,0.09452183034182465,12.871209244257122,1012.3307262762269,0,Normal
2025-03-08 13:00:00,AWS_073,36.49321954963296,50.786619990218234,0.0,11.889018514638062,1012.173159869607,0,Normal
2025-03-08 14:00:00,AWS_073,36.69879608676805,52.91346351002072,0.4830641459194401,12.777245158623366,1011.8932261556039,0,Normal
2025-03-08 15:00:00,AWS_073,34.159543446685134,53.80509341251066,0.0,11.394460441005291,1012.2401418379045,0,Normal
2025-03-08 16:00:00,AWS_073,33.52597203653174,57.01500641584393,0.0,10.295391225500625,1011.7053205635176,0,Normal
2025-03-08 17:00:00,AWS_073,32.79293270905301,64.53243835080531,0.0,11.075619698885706,1011.4451704875106,0,Normal
2025-03-08 18:00:00,AWS_073,32.235131899396144,70.42109353769277,0.0,12.392953410599944,1011.8115204437349,1,Noise
2025-03-08 19:00:00,AWS_073,24.04408202437144,66.47355177946972,0.0,12.896951679816258,1012.6212277878233,1,Noise
2025-03-08 20:00:00,AWS_073,25.451217946835058,69.98105759124789,0.0,11.124725713122835,1011.3571266012506,1,Noise
2025-03-08 21:00:00,AWS_073,31.722731058614446,73.69229606218191,0.0,9.951292438517193,1011.3629199355996,1,Noise
2025-03-08 22:00:00,AWS_073,23.541256892635538,77.78380422668947,0.0,11.84687844277531,1012.2646811734701,1,Noise
2025-03-08 23:00:00,AWS_073,14.316809511657826,81.28044841641054,0.0,12.05878680071988,1011.759335586944,1,Noise
2025-03-09 00:00:00,AWS_073,23.83750758413789,81.18250588409654,0.0,13.189316416218416,1012.2074708258322,1,Noise
2025-03-09 01:00:00,AWS_073,34.192221669230086,79.83294966789695,0.0,10.32051419146322,1012.4575004014307,1,Noise
2025-03-09 02:00:00,AWS_073,28.9458328542722,79.04825215068237,0.0,10.335381615662154,1012.191186329114,1,Noise
2025-03-09 03:00:00,AWS_073,23.844342896665232,74.22242940454147,0.0,12.469735072735643,1011.6421457195019,1,Noise
2025-03-09 04:00:00,AWS_073,27.34848274240811,72.01175445649476,0.0,10.722759983299994,1012.5975838564309,1,Noise
2025-03-09 05:00:00,AWS_073,31.791562842988423,68.84209657978622,0.0,10.65779791401929,1012.3250267593698,1,Noise
2025-03-09 06:00:00,AWS_073,30.172478524240336,61.8315673222563,0.27739893989810904,13.211946127125525,1011.9652278347472,0,Normal
2025-03-09 07:00:00,AWS_073,32.45295201177707,58.795093914016995,0.0,9.272638332840433,1011.9388710150774,0,Normal
2025-03-09 08:00:00,AWS_073,35.33074322476172,55.256867877444684,0.0,14.411860159560078,1012.1345072320361,0,Normal
2025-03-09 09:00:00,AWS_073,33.7600791007593,55.921614729569335,0.0,10.407009325975938,1011.7893676794428,0,Normal
2025-03-09 10:00:00,AWS_073,35.975621937885556,52.50032884037825,0.0,12.6244603345054,1011.1276057775966,0,Normal
2025-03-09 11:00:00,AWS_073,35.92593214982687,51.73323500581186,0.0,11.159571811829123,1012.3161356226893,0,Normal
2025-03-09 12:00:00,AWS_073,36.93435967680852,46.32069002039507,0.0,11.728216597005742,1012.2842769144199,0,Normal
2025-03-09 13:00:00,AWS_073,36.412832096761484,47.54397923356077,0.0,10.92539357642492,1010.7862211079924,0,Normal
2025-03-09 14:00:00,AWS_073,36.24403010586322,53.33604982374641,0.0,12.602836752699782,1012.1899408810634,0,Normal
2025-03-09 15:00:00,AWS_073,35.54012925369213,48.83605899886969,0.0,10.79538270524039,1012.810693331718,0,Normal
2025-03-09 16:00:00,AWS_073,33.70905473077024,59.949258715199605,0.0,10.455343843982986,1011.3664811729755,0,Normal
2025-03-09 17:00:00,AWS_073,32.827162779990786,57.471080036416616,0.0,14.033169620723687,1011.8915035272637,0,Normal
2025-03-09 18:00:00,AWS_073,29.189851112319847,66.68668978384996,0.0,11.355622553121034,1011.8350068757533,0,Normal
2025-03-09 19:00:00,AWS_073,29.999197304314723,67.10511642702387,0.0,10.296395088094155,1012.754052898188,0,Normal
2025-03-09 20:00:00,AWS_073,27.824285469498538,74.59780743034317,0.0,9.072896763948087,1012.4821693904411,0,Normal
2025-03-09 21:00:00,AWS_073,27.004719120745225,82.0229235456312,0.0,14.10508021256107,1011.4803367727507,0,Normal
2025-03-09 22:00:00,AWS_073,24.67397917400836,73.44402579652433,0.0,10.477209917344153,1012.0884531267213,0,Normal
2025-03-09 23:00:00,AWS_073,24.309441038551114,80.87964169005731,0.0,14.396238455458395,1013.0665789927136,0,Normal
2025-03-10 00:00:00,AWS_073,24.692419415070038,76.38367457281252,0.0,11.900144040997175,1011.6007380821412,0,Normal
2025-03-10 01:00:00,AWS_073,24.800474891566875,80.34242523877103,0.0,11.514570031826942,1011.9053642897296,0,Normal
2025-03-10 02:00:00,AWS_073,25.581335087591597,77.57683672966279,0.0,11.553385969518473,1012.1655440289678,0,Normal
2025-03-10 03:00:00,AWS_073,27.017106171070246,75.8661663627219,0.16491836343731975,14.620922982586979,1011.6016123449529,0,Normal
2025-03-10 04:00:00,AWS_073,26.55129460542418,70.67662744734352,0.0,8.007043346013667,1012.7860904529275,0,Normal
2025-03-10 05:00:00,AWS_073,29.643190628115907,70.44336789553081,0.30662381814652556,11.615256410542996,1011.6660041000447,0,Normal
2025-03-10 06:00:00,AWS_073,30.618166890177193,62.10328432405924,0.0,10.894309956624241,1011.2056700756225,0,Normal
2025-03-10 07:00:00,AWS_073,32.0452248133395,63.60098884925967,0.0,10.97084483327107,1011.6355460620742,0,Normal
2025-03-10 08:00:00,AWS_073,32.733290059948786,56.681499386779635,0.0,11.512820539262409,1012.2223966184291,0,Normal
2025-03-10 09:00:00,AWS_073,35.16180625517994,51.58801692739561,0.0,10.887837694976481,1011.4946490598246,0,Normal
2025-03-10 10:00:00,AWS_073,34.366398870143094,55.19949258991482,0.0,11.567779387032022,1012.0426854191695,0,Normal
2025-03-10 11:00:00,AWS_073,36.80467493741172,50.37642730004567,0.0,11.24857996974506,1012.1707106026158,0,Normal
2025-03-10 12:00:00,AWS_073,35.726190109681674,53.81527194088405,0.0,9.311969982970226,1011.2828180761953,0,Normal
2025-03-10 13:00:00,AWS_073,36.45045097674931,52.95382486429066,0.0,11.852715705617706,1011.6032837611154,0,Normal
2025-03-10 14:00:00,AWS_073,35.74883767397721,50.41332753366055,0.4504438109888455,12.353106037333601,1012.0574701314524,0,Normal
2025-03-10 15:00:00,AWS_073,35.56991303242743,54.22341868032829,0.0,10.46428195747849,1012.2320406736557,0,Normal
2025-03-10 16:00:00,AWS_073,33.519716879128374,57.74207587932714,0.0,14.077578838952416,1011.6092925370466,0,Normal
2025-03-10 17:00:00,AWS_073,31.764699257709818,64.17032072343507,0.0,13.277444992754079,1011.9524207177428,0,Normal
2025-03-10 18:00:00,AWS_073,30.325662268386527,65.87503542673423,0.0,12.538366791269747,1011.7324165169522,0,Normal
2025-03-10 19:00:00,AWS_073,29.841792657038365,69.23487091873072,0.0,12.518518743271851,1012.2361598710557,0,Normal
2025-03-10 20:00:00,AWS_073,27.954106445888687,72.10024082580338,0.0,11.314280658172517,1012.1297917847987,0,Normal
2025-03-10 21:00:00,AWS_073,26.15965820317943,75.50548764608894,0.0,12.979539306548277,1011.6811937640147,0,Normal
2025-03-10 22:00:00,AWS_073,25.29700283551891,80.59956522812323,0.0,13.621957306740827,1012.1050075415491,0,Normal
2025-03-10 23:00:00,AWS_073,23.900505744576815,79.49629809593097,0.0,12.476203966930509,1011.6573368434412,0,Normal
2025-03-11 00:00:00,AWS_073,24.870792938406908,79.21000545740365,0.0,10.407083814775525,1012.0901674900559,0,Normal
2025-03-11 01:00:00,AWS_073,23.7876031108629,78.35987306310865,0.0,11.201325871415785,1012.0949843403499,0,Normal
2025-03-11 02:00:00,AWS_073,25.895309638724058,76.88285074909426,0.0,12.11969060208597,1013.0427109591271,0,Normal
2025-03-11 03:00:00,AWS_073,26.476250751728266,72.80240972571268,0.0,12.51413875574702,1011.6869072744273,0,Normal
2025-03-11 04:00:00,AWS_073,29.075221476542612,70.99924938334703,0.0,11.1396397490544,1011.782254927211,0,Normal
2025-03-11 05:00:00,AWS_073,28.43138431873091,71.87912622783846,0.0,10.403975246394,1011.5271242213928,0,Normal
2025-03-11 06:00:00,AWS_073,30.58410980239149,64.58680147886501,0.15615678154603527,13.628829370157057,1011.3321791003787,0,Normal
2025-03-11 07:00:00,AWS_073,33.27891869359023,62.526537660574384,0.0,9.642368466057121,1011.6182117080552,0,Normal
2025-03-11 08:00:00,AWS_073,34.36318794129012,52.54248696419833,0.0,9.837177880700562,1012.1768433870398,0,Normal
2025-03-11 09:00:00,AWS_073,34.47458757658894,55.53002090013354,0.0,9.256809604641782,1012.2108749697863,0,Normal
2025-03-11 10:00:00,AWS_073,35.98152457137986,51.68691353449519,0.0,9.830499223492264,1011.9878353723485,0,Normal
2025-03-11 11:00:00,AWS_073,36.449061441715585,49.548232559882955,0.0,13.115165232795155,1011.6899643379489,0,Normal
2025-03-11 12:00:00,AWS_073,36.822793175626394,50.36191991484226,0.0,13.163717847090428,1011.5890106968789,0,Normal
2025-03-11 13:00:00,AWS_073,36.03127674229061,49.51946209803992,0.0,11.129719537706803,1011.3751344307703,0,Normal
2025-03-11 14:00:00,AWS_073,35.798798223415766,47.76186910345671,0.0,11.983576892568363,1011.5529574673089,0,Normal
2025-03-11 15:00:00,AWS_073,33.94135290501768,56.237894164545665,0.0,11.221664226236257,1011.1816889067505,0,Normal
2025-03-11 16:00:00,AWS_073,33.73992091880082,57.98603512269638,0.0,9.447769981658391,1012.5060338486234,0,Normal
2025-03-11 17:00:00,AWS_073,32.48307433017397,60.48982941396649,0.0,14.56120819535924,1012.7435322811631,0,Normal
2025-03-11 18:00:00,AWS_073,30.524994418286237,63.067629255855124,0.0,13.294468430924564,1010.8548770966215,0,Normal
2025-03-11 19:00:00,AWS_073,28.14079727314644,65.94257064432354,0.0,11.762296727867431,1011.9652923188241,0,Normal
2025-03-11 20:00:00,AWS_073,28.257154809269487,72.94778541413612,0.0,9.945140210788885,1011.9548585963671,0,Normal
2025-03-11 21:00:00,AWS_073,26.641401241221974,78.83348363824894,0.0,10.889879341948925,1011.9207692256425,0,Normal
2025-03-11 22:00:00,AWS_073,25.034854238081838,78.39671401024866,0.0,10.186946733593423,1011.517844976872,0,Normal
2025-03-11 23:00:00,AWS_073,24.703986906648762,76.72336418215036,0.0,11.370260915701783,1012.3233265190655,0,Normal
2025-03-12 00:00:00,AWS_073,23.768784502445524,80.45023345407681,0.2724706457792798,11.687073151233026,1012.0151606893686,0,Normal
2025-03-12 01:00:00,AWS_073,24.25966671923318,79.38220146984256,0.0,10.708799325956752,1012.3248355122404,0,Normal
2025-03-12 02:00:00,AWS_073,25.152907729864882,79.71846830891504,0.0,9.037165957838464,1011.4368713411235,0,Normal
2025-03-12 03:00:00,AWS_073,27.16743556395972,76.82006807262167,0.0,14.415169430363699,1011.1118887240693,0,Normal
2025-03-12 04:00:00,AWS_073,27.290596128420336,66.52835493178016,0.0,11.571665281568748,1012.0187857878592,0,Normal
2025-03-12 05:00:00,AWS_073,29.50678408243803,69.97277008539471,0.0,11.898555716963717,1011.3177141590353,0,Normal
2025-03-12 06:00:00,AWS_073,30.353850024848793,62.99304118099183,0.0,10.578344539606869,1012.3243389270481,0,Normal
2025-03-12 07:00:00,AWS_073,32.37978973675546,58.27425684056479,0.0,8.867231195348975,1010.731581673545,0,Normal
2025-03-12 08:00:00,AWS_073,33.5945344047081,57.12305317925287,0.0,11.08358467007578,1011.5584756954039,0,Normal
2025-03-12 09:00:00,AWS_073,35.447108722185504,55.21534050026181,0.0,10.721988400359177,1011.4826381377744,0,Normal
2025-03-12 10:00:00,AWS_073,35.557159655803865,48.72814972265977,0.0,12.26940728255495,1011.622264267159,0,Normal
2025-03-12 11:00:00,AWS_073,35.53518959613249,51.92026543977908,0.0,12.56250472027762,1011.9168557593636,0,Normal
2025-03-12 12:00:00,AWS_073,35.85523731265897,51.5266776950632,0.0,12.349213580500436,1011.9822778366264,0,Normal
2025-03-12 13:00:00,AWS_073,36.16208792598423,50.60506499826297,0.0,12.682357218404706,1012.1018826260678,0,Normal
2025-03-12 14:00:00,AWS_073,35.13362622746983,50.274371682779325,0.0,13.903725133091275,1012.1573609754851,0,Normal
2025-03-12 15:00:00,AWS_073,35.176925595024585,52.4346422738232,0.0,11.78128009316795,1011.6919590746836,0,Normal
2025-03-12 16:00:00,AWS_073,33.40994229904125,59.55186426316045,0.0,12.843600632595344,1012.8299282519049,0,Normal
2025-03-12 17:00:00,AWS_073,33.668324485535834,58.095268950470384,0.0,11.933840536065647,1012.4669755495196,0,Normal
2025-03-12 18:00:00,AWS_073,29.649258201622043,67.12894092163836,0.0,8.341267706580707,1011.6152907027607,0,Normal
2025-03-12 19:00:00,AWS_073,29.26239085532698,68.55188735827693,0.0,10.957809871945058,1011.7007025102355,0,Normal
2025-03-12 20:00:00,AWS_073,27.01758925020012,72.30833100071429,0.0,9.886290884133766,1011.60047012444,0,Normal
2025-03-12 21:00:00,AWS_073,26.15691300348153,72.19042630697156,0.0,11.533274349033706,1011.9464981120763,0,Normal
2025-03-12 22:00:00,AWS_073,25.585524770960077,77.6969477965094,0.0,9.997873683361306,1011.2767347954064,0,Normal
2025-03-12 23:00:00,AWS_073,23.507276325507107,80.71605842635877,0.0,12.091173188491542,1011.365790007427,0,Normal
2025-03-13 00:00:00,AWS_073,24.841375959782294,77.32717982429604,0.0,12.65245529442304,1010.6747307657758,0,Normal
2025-03-13 01:00:00,AWS_073,26.04669357329182,80.4861591288397,0.0,12.984527873559324,1011.556939098977,0,Normal
2025-03-13 02:00:00,AWS_073,25.233509997665475,78.16840556412463,0.0,13.606323168574091,1012.2865041556207,0,Normal
2025-03-13 03:00:00,AWS_073,26.616188353239767,74.3190904901336,0.0,8.661651087279298,1011.6759295803221,0,Normal
2025-03-13 04:00:00,AWS_073,28.319113849557333,74.2093461729826,0.0,9.375441914299714,1011.7017547740165,0,Normal
2025-03-13 05:00:00,AWS_073,29.054088550355132,64.47777213858069,0.0,15.563917866538144,1011.8867710997431,0,Normal
2025-03-13 06:00:00,AWS_073,30.358010474445344,65.69336149748742,0.0,12.68473215547923,1011.2444287242795,0,Normal
2025-03-13 07:00:00,AWS_073,30.895268261174156,64.35658463960877,0.0,11.505368389694336,1011.7560465907663,0,Normal
2025-03-13 08:00:00,AWS_073,34.09359708768486,60.379886278201326,0.0,11.215000925858405,1012.1864244079694,0,Normal
2025-03-13 09:00:00,AWS_073,34.884946697992724,55.17301172327883,0.0,11.079901037748977,1011.8923975524133,0,Normal
2025-03-13 10:00:00,AWS_073,35.299951146034886,51.40625739097173,0.0,8.262816391725133,1012.22605477784,0,Normal
2025-03-13 11:00:00,AWS_073,36.58412157168166,49.23950749256871,0.0,10.003185913268931,1012.3668949437622,0,Normal
2025-03-13 12:00:00,AWS_073,36.363597502868394,49.39414841218871,0.0,10.99214989406582,1012.0639805862854,0,Normal
2025-03-13 13:00:00,AWS_073,36.19349970012478,51.59872710149979,0.0,10.084371562598163,1011.3738590457376,0,Normal
2025-03-13 14:00:00,AWS_073,36.27611981586061,50.39513133231459,0.0669484204810666,10.278695855183257,1011.5563318670038,0,Normal
2025-03-13 15:00:00,AWS_073,34.1569937919509,55.90824591830255,0.0,14.992733815355885,1012.6920011060109,0,Normal
2025-03-13 16:00:00,AWS_073,34.34695914850332,61.766321036006644,0.0,10.77539233847895,1011.8811982077356,0,Normal
2025-03-13 17:00:00,AWS_073,31.434057547321384,60.9939478532074,0.0,11.568285509646163,1011.8124496594336,0,Normal
2025-03-13 18:00:00,AWS_073,30.32331669915784,62.31121039343339,0.0,11.513141900051833,1011.2898492508709,0,Normal
2025-03-13 19:00:00,AWS_073,30.32297113085659,66.19279618390497,0.0,12.031757075573303,1011.6719560438976,0,Normal
2025-03-13 20:00:00,AWS_073,28.399708253537923,74.05313110342315,0.0,10.429872414628612,1012.0737312606678,0,Normal
2025-03-13 21:00:00,AWS_073,26.540392386505207,75.48710935987732,0.0,13.014495552900774,1011.720825315067,0,Normal
2025-03-13 22:00:00,AWS_073,24.965172977144036,79.74404284889468,0.0,11.807592471187819,1011.4515714820636,0,Normal
2025-03-13 23:00:00,AWS_073,24.61369560726726,78.42161889601732,0.0,9.209726503564568,1011.5654258062302,0,Normal
2025-03-14 00:00:00,AWS_073,24.77194712588713,81.66124709507966,0.0,10.977439333033606,1012.3028899845735,0,Normal
2025-03-14 01:00:00,AWS_073,24.956106474562183,79.17228904743656,0.0,10.878693503864042,1012.0387263205076,0,Normal
2025-03-14 02:00:00,AWS_073,25.479635635211128,76.52537294611868,0.0,10.807886841052076,1011.9697147680669,0,Normal
2025-03-14 03:00:00,AWS_073,26.470331109369052,74.80460476019344,0.0,11.897297653657752,1011.9209946175217,0,Normal
2025-03-14 04:00:00,AWS_073,27.60400449420916,70.10589128915353,0.0,12.083656048382974,1011.1068976158948,0,Normal
2025-03-14 05:00:00,AWS_073,28.315683868378485,72.86100479370103,0.0,11.904762092059926,1011.8324463415066,0,Normal
2025-03-14 06:00:00,AWS_073,30.42503232008388,64.80723637288303,0.0,11.636368098032607,1012.2281348956227,0,Normal
2025-03-14 07:00:00,AWS_073,32.83777841745438,62.40674250082658,0.6168628924251242,11.254662606249902,1011.5615299026302,0,Normal
2025-03-14 08:00:00,AWS_073,32.91623764845513,56.426261734258404,0.0,7.89760491413899,1012.178564379112,0,Normal
2025-03-14 09:00:00,AWS_073,34.867291682601206,52.28954263824214,0.1352368189485037,12.289462131870165,1011.960323541443,0,Normal
2025-03-14 10:00:00,AWS_073,35.443828005560704,51.54185792139755,0.0,11.853360492813744,1012.0994065983722,0,Normal
2025-03-14 11:00:00,AWS_073,36.60303435490401,52.71349767242237,0.0,9.641891991296825,1011.7088985770453,0,Normal
2025-03-14 12:00:00,AWS_073,36.50862799142077,48.95853641720343,0.0,11.538110275430519,1012.1245834339109,0,Normal
2025-03-14 13:00:00,AWS_073,37.4249353778403,48.77004866020514,0.0,12.087345927294487,1010.9468103300902,0,Normal
2025-03-14 14:00:00,AWS_073,36.24418041734762,52.320547431971704,0.0,12.870508548582396,1011.6935846454496,0,Normal
2025-03-14 15:00:00,AWS_073,34.200768330147724,55.391443483637275,0.0,11.877288258734504,1012.0313800306284,0,Normal
2025-03-14 16:00:00,AWS_073,34.149075348611035,60.78569633770636,0.0,11.592435346512294,1011.8208833452045,0,Normal
2025-03-14 17:00:00,AWS_073,31.835588255848016,61.82521528020718,0.0,12.528386054865932,1012.2184065604408,0,Normal
2025-03-14 18:00:00,AWS_073,30.40239139113064,66.28798535706247,0.0,10.646610891592355,1011.5899066396637,0,Normal
2025-03-14 19:00:00,AWS_073,29.38508802741474,70.32083615037845,0.0,11.722617496415907,1011.3925899061484,0,Normal
2025-03-14 20:00:00,AWS_073,27.455781662600273,70.19396923613473,0.0,10.171133023658758,1010.844641705125,0,Normal
2025-03-14 21:00:00,AWS_073,27.045019701474164,73.67993757685912,0.0,12.76643642807007,1011.5255577893414,0,Normal
2025-03-14 22:00:00,AWS_073,25.092202778860322,75.82258847755529,0.0,8.684611651591107,1011.9183405216259,0,Normal
2025-03-14 23:00:00,AWS_073,24.587250243601805,76.82459588295272,0.0,12.322469446136719,1012.0382694887446,0,Normal
2025-03-15 00:00:00,AWS_073,24.361460045346902,81.5909197497408,0.0,11.12211089614903,1010.9560348007624,0,Normal
2025-03-15 01:00:00,AWS_073,24.621451376910997,80.06898757766353,0.0,12.541810625397298,1012.2411526916397,0,Normal
2025-03-15 02:00:00,AWS_073,26.220856649491576,78.14937318294947,0.0,9.921093658052001,1011.1641424330629,0,Normal
2025-03-15 03:00:00,AWS_073,26.89323333558768,70.42116868699368,0.0,11.225064575530748,1011.588641667497,0,Normal
2025-03-15 04:00:00,AWS_073,28.785662278512465,76.61095371723724,0.0,11.179211745843675,1011.3626706222964,0,Normal
2025-03-15 05:00:00,AWS_073,30.568465368721544,67.09374166823069,0.0,11.737267766473654,1011.853567011586,0,Normal
2025-03-15 06:00:00,AWS_073,30.143457659492583,69.10362551187791,0.0,9.51327372772643,1011.6898428676485,0,Normal
2025-03-15 07:00:00,AWS_073,32.35814593751813,58.219231362159555,0.0,12.037111926213871,1011.9796534095325,0,Normal
2025-03-15 08:00:00,AWS_073,33.058349862013024,55.87519768288693,0.0,8.31211915639636,1012.560435246941,0,Normal
2025-03-15 09:00:00,AWS_073,34.541234593039,49.98769951718253,0.0,10.077366732215934,1011.8353231699737,0,Normal
2025-03-15 10:00:00,AWS_073,35.5843453382092,52.73386889511882,0.0,8.733202692481536,1011.345921295004,0,Normal
2025-03-15 11:00:00,AWS_073,35.92858696195423,48.30859896404151,0.0,12.31779310487094,1011.8626599971077,0,Normal
2025-03-15 12:00:00,AWS_073,36.13727261941318,47.85399969180329,0.0,11.673824891555405,1012.602559664964,0,Normal
2025-03-15 13:00:00,AWS_073,36.47846691507091,47.76608417131518,0.0,11.755849834330663,1011.9560249221304,0,Normal
2025-03-15 14:00:00,AWS_073,35.23667910371246,53.56432906870915,0.0,13.279737516732451,1012.0985665348204,0,Normal
2025-03-15 15:00:00,AWS_073,35.51954728796804,55.816325585336884,0.0,10.594200897626118,1010.826796637968,0,Normal
2025-03-15 16:00:00,AWS_073,33.22204854143178,61.12406778215757,0.7346834121423237,11.980650324075791,1011.8148894886729,0,Normal
2025-03-15 17:00:00,AWS_073,34.0124240997084,59.74630108131625,0.0,11.163462145835695,1011.4853068352572,0,Normal
2025-03-15 18:00:00,AWS_073,30.504003103697638,65.4376387420936,0.17855058843755783,10.933232039656689,1011.2771189960564,0,Normal
2025-03-15 19:00:00,AWS_073,29.266192959591848,66.3036152817339,0.0,13.020676290790057,1011.6038886772806,0,Normal
2025-03-15 20:00:00,AWS_073,26.999752348150402,71.82992195452937,0.0,14.181708684160242,1011.6672304434187,0,Normal
2025-03-15 21:00:00,AWS_073,27.55902938280789,74.56891109123586,0.0,10.409840167471549,1011.2985838127747,0,Normal
2025-03-15 22:00:00,AWS_073,26.254618498949274,78.91928097175742,0.0,12.305768499031494,1011.7028781551139,0,Normal
2025-03-15 23:00:00,AWS_073,25.162718117364978,81.5229310071724,0.0,11.532011858934686,1011.5197694386846,0,Normal
2025-03-16 00:00:00,AWS_073,23.97309260369179,81.982133381663,0.0,11.548150931033831,1011.95559933985,0,Normal
2025-03-16 01:00:00,AWS_073,25.113067422439464,77.80326284990079,0.0,11.420393128436904,1011.7160344415407,0,Normal
2025-03-16 02:00:00,AWS_073,24.91425686354024,79.98731686601258,0.0,10.54815221631296,1011.7880760237216,0,Normal
2025-03-16 03:00:00,AWS_073,27.419083584340683,75.51843144358261,0.0,5.668439462785216,1012.0876758575318,0,Normal
2025-03-16 04:00:00,AWS_073,28.270868690670486,71.85080620820597,0.0,13.346263824729947,1011.873327538822,0,Normal
2025-03-16 05:00:00,AWS_073,29.29073928034724,67.46526270289996,0.0,10.000088923946565,1011.5906753562306,0,Normal
2025-03-16 06:00:00,AWS_073,29.325600543826805,63.88012841127689,0.0,10.677988490568653,1010.5481232301759,0,Normal
2025-03-16 07:00:00,AWS_073,31.75132397616184,64.60234201585466,0.0,10.708019696382031,1011.8463180648434,0,Normal
2025-03-16 08:00:00,AWS_073,34.20214685919884,58.114821532988046,0.0,9.860887231778442,1011.1313609907885,0,Normal
2025-03-16 09:00:00,AWS_073,35.76088950588837,54.742621977204195,0.0,11.395084247696385,1011.542072515844,0,Normal
2025-03-16 10:00:00,AWS_073,36.65319887230378,51.485125226159525,0.0,10.966385533370532,1011.7685839205034,0,Normal
2025-03-16 11:00:00,AWS_073,35.632915213000686,55.40306982854003,0.0,9.956178809778278,1012.2474441539472,0,Normal
2025-03-16 12:00:00,AWS_073,36.97452046902423,52.61002097769285,0.0,11.253062835199529,1012.4999604725497,0,Normal
2025-03-16 13:00:00,AWS_073,37.19947173477675,49.068988376066386,0.0,10.977665244629417,1011.1160595748529,0,Normal
2025-03-16 14:00:00,AWS_073,34.99677482609273,51.46238883382417,0.0,12.417117057452506,1010.9166071443583,0,Normal
2025-03-16 15:00:00,AWS_073,35.03453534905766,53.96490919545997,0.0,9.012907379025233,1011.7352672502667,0,Normal
2025-03-16 16:00:00,AWS_073,33.96195397089682,57.79174395656519,0.0,9.8135183837777,1011.6914928458045,0,Normal
2025-03-16 17:00:00,AWS_073,32.171112744170614,59.715262338199324,0.0,12.107668031445856,1010.9672115540102,0,Normal
2025-03-16 18:00:00,AWS_073,29.688366335058003,65.87763304672339,0.0,10.058224896566193,1011.5577187383635,0,Normal
2025-03-16 19:00:00,AWS_073,29.052334066240313,71.78646194061643,0.0,9.66085206191245,1011.8626616818234,0,Normal
2025-03-16 20:00:00,AWS_073,27.60528522959697,69.87274378199167,0.0,10.128633636620648,1010.9466865418425,0,Normal
2025-03-16 21:00:00,AWS_073,26.4711831724866,73.35030824361408,0.0,10.860715014884889,1011.0623411263042,0,Normal
2025-03-16 22:00:00,AWS_073,25.269428368177806,77.02406394617196,0.0,10.86452617795647,1011.2354255006768,0,Normal
2025-03-16 23:00:00,AWS_073,24.74329526897295,78.61529627412035,0.0,10.693466871365835,1011.4492472174902,0,Normal
2025-03-17 00:00:00,AWS_073,24.781825149953317,83.99693174949186,0.0,9.463665198605256,1011.9002351972542,0,Normal
2025-03-17 01:00:00,AWS_073,25.276555653004653,81.4923058343657,0.0,12.164358161187167,1011.3878814397887,0,Normal
2025-03-17 02:00:00,AWS_073,25.428815822910046,79.8790257610031,0.0,12.992054716965722,1011.5766527527281,0,Normal
2025-03-17 03:00:00,AWS_073,26.320178241434245,75.07787033077142,0.5646566240921312,8.135185802489884,1012.6699560499999,0,Normal
2025-03-17 04:00:00,AWS_073,27.865002216934652,71.92737318642637,0.0,8.668620120619451,1011.0665850218231,0,Normal
2025-03-17 05:00:00,AWS_073,28.10510500189644,65.97887484900701,0.0,12.501317180772297,1011.2161167270074,0,Normal
2025-03-17 06:00:00,AWS_073,31.097766463606618,66.56348045609563,0.0,13.349825359550941,1011.8795313606062,0,Normal
2025-03-17 07:00:00,AWS_073,32.365095883487136,62.09982353307976,0.0,7.799459980183114,1012.0323822532306,0,Normal
2025-03-17 08:00:00,AWS_073,33.83730719513122,60.07199472935657,0.0,12.214479238890435,1011.7436350661858,0,Normal
2025-03-17 09:00:00,AWS_073,35.63354148252752,53.971738855489455,0.0,13.4462388269609,1012.4385926240326,0,Normal
2025-03-17 10:00:00,AWS_073,34.83988997036154,51.72606065083263,0.0,9.69389357091795,1011.6907112570555,0,Normal
2025-03-17 11:00:00,AWS_073,35.42764567899129,50.851203662785245,0.0,13.35510514543139,1010.5418061386099,0,Normal
2025-03-17 12:00:00,AWS_073,36.98163505001486,51.78379515101419,0.0,10.716701883222823,1011.576230756703,0,Normal
2025-03-17 13:00:00,AWS_073,36.60959680879185,47.57068136146901,0.0,11.453737304863296,1011.2401162765075,0,Normal
2025-03-17 14:00:00,AWS_073,36.117527295241985,53.481731210710166,0.2838952907907674,9.901018527636749,1012.2153893826166,0,Normal
2025-03-17 15:00:00,AWS_073,34.785587411801295,54.35240715785613,0.0,12.479496585920462,1012.0036712050776,0,Normal
2025-03-17 16:00:00,AWS_073,34.219786957683425,55.3827254640926,0.22792687204046258,12.227715738704845,1010.7243896957624,0,Normal
2025-03-17 17:00:00,AWS_073,32.9346216326023,56.94850281815406,0.0,13.561183830217741,1012.1922702741435,0,Normal
2025-03-17 18:00:00,AWS_073,31.113460254827135,64.7270525762433,0.0,13.133111554564412,1011.984671533533,0,Normal
2025-03-17 19:00:00,AWS_073,29.114603873785626,71.77771164308595,0.0,10.956554609771404,1011.3506332408864,0,Normal
2025-03-17 20:00:00,AWS_073,26.560343446099886,75.84936933348278,0.0,15.630925245978577,1011.4715202651689,0,Normal
2025-03-17 21:00:00,AWS_073,27.044797493349744,76.3173541391384,0.0,12.992622415924028,1012.2047068915392,0,Normal
2025-03-17 22:00:00,AWS_073,26.363718126918826,81.91439238445108,0.0,11.775282089678738,1010.5207398244985,0,Normal
2025-03-17 23:00:00,AWS_073,25.41894785038696,79.40300522842253,0.0,9.466849509406185,1011.7270724502092,0,Normal
2025-03-18 00:00:00,AWS_073,24.30091423185377,81.90660710328557,0.0,8.6656035566924,1012.0489561855351,0,Normal
2025-03-18 01:00:00,AWS_073,25.438350809911586,78.58642561652316,0.0,8.791180886429125,1011.4557730289714,0,Normal
2025-03-18 02:00:00,AWS_073,26.150721492036254,76.96118337819829,0.0,9.556292941023477,1011.8219628844165,0,Normal
2025-03-18 03:00:00,AWS_073,27.5241296249196,74.25158348403694,0.0,13.020812133461405,1011.5474639378976,0,Normal
2025-03-18 04:00:00,AWS_073,27.30673659661319,68.37894210575138,0.0,11.683556977692167,1011.1017459858817,0,Normal
2025-03-18 05:00:00,AWS_073,29.14453503152169,71.45647019643162,0.0,10.030927771532314,1011.087129823587,0,Normal
2025-03-18 06:00:00,AWS_073,31.28260229871246,63.716735121723964,0.0,10.74524645097438,1011.8454889390683,0,Normal
2025-03-18 07:00:00,AWS_073,32.42251390964548,59.5148367639518,0.4224218398259016,10.560491266494182,1011.1695506783136,0,Normal
2025-03-18 08:00:00,AWS_073,33.165669075585264,55.14005663677465,0.0,12.145246264067792,1010.7229935712988,0,Normal
2025-03-18 09:00:00,AWS_073,35.32838564763819,53.98467940912922,0.0,9.625031486852926,1011.5443636505721,0,Normal
2025-03-18 10:00:00,AWS_073,36.381231656755844,55.5366035643529,0.0,11.46581406773264,1011.224504124333,0,Normal
2025-03-18 11:00:00,AWS_073,36.68711952465405,54.69867030730941,0.0,11.389467997357087,1010.8793715692849,0,Normal
2025-03-18 12:00:00,AWS_073,36.97143987142829,46.678266248395836,0.9708256007094862,9.664090650914291,1011.5126804135981,0,Normal
2025-03-18 13:00:00,AWS_073,36.48091992801683,49.80221661371141,0.0,13.317453531495147,1011.858326401429,0,Normal
2025-03-18 14:00:00,AWS_073,36.92460540131511,49.94090340304602,0.0,10.490137989262498,1011.4826446680545,0,Normal
2025-03-18 15:00:00,AWS_073,34.54460560920543,56.37007376462483,0.0,9.442418414415044,1010.9373310838408,0,Normal
2025-03-18 16:00:00,AWS_073,33.49087989858008,58.073187094587844,0.0,12.208910864570349,1011.709235441422,0,Normal
2025-03-18 17:00:00,AWS_073,32.403667567225305,59.844575668702525,0.0,11.009380047905728,1011.9837942731259,0,Normal
2025-03-18 18:00:00,AWS_073,31.372421545242567,65.14514616118204,0.35588238765479135,11.538323431894455,1012.570615860214,0,Normal
2025-03-18 19:00:00,AWS_073,28.394595603495187,67.92744843372239,0.0,9.146704038205215,1012.182903765876,0,Normal
2025-03-18 20:00:00,AWS_073,27.0606378808143,75.7284921887498,0.0,12.140389387403594,1010.9571858046103,0,Normal
2025-03-18 21:00:00,AWS_073,25.382417799927673,76.7005207478303,0.0,14.178447325044722,1011.886789895601,0,Normal
2025-03-18 22:00:00,AWS_073,25.672037471202483,79.33002789859945,0.0,9.023592449776059,1011.5838942926932,0,Normal
2025-03-18 23:00:00,AWS_073,24.38290898337206,74.15505243827022,0.0,11.44719301851875,1010.8774668377959,0,Normal
2025-03-19 00:00:00,AWS_073,24.619589543246786,79.86642264234237,0.0,9.735950531487989,1011.5932983911515,0,Normal
2025-03-19 01:00:00,AWS_073,25.45246124799048,83.65530931245408,0.0,14.946357929795369,1012.4086237834363,0,Normal
2025-03-19 02:00:00,AWS_073,25.270978423403626,80.64263919683995,0.6581376137047024,12.76942982542989,1012.0451024724051,0,Normal
2025-03-19 03:00:00,AWS_073,26.74904969570845,71.91242254595761,0.0,11.3311728934863,1010.9383306808986,0,Normal
2025-03-19 04:00:00,AWS_073,27.67418061849923,71.87314833463282,0.0,9.064239939818625,1011.4497996949275,0,Normal
2025-03-19 05:00:00,AWS_073,29.70499737848477,66.47924674470036,0.0,9.424984821098217,1011.6866640906909,0,Normal
2025-03-19 06:00:00,AWS_073,31.14057709982356,68.42220312072574,0.0,12.021506977398204,1010.5737611514427,0,Normal
2025-03-19 07:00:00,AWS_073,31.99410901373779,61.606270888014,0.0,8.85638171490066,1010.5888804359017,0,Normal
2025-03-19 08:00:00,AWS_073,33.75601611180008,55.96440888053713,0.0,8.901472544969804,1011.5117998951323,0,Normal
2025-03-19 09:00:00,AWS_073,35.72694359376668,54.46171416928336,0.0,10.909412019462293,1011.5162104443104,0,Normal
2025-03-19 10:00:00,AWS_073,36.29108261777362,46.79488788509645,0.0,11.094310445692667,1010.5108506908991,0,Normal
2025-03-19 11:00:00,AWS_073,42.08519599157678,48.34118999875082,0.0,11.462251382893301,1011.6221344518796,1,Noise
2025-03-19 12:00:00,AWS_073,34.23666743851373,50.07288745165262,0.0,10.230933668177705,1011.9695168663653,1,Noise
2025-03-19 13:00:00,AWS_073,22.464168624878702,52.20246334257062,0.0,12.268457289998477,1011.3147728010609,1,Noise
2025-03-19 14:00:00,AWS_073,39.88117151674422,48.12699070203874,0.0,9.593529771353401,1011.451717945824,1,Noise
2025-03-19 15:00:00,AWS_073,37.88179835613902,53.63108766679693,0.0,11.82423125630814,1011.7054066257652,1,Noise
2025-03-19 16:00:00,AWS_073,36.98260321263441,59.51937147703764,0.0,11.20345714529264,1011.6371044188056,1,Noise
2025-03-19 17:00:00,AWS_073,35.30043795602225,58.21480767471565,0.0,11.781259674234814,1010.581167842438,1,Noise
2025-03-19 18:00:00,AWS_073,31.507172550262222,65.45836566956835,0.0,12.651291560390296,1010.9608081110384,1,Noise
2025-03-19 19:00:00,AWS_073,28.685355745700647,69.01423468274982,0.0,10.193302920787627,1011.2133319043738,1,Noise
2025-03-19 20:00:00,AWS_073,26.762018155517342,75.92876064071321,0.0,9.882690616917097,1010.9787353153317,1,Noise
2025-03-19 21:00:00,AWS_073,24.92515387948398,75.14632933157493,0.0,8.339720277904584,1012.1405236119393,1,Noise
2025-03-19 22:00:00,AWS_073,24.594320573647444,77.64717986001644,0.0,7.841810288044721,1011.7221681593649,1,Noise
2025-03-19 23:00:00,AWS_073,24.73705122214647,81.19880690066539,0.0,10.60435323796069,1010.8479586207528,0,Normal
2025-03-20 00:00:00,AWS_073,24.500786631867683,77.34730266390132,0.0,10.705029721263722,1011.2935448853982,0,Normal
2025-03-20 01:00:00,AWS_073,24.359137693880907,79.0471209812343,0.0,9.235187449552077,1011.9638005817743,0,Normal
2025-03-20 02:00:00,AWS_073,25.037283027761024,77.07893103508556,0.08323313871146133,9.555659204991175,1011.0733768759023,0,Normal
2025-03-20 03:00:00,AWS_073,25.53324587574277,75.328778092388,0.0,13.145484687520756,1011.8201808675943,0,Normal
2025-03-20 04:00:00,AWS_073,28.311623167796142,74.19681289792568,0.0,12.172057247302524,1012.0838714660908,0,Normal
2025-03-20 05:00:00,AWS_073,30.40695998634483,69.99060864670216,0.3113615990049027,8.963879469557908,1011.9982450961688,0,Normal
2025-03-20 06:00:00,AWS_073,31.730520027368158,63.50263538294265,0.0,10.190758440307542,1011.4782699929034,0,Normal
2025-03-20 07:00:00,AWS_073,31.453380860142996,61.39111273011661,0.0,11.461273821403273,1012.0114740408493,0,Normal
2025-03-20 08:00:00,AWS_073,34.31182219848863,60.48088322820105,0.0,9.910581046932275,1011.1227364713774,0,Normal
2025-03-20 09:00:00,AWS_073,35.97360349650528,52.730666884607174,0.0,9.635200943576205,1012.624690403103,0,Normal
2025-03-20 10:00:00,AWS_073,35.80055252819184,52.299952504027445,0.0,10.33886010891462,1011.5000690773724,0,Normal
2025-03-20 11:00:00,AWS_073,36.73569409476405,50.12479125178672,0.0,12.480203516220696,1011.9509362793831,0,Normal
2025-03-20 12:00:00,AWS_073,35.67531692267904,49.87398996832645,0.0,12.614296082400621,1011.1944299807247,0,Normal
2025-03-20 13:00:00,AWS_073,36.83642897561315,47.24979736116517,0.0,9.737004380139803,1011.6230372100762,0,Normal
2025-03-20 14:00:00,AWS_073,35.439625955077105,54.83114465185783,0.04461130141471894,11.528980265829507,1011.6429575393959,0,Normal
2025-03-20 15:00:00,AWS_073,35.24480560944391,52.84469448042542,0.0,10.826513551495093,1010.9047051410265,0,Normal
2025-03-20 16:00:00,AWS_073,32.9464341880202,59.55214394030706,0.0,9.321754039940636,1010.8877967968584,0,Normal
2025-03-20 17:00:00,AWS_073,32.762554664203236,59.87496110736717,0.0,10.386470148618173,1011.2626640329019,0,Normal
2025-03-20 18:00:00,AWS_073,31.499400069141924,63.74899069620848,0.032426147701154484,8.9337038193278,1011.9154787390606,0,Normal
2025-03-20 19:00:00,AWS_073,28.86263476824778,71.30853217746873,0.0,12.57260968393514,1010.4449961290469,0,Normal
2025-03-20 20:00:00,AWS_073,27.20406538568027,74.48776920695585,0.0,13.154705164163365,1011.177183153844,0,Normal
2025-03-20 21:00:00,AWS_073,25.350723886748224,76.02393351572618,0.0,10.208106295932081,1012.0114422178149,0,Normal
2025-03-20 22:00:00,AWS_073,25.531734806962433,79.51268215637921,0.0,9.848314314772406,1010.7383396834064,0,Normal
2025-03-20 23:00:00,AWS_073,24.743978467983773,78.91178183382321,0.0,12.401790853585961,1011.9792535176294,0,Normal
2025-03-21 00:00:00,AWS_073,23.958630060119454,79.98326474456222,0.0,12.642087071382367,1010.7863058368082,0,Normal
2025-03-21 01:00:00,AWS_073,25.36624740950365,78.16563860940838,0.0,9.144209570195029,1010.889830991435,0,Normal
2025-03-21 02:00:00,AWS_073,25.424603351843608,79.7985109553671,0.0,10.591721234396458,1011.2723907183,0,Normal
2025-03-21 03:00:00,AWS_073,26.003400115492425,74.21977505546351,0.0,10.723340772629076,1012.2806312866452,0,Normal
2025-03-21 04:00:00,AWS_073,27.559480792073,75.47031268987571,0.0,9.653542614332341,1011.0217986370014,0,Normal
2025-03-21 05:00:00,AWS_073,29.982832029005277,68.25061733989816,0.0,11.386636790843168,1010.4732216623956,0,Normal
2025-03-21 06:00:00,AWS_073,31.255462566087708,65.04101712803266,0.0,9.755702027552752,1010.6366361939029,0,Normal
2025-03-21 07:00:00,AWS_073,32.36933333951007,62.63517036477086,0.0,9.993183249231876,1011.8014798146202,0,Normal
2025-03-21 08:00:00,AWS_073,34.26662950484215,57.547728842379165,0.0,10.649513167275128,1010.6560374206349,0,Normal
2025-03-21 09:00:00,AWS_073,34.44198927665296,53.79758165363117,0.0,8.56588529217754,1011.925292037554,0,Normal
2025-03-21 10:00:00,AWS_073,36.11219699736914,51.94957204761648,0.0,7.712748823819045,1011.3641076910102,0,Normal
2025-03-21 11:00:00,AWS_073,36.78129510199736,52.298749312779144,0.0,12.172785852845099,1011.3109795428924,0,Normal
2025-03-21 12:00:00,AWS_073,36.61616655312821,48.67429555572659,0.0,9.682839805213987,1011.4736705010916,0,Normal
2025-03-21 13:00:00,AWS_073,36.95561760993303,50.258638591117446,0.0,13.993566262360133,1010.9224617793268,0,Normal
2025-03-21 14:00:00,AWS_073,35.62739667271117,52.03019239790837,0.0,13.7469712883924,1011.3897618255153,0,Normal
2025-03-21 15:00:00,AWS_073,35.448751586144844,56.1225686732571,0.0,10.027439296193778,1010.7221936332996,0,Normal
2025-03-21 16:00:00,AWS_073,34.23204536788156,57.30030925225712,0.0,14.293678116271199,1011.9910802138817,0,Normal
2025-03-21 17:00:00,AWS_073,30.704257556430704,64.73431251244963,0.0,12.189400378282041,1010.8008921030498,0,Normal
2025-03-21 18:00:00,AWS_073,31.61652922391423,64.6869228445698,0.0,9.813006409327802,1011.5318853570592,0,Normal
2025-03-21 19:00:00,AWS_073,27.52155605749553,68.40691839972725,0.0,6.906154602864613,1010.7929755637789,0,Normal
2025-03-21 20:00:00,AWS_073,27.534121995080366,72.15793575676453,0.0,11.809082588184275,1011.041654451772,0,Normal
2025-03-21 21:00:00,AWS_073,27.277018564157824,72.9733188604822,0.0,10.821727934728424,1011.1192471139207,0,Normal
2025-03-21 22:00:00,AWS_073,25.518622470029822,75.91692736324921,0.8046832679922656,11.419759314130092,1012.7947438643952,0,Normal
2025-03-21 23:00:00,AWS_073,24.23057435433599,78.42755361485783,0.0,10.427394057414105,1011.2947539315289,0,Normal
2025-03-22 00:00:00,AWS_073,24.250290114328042,82.27165969770026,0.0,9.052792887541333,1010.8891195364433,0,Normal
2025-03-22 01:00:00,AWS_073,25.72780976700792,79.422635275612,0.0,10.125966823754291,1011.0755144493248,0,Normal
2025-03-22 02:00:00,AWS_073,24.558852536937625,77.02109267753517,0.0,11.824389862993286,1010.543364160824,0,Normal
2025-03-22 03:00:00,AWS_073,27.343345527533288,78.0596712090114,0.0,10.230796574513755,1011.2122160198302,0,Normal
2025-03-22 04:00:00,AWS_073,27.876211645478524,75.60235426578453,0.0,10.219657109937328,1012.2170612200118,0,Normal
2025-03-22 05:00:00,AWS_073,28.64160026122794,71.39305059835333,0.0,8.479126114185636,1011.4574469250327,0,Normal
2025-03-22 06:00:00,AWS_073,30.56075898595839,63.29382000552968,0.0,10.89292890027369,1011.7390372717026,0,Normal
2025-03-22 07:00:00,AWS_073,31.853881468204555,60.127217083074875,0.0,9.086150278791806,1010.8302749808698,0,Normal
2025-03-22 08:00:00,AWS_073,34.431708169008246,61.127472140629436,0.0,12.129756087139812,1011.1814860877965,0,Normal
2025-03-22 09:00:00,AWS_073,35.59473914069981,54.87567766620183,0.0,9.648732618040427,1011.3830192304773,0,Normal
2025-03-22 10:00:00,AWS_073,35.077963701976444,51.47436481344126,0.0,10.304243598730167,1010.9163256079297,0,Normal
2025-03-22 11:00:00,AWS_073,36.467371310391094,51.94780852832565,0.0,13.991689435545762,1011.4768938727383,0,Normal
2025-03-22 12:00:00,AWS_073,36.396721362493345,52.01459813471622,0.0,10.283765692774008,1011.5825165652078,0,Normal
2025-03-22 13:00:00,AWS_073,37.48695230646023,49.36821346380744,0.0,10.08067633103495,1011.5441386093576,0,Normal
2025-03-22 14:00:00,AWS_073,35.30204039851109,52.448498860473286,0.3887806606246505,11.617881652081055,1011.1950855457552,0,Normal
2025-03-22 15:00:00,AWS_073,36.121779146583016,56.2465184206359,0.0,8.05946467855586,1011.8139958104687,0,Normal
2025-03-22 16:00:00,AWS_073,33.89727517352106,55.17942570808029,0.0,12.611478664963279,1011.137644792908,0,Normal
2025-03-22 17:00:00,AWS_073,31.773654134867936,61.142405238314474,0.0,12.224080640696116,1011.0899568476837,0,Normal
2025-03-22 18:00:00,AWS_073,30.512181958462484,62.77122069389857,0.0,11.517752679935457,1011.9830508529809,0,Normal
2025-03-22 19:00:00,AWS_073,28.885304324184247,66.91512468268418,0.0,5.663331904491024,1010.7067126869656,0,Normal
2025-03-22 20:00:00,AWS_073,27.15505975771772,71.37379984503939,0.0,10.337762275124193,1010.4066262444079,0,Normal
2025-03-22 21:00:00,AWS_073,26.73472459625702,76.56084079355715,0.0,8.815480759091983,1010.8221177963387,0,Normal
2025-03-22 22:00:00,AWS_073,24.988203251643462,77.3463357994903,0.0,12.408839147511394,1011.4475625501985,0,Normal
2025-03-22 23:00:00,AWS_073,23.81796362730394,78.1920511443992,0.0,12.299418075219126,1011.893653110311,0,Normal
2025-03-23 00:00:00,AWS_073,24.694563201251558,80.10310912664991,0.0,11.300487352216884,1010.9195147500958,0,Normal
2025-03-23 01:00:00,AWS_073,24.04572864929315,77.19496193780316,0.0,8.911700396351293,1012.1551095514012,0,Normal
2025-03-23 02:00:00,AWS_073,25.2761740897644,78.8479874924344,0.0,12.955701784977379,1011.2592066424963,0,Normal
2025-03-23 03:00:00,AWS_073,26.13614378845702,77.86937524171483,0.0,10.318760641411329,1011.1857607539658,0,Normal
2025-03-23 04:00:00,AWS_073,27.402137207622527,72.34159191802398,0.0,13.418099435748433,1010.8164744085375,0,Normal
2025-03-23 05:00:00,AWS_073,30.57314854963031,68.47698768993739,0.0,11.106012526940289,1012.2150394048945,0,Normal
2025-03-23 06:00:00,AWS_073,30.959947474082046,65.74688070643114,0.0,11.466031653147706,1011.1621361145143,0,Normal
2025-03-23 07:00:00,AWS_073,32.62685045000053,57.0607754857991,0.0,10.013249354019736,1010.5692056657635,0,Normal
2025-03-23 08:00:00,AWS_073,32.86148510179431,58.57363491319573,0.0,12.812024212678836,1012.4619535320694,0,Normal
2025-03-23 09:00:00,AWS_073,34.77819485723777,60.597169889691514,0.0,11.612125197729045,1011.4278741579045,0,Normal
2025-03-23 10:00:00,AWS_073,36.25387148644984,51.76426650100398,0.0,12.86169404657183,1011.6283746452043,0,Normal
2025-03-23 11:00:00,AWS_073,36.109977995707794,50.272862538231315,0.7986720571627614,10.961549054450042,1012.0676602359156,0,Normal
2025-03-23 12:00:00,AWS_073,37.474578455929944,51.487214000199366,0.0,10.62255862998395,1011.5320325200547,0,Normal
2025-03-23 13:00:00,AWS_073,36.00427558395711,53.8017779420599,0.0,11.5836898399536,1011.7101674094907,0,Normal
2025-03-23 14:00:00,AWS_073,35.95526661043365,53.95955463210169,0.0,12.852681951571194,1011.2478071691514,0,Normal
2025-03-23 15:00:00,AWS_073,34.82253632709526,50.082184525034684,0.0,12.21184785780581,1011.5854330796709,0,Normal
2025-03-23 16:00:00,AWS_073,34.0307092372331,58.626797675325484,0.0,10.891955934467921,1011.1994107336569,0,Normal
2025-03-23 17:00:00,AWS_073,32.10132474937225,66.26157461394554,0.0,7.8966649079547455,1011.2043077060813,0,Normal
2025-03-23 18:00:00,AWS_073,30.770753488215725,66.24488209351892,0.0,11.895942794078827,1011.2721946394885,0,Normal
2025-03-23 19:00:00,AWS_073,29.239279943384695,66.57308184999431,0.0,8.520176225526516,1011.0118526056394,0,Normal
2025-03-23 20:00:00,AWS_073,27.493819680960858,73.06365924883723,0.0,10.728610364778046,1011.460373420061,0,Normal
2025-03-23 21:00:00,AWS_073,26.983445497125928,73.04522721511609,0.34329766861011635,10.500319381588756,1011.4570318210884,0,Normal
2025-03-23 22:00:00,AWS_073,25.88248545421924,80.4559884353043,0.0,8.545181494491702,1011.613492672941,0,Normal
2025-03-23 23:00:00,AWS_073,25.087453976842934,77.57712221828017,0.0,11.228453035794885,1011.5217631795165,0,Normal
2025-03-24 00:00:00,AWS_073,24.678472211892757,80.14848726938405,0.029511162978558908,13.899037819736362,1012.1999074073716,0,Normal
2025-03-24 01:00:00,AWS_073,25.619686043029862,77.77332739035232,0.0,10.196514348743683,1011.7241271225731,0,Normal
2025-03-24 02:00:00,AWS_073,25.600226443889248,76.8974849416706,0.0,11.812102203968376,1011.0921130914322,0,Normal
2025-03-24 03:00:00,AWS_073,26.511782643160842,78.57890300951921,0.0,14.19467616314488,1011.4202019861973,0,Normal
2025-03-24 04:00:00,AWS_073,28.001815470369774,72.7069143297874,0.08414701486261769,11.952918559177593,1011.8979429038354,0,Normal
2025-03-24 05:00:00,AWS_073,30.404596400147444,67.76388072908637,0.0,9.68958972686211,1010.7145352806112,0,Normal
2025-03-24 06:00:00,AWS_073,30.135899603505766,62.709544058226555,0.0,11.010231473372121,1012.1945712169992,0,Normal
2025-03-24 07:00:00,AWS_073,32.955493860615185,57.37431135066331,0.0,11.373732778949869,1010.7980594669125,0,Normal
2025-03-24 08:00:00,AWS_073,32.80531234149823,54.99743873295463,0.0,12.80113406465777,1011.6334461628423,0,Normal
2025-03-24 09:00:00,AWS_073,35.31476666231494,54.61731676509054,0.0,12.469340372633049,1011.1845383889267,0,Normal
2025-03-24 10:00:00,AWS_073,37.08350869920943,53.970086480678745,0.0,6.491288568452161,1011.1537020926685,0,Normal
2025-03-24 11:00:00,AWS_073,37.031604609413044,49.390409620819575,0.0,9.359654941068369,1010.5256424018979,0,Normal
2025-03-24 12:00:00,AWS_073,37.04576299828558,53.141087201438026,0.0,10.536768098413619,1011.6287798556278,0,Normal
2025-03-24 13:00:00,AWS_073,36.40321009860298,49.07611176120752,0.0,9.116722642394567,1010.5287821094746,0,Normal
2025-03-24 14:00:00,AWS_073,36.159239892687964,51.53359549747366,0.0,5.087359593436563,1010.4495079049346,0,Normal
2025-03-24 15:00:00,AWS_073,35.03639393137743,52.234244841527286,0.0,9.546911539431596,1011.7486767764492,0,Normal
2025-03-24 16:00:00,AWS_073,33.4739342085539,59.4815234691357,0.0,10.627764343034897,1012.0615607386288,0,Normal
2025-03-24 17:00:00,AWS_073,32.325035770183796,65.31273555155133,0.0,9.843092858592431,1010.8310681597728,0,Normal
2025-03-24 18:00:00,AWS_073,31.065599716227695,61.476366078127604,0.0,9.133443275184126,1011.6641791866048,0,Normal
2025-03-24 19:00:00,AWS_073,28.933848114304265,68.18996153926841,0.0,10.688892017522894,1011.558821714161,0,Normal
2025-03-24 20:00:00,AWS_073,27.46384259473226,75.02955969410007,0.0,11.139162914441645,1011.1127335844504,0,Normal
2025-03-24 21:00:00,AWS_073,25.889341453226102,72.712710674947,0.0,9.919469201617337,1011.8243362002738,0,Normal
2025-03-24 22:00:00,AWS_073,25.98692476599161,79.12374887070875,0.0,12.677813478176649,1011.0725519307831,0,Normal
2025-03-24 23:00:00,AWS_073,25.480792596757123,81.93183179475116,0.0,10.704600892199354,1011.4110657900769,0,Normal
2025-03-25 00:00:00,AWS_073,25.088658741978676,80.15645762871367,0.0,9.308588940970813,1010.5233499083503,0,Normal
2025-03-25 01:00:00,AWS_073,25.733716145062296,80.58941353621628,0.0,8.92688229318666,1010.5426566047204,0,Normal
2025-03-25 02:00:00,AWS_073,25.807240751760837,81.51218582902179,0.0,10.29206105847396,1011.7306309101962,0,Normal
2025-03-25 03:00:00,AWS_073,26.943739705656338,79.5034548260005,0.0,12.279472886798608,1011.4196484808874,0,Normal
2025-03-25 04:00:00,AWS_073,28.133974976695583,72.37606557393103,0.0,9.371633643506495,1011.0707553247845,0,Normal
2025-03-25 05:00:00,AWS_073,29.344330382567062,67.81752997793934,0.0,11.498809392662366,1012.0938446923036,0,Normal
2025-03-25 06:00:00,AWS_073,30.634169163783326,63.16003977785261,0.05957431181451205,10.744647650971991,1012.0865186992809,0,Normal
2025-03-25 07:00:00,AWS_073,33.834559148633396,63.071642624319615,0.0,13.590482520448269,1011.3553840783244,0,Normal
2025-03-25 08:00:00,AWS_073,33.68247122031441,54.75644888441806,0.0,11.183829704001484,1010.4059121790033,0,Normal
2025-03-25 09:00:00,AWS_073,34.79724181990699,53.88825020621938,0.0,9.54893125489167,1011.0758803494514,0,Normal
2025-03-25 10:00:00,AWS_073,36.411169478770184,52.21499848514235,0.0,11.69864167702027,1010.7133294805013,0,Normal
2025-03-25 11:00:00,AWS_073,36.9017596224898,49.505107580226465,0.0,11.746935805506112,1011.1723181907286,0,Normal
2025-03-25 12:00:00,AWS_073,36.112695391401076,50.559640530038244,0.0,9.994200402577357,1010.657354260691,0,Normal
2025-03-25 13:00:00,AWS_073,37.425207985386734,55.64013924224949,0.0,8.84153613407955,1010.5253317803177,0,Normal
2025-03-25 14:00:00,AWS_073,36.096154957670194,51.76642176254033,0.0,11.38939391578771,1009.9900804701722,0,Normal
2025-03-25 15:00:00,AWS_073,34.53307196549362,53.52258702734701,0.0,10.67842400241438,1011.2029585503004,0,Normal
2025-03-25 16:00:00,AWS_073,34.67072850927339,59.5306636487637,0.0,8.306134879051914,1009.9678915897447,0,Normal
2025-03-25 17:00:00,AWS_073,32.886243208977945,61.59688161175324,0.0,10.96054896673517,1010.9550965274706,0,Normal
2025-03-25 18:00:00,AWS_073,30.199661404327703,67.87867154242275,0.0,9.621084246136062,1011.4603595073756,0,Normal
2025-03-25 19:00:00,AWS_073,30.472242486236347,69.21166091617724,0.0,8.30097532974905,1010.7500577972818,0,Normal
2025-03-25 20:00:00,AWS_073,28.354583375789108,72.00315358405793,0.0,10.044007352420842,1010.566636461825,0,Normal
2025-03-25 21:00:00,AWS_073,26.71100194898425,72.0391519416091,0.0,12.494362120489754,1011.0730727753439,0,Normal
2025-03-25 22:00:00,AWS_073,26.718191965256512,74.7509116691431,0.0,12.37987709883406,1010.6906394850987,0,Normal
2025-03-25 23:00:00,AWS_073,25.260687064434357,75.81749001348182,0.0,11.985712510213274,1011.1957176665169,0,Normal
2025-03-26 00:00:00,AWS_073,24.94426120202724,80.75867833256848,0.0,10.967231880950456,1010.584420689477,0,Normal
2025-03-26 01:00:00,AWS_073,24.769821162668176,76.7643884346011,0.42175618415489474,11.45487522069751,1011.0465360389376,0,Normal
2025-03-26 02:00:00,AWS_073,26.11495662129795,80.50153578860535,0.0,10.706941840110417,1010.9235204845454,0,Normal
2025-03-26 03:00:00,AWS_073,27.005759911350733,75.66709484751011,0.0,8.89919296431033,1011.0889183458414,0,Normal
2025-03-26 04:00:00,AWS_073,27.971684386689105,72.01162616179666,0.0,9.19630927573684,1011.9102037244888,0,Normal
2025-03-26 05:00:00,AWS_073,28.936405151298537,67.19457552612913,0.0,9.64158234184269,1011.1904826056285,0,Normal
2025-03-26 06:00:00,AWS_073,31.041701524788348,66.24451749654041,0.0,12.652182638213922,1011.3407489378507,0,Normal
2025-03-26 07:00:00,AWS_073,32.475208435854114,59.508718684377364,1.161544945489259,12.162969101073505,1010.7740805122644,0,Normal
2025-03-26 08:00:00,AWS_073,33.16451611599529,55.52924399186024,0.0,8.925904329726725,1011.1960559110738,0,Normal
2025-03-26 09:00:00,AWS_073,34.324578700012275,56.77009812341248,0.0,10.623593708494251,1010.9449770999869,0,Normal
2025-03-26 10:00:00,AWS_073,36.500692035825345,52.71886126478346,0.0,9.937381373361546,1011.095158430988,0,Normal
2025-03-26 11:00:00,AWS_073,35.20028916215806,50.04125374916743,0.0,10.306425023267492,1011.4027552597427,0,Normal
2025-03-26 12:00:00,AWS_073,37.08953056251382,51.28286596946743,0.0,9.732794042265429,1010.8261180920491,0,Normal
2025-03-26 13:00:00,AWS_073,36.47540386734764,50.52897635188537,0.0,12.643176838266655,1010.875165307271,0,Normal
2025-03-26 14:00:00,AWS_073,36.948211073861344,52.77564524413679,0.0,10.504059428139989,1010.8289341800302,0,Normal
2025-03-26 15:00:00,AWS_073,34.914079836035846,52.75970247745088,0.0,10.854432966917482,1010.8172356597094,0,Normal
2025-03-26 16:00:00,AWS_073,34.36361743475239,61.64079721782124,0.0023714292089672836,10.864362294095468,1011.1546675418401,0,Normal
2025-03-26 17:00:00,AWS_073,32.283097148067036,59.95847438810974,0.0,8.984095646792177,1010.8840138884832,0,Normal
2025-03-26 18:00:00,AWS_073,31.036981794272574,68.11203265389996,0.0,10.686356080935232,1011.8129384380281,0,Normal
2025-03-26 19:00:00,AWS_073,29.858319713890406,68.50454797792885,0.3328777731415144,12.11477409354281,1012.401497498485,0,Normal
2025-03-26 20:00:00,AWS_073,27.69199524351231,74.11419423130992,0.0,12.728107368664624,1010.7759013695501,0,Normal
2025-03-26 21:00:00,AWS_073,2.9747764899441975,77.07504871585049,0.0,8.79511917248453,1011.2048307941596,1,Drop
2025-03-26 22:00:00,AWS_073,25.17794306897167,80.28408456706667,0.0,8.23670920678671,1011.5747904907074,0,Normal
2025-03-26 23:00:00,AWS_073,25.351903902620247,77.80763998000774,0.0,10.605581078071705,1010.9208699950502,0,Normal
2025-03-27 00:00:00,AWS_073,25.524673368142473,82.15127080255772,0.0,12.173927424233307,1010.5545072666023,0,Normal
2025-03-27 01:00:00,AWS_073,25.57194089403359,83.1817670961589,0.0,11.0473063033082,1011.9187482900412,0,Normal
2025-03-27 02:00:00,AWS_073,26.925569124628908,77.47299509828287,0.0,11.526120007034395,1011.390699568176,0,Normal
2025-03-27 03:00:00,AWS_073,26.271529050569413,75.67601385208246,0.0,8.46306534351722,1011.2049259246854,0,Normal
2025-03-27 04:00:00,AWS_073,27.145119926032216,71.4531067150397,0.0,9.643219342515485,1011.7688021662003,0,Normal
2025-03-27 05:00:00,AWS_073,28.82346773168741,68.1894131721676,0.0,7.204792517507271,1011.4266183130424,0,Normal
2025-03-27 06:00:00,AWS_073,31.369619639486665,68.42284559786498,0.0,10.28298802398869,1011.0154954612549,0,Normal
2025-03-27 07:00:00,AWS_073,32.82539060430124,59.10924527120178,0.0,7.24814877379142,1010.5491092936207,0,Normal
2025-03-27 08:00:00,AWS_073,34.03544248369915,55.615762356298454,0.0,12.491227041706942,1010.7887210967541,0,Normal
2025-03-27 09:00:00,AWS_073,34.543318301382975,57.61520015503054,0.0,12.822221962544889,1011.6357613103588,0,Normal
2025-03-27 10:00:00,AWS_073,36.631085439093454,53.25871579501015,0.0,10.698708989509582,1011.3723557711207,0,Normal
2025-03-27 11:00:00,AWS_073,36.03590296885341,54.75185310374902,0.0,8.21663680079115,1010.9359433684037,0,Normal
2025-03-27 12:00:00,AWS_073,37.67089630492963,49.09912272434829,0.0,11.046816875380731,1011.9105225091153,0,Normal
2025-03-27 13:00:00,AWS_073,38.48589768520722,50.763674880139114,0.0,13.269696886873906,1010.9465950028928,0,Normal
2025-03-27 14:00:00,AWS_073,36.392253342433435,50.68826505568981,0.0,11.192350177010468,1011.5169298621668,0,Normal
2025-03-27 15:00:00,AWS_073,35.569083798422014,54.68000061949718,0.0,12.253970516298214,1011.1311561436971,0,Normal
2025-03-27 16:00:00,AWS_073,33.681207806445165,53.951806605431386,0.2958180325658696,9.7464928920422,1011.9855793806036,0,Normal
2025-03-27 17:00:00,AWS_073,31.44405282319243,62.48762343677221,0.0,9.165170843963512,1011.3935923518935,0,Normal
2025-03-27 18:00:00,AWS_073,30.615975244254244,65.64694816698467,0.0,10.363436686359115,1011.0381166011182,0,Normal
2025-03-27 19:00:00,AWS_073,28.769293202861995,68.76717635160597,0.0,7.577414181504669,1010.9236038800011,0,Normal
2025-03-27 20:00:00,AWS_073,27.110077067398592,71.71927135080067,0.0,13.861346300283916,1011.0032866354959,0,Normal
2025-03-27 21:00:00,AWS_073,27.76938772531175,73.81709374306202,0.0,10.672428504177567,1010.646243025913,0,Normal
2025-03-27 22:00:00,AWS_073,25.94650760803219,79.44580688083211,0.0,11.760851575060462,1010.3235593780317,0,Normal
2025-03-27 23:00:00,AWS_073,25.41152762178092,77.14670742292921,0.0,9.766166794041396,1011.159248438077,0,Normal
2025-03-28 00:00:00,AWS_073,24.794181561618146,81.02379182409848,0.0,8.141536210210656,1010.7360917945105,0,Normal
2025-03-28 01:00:00,AWS_073,25.08063976132258,83.63779018395493,0.0,12.592622925783058,1010.7327342635334,0,Normal
2025-03-28 02:00:00,AWS_073,26.36281518097952,80.96142403405517,0.0,8.765483910177021,1010.954373089283,0,Normal
2025-03-28 03:00:00,AWS_073,26.718511499693452,72.5963458324569,0.0,10.972624868508577,1011.0228767770365,0,Normal
2025-03-28 04:00:00,AWS_073,28.2992855222366,71.4265238793134,0.0,11.11172507109574,1010.9984254300357,0,Normal
2025-03-28 05:00:00,AWS_073,29.310664449034217,69.72518715764848,0.0,10.555754681663085,1011.8618579837199,0,Normal
2025-03-28 06:00:00,AWS_073,30.77619914023381,64.8594361559713,0.0,9.2656799861339,1011.3218734435542,0,Normal
2025-03-28 07:00:00,AWS_073,31.690563659466576,58.31890288689735,0.2126664063389656,10.215835342533067,1012.042565419799,0,Normal
2025-03-28 08:00:00,AWS_073,32.795452901396715,58.27063190294698,0.0,9.012933561246015,1010.7671368870322,0,Normal
2025-03-28 09:00:00,AWS_073,35.06810777280913,54.37336449196919,0.0,11.649501187126956,1011.3764673561961,0,Normal
2025-03-28 10:00:00,AWS_073,36.2127539884979,55.83826976044098,0.0,11.290778634427099,1010.7908762493637,0,Normal
2025-03-28 11:00:00,AWS_073,36.00687724716907,50.004655200429085,0.0,10.399076936507543,1010.6999925991831,0,Normal
2025-03-28 12:00:00,AWS_073,36.96260958975007,52.336006770653185,0.0,9.576374470841598,1012.0513063742775,0,Normal
2025-03-28 13:00:00,AWS_073,36.81139263790541,47.976935799404025,0.5802618640956174,13.587598370714476,1010.5924379848082,0,Normal
2025-03-28 14:00:00,AWS_073,34.886422831198466,49.9536003474404,0.0,8.471244136069355,1009.8586227028695,0,Normal
2025-03-28 15:00:00,AWS_073,34.677727609306,55.83672220182077,0.0,8.105137817040298,1010.6184931624572,0,Normal
2025-03-28 16:00:00,AWS_073,34.22880399571145,59.66746156121474,0.0,10.296764592370355,1009.9662846273488,0,Normal
2025-03-28 17:00:00,AWS_073,32.769876545021205,59.20292887131341,0.0,10.030417429560462,1010.4927633785335,0,Normal
2025-03-28 18:00:00,AWS_073,30.29280089978522,65.04815481296782,0.0,12.06157571395204,1010.5370724201949,0,Normal
2025-03-28 19:00:00,AWS_073,29.527436657580758,66.11912732947965,0.0,11.382089084119594,1010.9820264463392,0,Normal
2025-03-28 20:00:00,AWS_073,28.59900011665569,72.13756034738904,0.0,10.454913910704125,1009.9375680163488,0,Normal
2025-03-28 21:00:00,AWS_073,27.209429988389644,77.28044728904646,0.0,11.158842092821653,1011.5583237429261,0,Normal
2025-03-28 22:00:00,AWS_073,25.732771558866503,77.12046405849429,0.0,11.129292690336378,1010.0204448329374,0,Normal
2025-03-28 23:00:00,AWS_073,24.91002069657359,78.99081798244842,0.0,13.559086559791137,1010.892436423968,0,Normal
2025-03-29 00:00:00,AWS_073,24.609018174940072,77.74040920340789,0.0,10.781502740184006,1010.7922173373903,0,Normal
2025-03-29 01:00:00,AWS_073,25.472022635371975,78.19217056708617,0.0,9.377546894890656,1011.3649533683974,0,Normal
2025-03-29 02:00:00,AWS_073,25.90805397680691,81.50660288919525,0.0,10.694617948848375,1011.1260338104706,0,Normal
2025-03-29 03:00:00,AWS_073,27.12240145875159,75.75245150123249,0.0,6.466549651305326,1011.5416831582721,0,Normal
2025-03-29 04:00:00,AWS_073,28.066777190846953,70.49538446669881,0.0,10.34329869927523,1010.765505117359,0,Normal
2025-03-29 05:00:00,AWS_073,29.92624759738504,68.25274177670182,0.0,12.029443727532916,1010.7118440063417,0,Normal
2025-03-29 06:00:00,AWS_073,31.044907046307546,61.80514475766687,0.0,11.290944979104054,1011.148599014688,0,Normal
2025-03-29 07:00:00,AWS_073,33.0121244893645,59.089394939181766,0.0,10.833200417831637,1011.4547911571048,0,Normal
2025-03-29 08:00:00,AWS_073,34.51113354749771,60.220679478092904,0.0,11.3569214101083,1011.3507120057909,0,Normal
2025-03-29 09:00:00,AWS_073,34.748804924014436,54.10843343342858,0.0,12.035642592468443,1011.0970723511579,0,Normal
2025-03-29 10:00:00,AWS_073,35.10038397278787,55.791079295435836,0.0,12.516301759694121,1011.0504848295325,0,Normal
2025-03-29 11:00:00,AWS_073,37.71100384601946,50.32041692867186,0.0,11.047328149158064,1010.9139978988079,0,Normal
2025-03-29 12:00:00,AWS_073,37.14358104275432,49.92804260761701,0.0,9.899668574500982,1011.1350969746286,0,Normal
2025-03-29 13:00:00,AWS_073,35.756679287472664,51.792900922748224,0.0,6.901242946733278,1011.9455890967109,0,Normal
2025-03-29 14:00:00,AWS_073,35.75790408706026,46.66444377879462,0.0,11.836475059332525,1010.8048257172148,0,Normal
2025-03-29 15:00:00,AWS_073,35.696033553697895,54.80327692950894,0.0,11.139706456608774,1010.7418584132796,0,Normal
2025-03-29 16:00:00,AWS_073,33.82268455365605,57.40202702387809,0.0,10.593578467182152,1010.7015672005105,0,Normal
2025-03-29 17:00:00,AWS_073,32.23638786513131,64.0897921104925,0.0,9.33019732633635,1011.1147737065867,0,Normal
2025-03-29 18:00:00,AWS_073,31.831456788547072,66.92935878832724,0.0,11.80768669206232,1009.8572074425872,0,Normal
2025-03-29 19:00:00,AWS_073,28.809855772533496,66.6149023054442,0.0,9.971786952129023,1010.848542531783,0,Normal
2025-03-29 20:00:00,AWS_073,27.512462407203166,74.98427723725516,0.0,10.30369011520999,1011.3543906728265,1,Stuck
2025-03-29 21:00:00,AWS_073,27.512462407203166,75.08197266663622,0.0,10.26902087721503,1010.6489462727906,1,Stuck
2025-03-29 22:00:00,AWS_073,27.512462407203166,76.1814746041745,0.0,11.025460606878056,1011.0034089668493,1,Stuck
2025-03-29 23:00:00,AWS_073,27.512462407203166,79.88309389607842,0.0,8.62541307241494,1011.9627199265485,1,Stuck
2025-03-30 00:00:00,AWS_073,27.512462407203166,79.59446128867236,0.0,11.189865733013926,1011.0718482371009,1,Stuck
2025-03-30 01:00:00,AWS_073,27.512462407203166,82.56581802239306,0.0,9.26238104919126,1009.7844316564783,1,Stuck
2025-03-30 02:00:00,AWS_073,27.512462407203166,78.671625113749,0.0,9.312682462558373,1010.1971000151786,1,Stuck
2025-03-30 03:00:00,AWS_073,26.594600909500386,76.01791955957023,0.0,11.66692132819735,1010.7745383689366,0,Normal
2025-03-30 04:00:00,AWS_073,28.03057767927127,74.30129416571089,0.0,8.844190595817835,1010.4961254026175,0,Normal
2025-03-30 05:00:00,AWS_073,29.50475391118993,71.06802891272324,0.0,11.659567717421847,1010.9477288886148,0,Normal
2025-03-30 06:00:00,AWS_073,31.1223929629338,66.5672101885946,0.0,10.484123830457218,1010.746748771509,0,Normal
2025-03-30 07:00:00,AWS_073,33.00995607540666,63.956641269092096,0.1484055795083584,7.857327047818101,1011.4750726149747,0,Normal
2025-03-30 08:00:00,AWS_073,34.326786599243675,58.71736482582757,0.0,12.37412317776345,1010.3443717608825,0,Normal
2025-03-30 09:00:00,AWS_073,35.26304877971322,54.72870121165519,0.0,10.790456023000688,1010.7842890003252,0,Normal
2025-03-30 10:00:00,AWS_073,35.70473085422311,54.48796306740948,0.0,10.91392906659399,1010.9946697140535,0,Normal
2025-03-30 11:00:00,AWS_073,36.83038529744002,50.329320325499694,0.22436142988578167,11.831267374333398,1011.0546100442567,0,Normal
2025-03-30 12:00:00,AWS_073,36.97758790698772,50.06649303268932,0.0,12.566897472240584,1010.9554483779998,0,Normal
2025-03-30 13:00:00,AWS_073,36.90603090718703,53.954266440257804,0.0,10.617267954113082,1009.6744125383793,0,Normal
2025-03-30 14:00:00,AWS_073,37.5148004626908,55.253467199143884,0.0,11.239318656574316,1010.9196993665797,0,Normal
2025-03-30 15:00:00,AWS_073,34.92327316024008,54.37704666835514,0.0,10.867825441652549,1010.8006807958519,0,Normal
2025-03-30 16:00:00,AWS_073,34.24843026659272,56.59289684538876,0.11148576982848406,9.794402669629374,1011.3061180916828,0,Normal
2025-03-30 17:00:00,AWS_073,33.18920651119486,64.04406132387919,0.0,7.931206271558981,1011.2335541816974,0,Normal
2025-03-30 18:00:00,AWS_073,31.05417172397078,66.60083671583043,0.0,10.626399124247765,1010.9904976753709,0,Normal
2025-03-30 19:00:00,AWS_073,30.845316381759606,69.51344818493253,0.0,12.370076905924247,1011.0246644578393,0,Normal
2025-03-30 20:00:00,AWS_073,27.768850441196392,71.85625457962011,0.0,11.174322545242923,1011.5422814993398,0,Normal
2025-03-30 21:00:00,AWS_073,26.947634727798057,76.2699948752274,0.0,8.69584007108133,1011.4392461427126,0,Normal
2025-03-30 22:00:00,AWS_073,25.32053130702304,77.94696413699117,0.0,11.940907691651512,1010.9997728141109,0,Normal
2025-03-30 23:00:00,AWS_073,24.989640102760585,78.16021103519003,0.0,9.828070050545096,1011.9328252660093,0,Normal
2025-03-31 00:00:00,AWS_073,25.14561040243641,80.25808465717446,0.0,7.151884235449138,1010.5440278555585,0,Normal
2025-03-31 01:00:00,AWS_073,25.708615120095924,80.01973548561523,0.0,11.814425804753949,1010.2634149468793,0,Normal
2025-03-31 02:00:00,AWS_073,25.991827131959543,77.23959092292611,0.0,8.867145006766007,1010.8487285690426,0,Normal
2025-03-31 03:00:00,AWS_073,27.50948332002951,77.41425309501724,0.0,12.953953187856147,1010.6652543024795,0,Normal
2025-03-31 04:00:00,AWS_073,27.93980578390973,75.07766478462197,0.0,12.002164239908828,1009.6175008303824,0,Normal
2025-03-31 05:00:00,AWS_073,29.24469688381883,70.82208106384863,0.0,9.93644756612351,1010.5219939232352,0,Normal
2025-03-31 06:00:00,AWS_073,32.619428068066156,64.447503229572,0.0,10.964827410840547,1011.0179903408107,0,Normal
2025-03-31 07:00:00,AWS_073,32.78661602456502,62.62935733183893,0.0,13.909305485480692,1010.815197920293,0,Normal
2025-03-31 08:00:00,AWS_073,33.56558982644583,57.65592279492008,0.0,11.771077018955404,1010.4539957111928,0,Normal
2025-03-31 09:00:00,AWS_073,34.823478202652296,51.921906325069884,0.0,10.62600415620614,1010.8614043963149,0,Normal
2025-03-31 10:00:00,AWS_073,35.62805469475898,53.35507770022891,0.0,14.600071600010759,1010.8997936923048,0,Normal
2025-03-31 11:00:00,AWS_073,37.35511866889046,50.80337588757787,0.0,10.440347448866882,1011.19381105843,0,Normal
2025-03-31 12:00:00,AWS_073,36.779105027700844,55.18709600413862,0.0,11.13433231975643,1010.5135405562417,0,Normal
2025-03-31 13:00:00,AWS_073,36.869810581227625,53.42565433222109,0.0,8.854923303347674,1011.2692368864813,0,Normal
2025-03-31 14:00:00,AWS_073,36.15598951961837,53.43191925710247,0.0,7.744796621752705,1010.2850052170411,0,Normal
2025-03-31 15:00:00,AWS_073,35.679580025693156,54.89173928477815,0.0,9.822802154359403,1010.5766570592684,0,Normal
2025-03-31 16:00:00,AWS_073,33.490096459020485,57.82744451011603,0.0,10.309747231118944,1011.6758615371353,0,Normal
2025-03-31 17:00:00,AWS_073,31.905810263277832,59.11033551619598,0.0,10.74365883483205,1010.3124460737913,0,Normal
2025-03-31 18:00:00,AWS_073,31.13291162686151,61.52202554560018,0.0,8.117734084293964,1010.4930219273361,0,Normal
2025-03-31 19:00:00,AWS_073,29.806085849519526,67.13716745837468,0.0,11.236028177678019,1010.1938712852411,0,Normal
2025-03-31 20:00:00,AWS_073,28.198032672446587,72.40456596365914,0.0,8.997063293510344,1010.4048154626121,0,Normal
2025-03-31 21:00:00,AWS_073,26.270286523749114,71.39552316138024,0.0,11.15336684999314,1010.885652679873,0,Normal
2025-03-31 22:00:00,AWS_073,26.209021523034952,76.90173747222109,0.0,11.640277613966049,1011.1677653027488,0,Normal
2025-03-31 23:00:00,AWS_073,24.756892547033072,78.99366132808717,0.0,9.642245682117164,1010.8031987549319,0,Normal
2025-04-01 00:00:00,AWS_073,24.685919323027623,79.56914689302909,0.0,8.787401196210407,1010.6481971733567,0,Normal
2025-04-01 01:00:00,AWS_073,24.636991314502556,78.16544019795973,0.0,12.546222699247378,1010.1871800431112,0,Normal
2025-04-01 02:00:00,AWS_073,26.58353427898255,77.30735342800378,0.0,11.537734845550156,1010.443027259729,0,Normal
2025-04-01 03:00:00,AWS_073,27.136474663642257,79.05438937404594,0.03248659982408177,10.453948039396648,1010.0316007030682,0,Normal
2025-04-01 04:00:00,AWS_073,28.362126613382603,73.8242905629812,0.0,12.426240873490286,1011.1709251449557,0,Normal
2025-04-01 05:00:00,AWS_073,30.19460876002369,67.7616841227415,0.1402195275946329,10.346106359326171,1011.2037092779127,0,Normal
2025-04-01 06:00:00,AWS_073,32.686848744988815,64.86330442327608,0.0,9.288066360737963,1010.7784768420047,0,Normal
2025-04-01 07:00:00,AWS_073,31.5266982504886,61.06108765215765,0.4104102976587278,8.713886340640295,1011.0174547147144,0,Normal
2025-04-01 08:00:00,AWS_073,33.55635156791795,55.964089132519696,0.0,10.052351855069313,1011.232874709582,0,Normal
2025-04-01 09:00:00,AWS_073,34.872368455304304,52.85513784671408,0.0,11.369241256932341,1010.8433926869343,0,Normal
2025-04-01 10:00:00,AWS_073,35.685146198204706,54.030666983886846,0.0,12.293908206671254,1011.4876240263359,0,Normal
2025-04-01 11:00:00,AWS_073,36.148540716303124,49.67154385063034,0.0,10.242142415530369,1010.2769533995407,0,Normal
2025-04-01 12:00:00,AWS_073,36.81979145484047,47.810607225938256,0.0,12.024171055501595,1010.6125463200467,0,Normal
2025-04-01 13:00:00,AWS_073,36.06522103589222,50.42483191752509,0.0,9.880684954346071,1010.551042660559,0,Normal
2025-04-01 14:00:00,AWS_073,36.39684859251016,52.245638449491665,0.0,9.027296378729897,1011.1065657272217,0,Normal
2025-04-01 15:00:00,AWS_073,35.273370299077186,50.44798983381412,0.0,8.237826729473666,1010.063909577293,0,Normal
2025-04-01 16:00:00,AWS_073,34.28836511562809,57.41850728436561,0.0,9.435538679701098,1011.5030017343992,0,Normal
2025-04-01 17:00:00,AWS_073,32.857333983867456,62.853674192158714,0.0,8.289513395891802,1011.0579364381235,0,Normal
2025-04-01 18:00:00,AWS_073,31.361618907637336,65.90245877104367,0.0,13.204366769750937,1011.650231930378,0,Normal
2025-04-01 19:00:00,AWS_073,29.22288474397974,73.34187590692775,0.0,10.84664262161079,1010.7528351637396,0,Normal
2025-04-01 20:00:00,AWS_073,29.272557427157956,75.00221896462436,0.0,10.041873242098617,1010.495997828483,0,Normal
2025-04-01 21:00:00,AWS_073,26.897913805003096,78.50446976729992,0.0,12.765894568814904,1011.0977478625886,0,Normal
2025-04-01 22:00:00,AWS_073,24.68627441236121,83.59055292859523,0.0,8.227086158280441,1011.2825153295983,0,Normal
2025-04-01 23:00:00,AWS_073,24.60295657360117,81.00519991788521,0.0,9.972367122562067,1010.4080609775477,0,Normal
2025-04-02 00:00:00,AWS_073,23.95565190526426,80.3261404158654,0.0,13.17518510869099,1009.7645123863523,0,Normal
2025-04-02 01:00:00,AWS_073,25.214813666047426,81.43636798119869,0.0,9.957205585286527,1009.8482178227846,0,Normal
2025-04-02 02:00:00,AWS_073,25.730743864479702,76.8719081899766,0.0,13.841077819757324,1010.8900834974784,0,Normal
2025-04-02 03:00:00,AWS_073,26.476292318797878,75.82197435678815,0.0,11.346854101270951,1011.5275268825578,0,Normal
2025-04-02 04:00:00,AWS_073,29.206550522842246,71.20454471384338,0.0,12.124924279436218,1010.1050546489105,0,Normal
2025-04-02 05:00:00,AWS_073,29.776474167681343,69.67825479166356,0.0,12.165965111711094,1010.617333243903,0,Normal
2025-04-02 06:00:00,AWS_073,31.4356590168678,63.69618182396036,0.0,10.163612913844615,1010.5773347142426,0,Normal
2025-04-02 07:00:00,AWS_073,31.99426889170018,59.74385732373875,0.07031733536401437,9.426476961667543,1011.709869241086,0,Normal
2025-04-02 08:00:00,AWS_073,33.40050792060333,58.32694658621101,0.0,9.983218103215515,1011.8769954444112,0,Normal
2025-04-02 09:00:00,AWS_073,35.2647124112343,54.11797540064065,0.0,8.673562843170671,1010.9579189166878,0,Normal
2025-04-02 10:00:00,AWS_073,36.2999361281163,48.15457667179992,0.0,10.052599180274589,1011.192738405977,0,Normal
2025-04-02 11:00:00,AWS_073,35.681735863756785,47.59999876303979,0.0,10.14251523134721,1011.1768840159407,0,Normal
2025-04-02 12:00:00,AWS_073,36.891769484971235,47.705467017077076,0.0,12.680556492650611,1010.0996706775322,0,Normal
2025-04-02 13:00:00,AWS_073,36.80393518625382,48.74516879343603,0.0,11.03419615582711,1011.0871405619416,0,Normal
2025-04-02 14:00:00,AWS_073,36.06698060988668,52.838465602190695,0.0,13.685786413332941,1010.2261240597578,0,Normal
2025-04-02 15:00:00,AWS_073,34.7545022619444,54.83127597634506,0.0,6.9001203152023916,1010.6482082724184,0,Normal
2025-04-02 16:00:00,AWS_073,33.67615027642507,59.63055874339839,0.0,8.311446195984868,1011.3018942522657,0,Normal
2025-04-02 17:00:00,AWS_073,32.44664313116064,62.623317969345734,0.0,9.601567939486413,1010.7705425877668,0,Normal
2025-04-02 18:00:00,AWS_073,31.054294809747358,67.14380591236531,0.0,12.370900713801642,1011.2793749938578,0,Normal
2025-04-02 19:00:00,AWS_073,29.8097433211846,70.09907805945605,0.0,9.96536520724093,1011.3758099971138,0,Normal
2025-04-02 20:00:00,AWS_073,28.64826163974042,72.91935861818298,0.0,7.925561648413548,1009.845763586577,0,Normal
2025-04-02 21:00:00,AWS_073,26.5804612978651,77.80530520237352,0.0,9.75718504747999,1009.6334344672557,0,Normal
2025-04-02 22:00:00,AWS_073,25.529824608905237,79.82920664024678,0.0,8.326043021722846,1011.3013829478999,0,Normal
2025-04-02 23:00:00,AWS_073,25.46666675371763,80.241078129444,0.0,8.029569370871869,1011.3195945355914,0,Normal
2025-04-03 00:00:00,AWS_073,25.3660902431202,82.54214374172028,0.0,13.115816273659734,1010.84474294822,0,Normal
2025-04-03 01:00:00,AWS_073,24.943460489441197,74.79731090932923,0.0,9.587726681833079,1010.9106090983344,0,Normal
2025-04-03 02:00:00,AWS_073,26.277569212400756,77.40945470848568,0.0,10.372433622578358,1011.1590810500423,0,Normal
2025-04-03 03:00:00,AWS_073,27.34454333626403,74.99502078649475,0.0,9.970833067241385,1011.1478184301496,0,Normal
2025-04-03 04:00:00,AWS_073,28.774389395839417,74.80536575496313,0.0,9.730586325051775,1010.5565794199878,0,Normal
2025-04-03 05:00:00,AWS_073,30.51339791563634,72.02507567043935,0.0,8.844399303110102,1011.1846546301005,0,Normal
2025-04-03 06:00:00,AWS_073,30.47940951284992,62.09964125957948,0.0,9.636998951722076,1010.5315517048697,0,Normal
2025-04-03 07:00:00,AWS_073,32.56044937416798,63.94004867176074,0.0,10.606363000319933,1010.8246232621461,0,Normal
2025-04-03 08:00:00,AWS_073,34.005897205946475,55.15710962794746,0.0,12.226020594555813,1010.8009190396375,0,Normal
2025-04-03 09:00:00,AWS_073,35.182858972144906,52.11096779108014,0.0,11.516777845845558,1010.2692490310491,0,Normal
2025-04-03 10:00:00,AWS_073,35.805586363438515,51.54104753857869,0.0,8.26457973127173,1010.3255363750654,0,Normal
2025-04-03 11:00:00,AWS_073,35.90313614286594,49.87469966139881,0.0,11.573533314392016,1011.8121465646956,0,Normal
2025-04-03 12:00:00,AWS_073,37.054450177516856,46.883165440566245,0.0,10.801445238311814,1010.2472120293754,0,Normal
2025-04-03 13:00:00,AWS_073,36.33330562303052,51.81086855264911,0.0,9.148759179743678,1010.8761979908672,0,Normal
2025-04-03 14:00:00,AWS_073,36.246431551641955,53.36842379268663,0.0,10.356537711505604,1010.9791820708655,0,Normal
2025-04-03 15:00:00,AWS_073,34.76481401042677,56.50148147452913,0.0,10.939373157440814,1010.6602391363955,0,Normal
2025-04-03 16:00:00,AWS_073,33.3387182770814,56.633089340444265,0.0,10.14907104787914,1011.0211577244293,0,Normal
2025-04-03 17:00:00,AWS_073,32.69191783615597,61.038548893517294,0.0,10.79640480225823,1010.8479705407979,0,Normal
2025-04-03 18:00:00,AWS_073,31.088886158636452,64.93914567019472,0.0,8.779160382476599,1010.2464199620138,0,Normal
2025-04-03 19:00:00,AWS_073,29.792894276525956,72.25827655947474,0.0,13.060381014293965,1010.9480218897445,0,Normal
2025-04-03 20:00:00,AWS_073,29.309661174601477,66.83151043473356,0.0,7.174750829003962,1010.4053282171919,0,Normal
2025-04-03 21:00:00,AWS_073,26.921776925416538,73.69271301982,0.0,10.932998667758834,1011.5460848864002,0,Normal
2025-04-03 22:00:00,AWS_073,26.092838939106546,78.00146274235017,0.0,10.61390987458921,1010.8883824807833,0,Normal
2025-04-03 23:00:00,AWS_073,24.555746383044525,77.31774692450502,0.0,11.025721555834284,1010.3218133088407,0,Normal
2025-04-04 00:00:00,AWS_073,24.22558693911496,79.48335928545777,0.0,8.996291663307847,1010.8411057618252,0,Normal
2025-04-04 01:00:00,AWS_073,26.151764807971574,79.2367363215962,0.0,11.810182399209086,1010.2056053626155,0,Normal
2025-04-04 02:00:00,AWS_073,25.24726993010454,76.67500883918164,0.0,9.891954442192779,1010.7949944045304,0,Normal
2025-04-04 03:00:00,AWS_073,26.128388642881383,75.73553957000355,0.0,8.272140607443855,1010.5513289383991,0,Normal
2025-04-04 04:00:00,AWS_073,27.973819401303025,73.75629855551563,0.0,8.406783929577932,1010.2488159049614,0,Normal
2025-04-04 05:00:00,AWS_073,29.39012944564312,68.4097527864758,0.06997854128164614,10.233592557063332,1010.2406051360331,0,Normal
2025-04-04 06:00:00,AWS_073,30.455533099832547,64.09361053206253,0.0,7.649287057569682,1011.8758679957355,0,Normal
2025-04-04 07:00:00,AWS_073,32.36684261172462,60.78618449015444,0.0,12.742361655288867,1010.7021727310558,0,Normal
2025-04-04 08:00:00,AWS_073,34.734410400855396,57.48512730670882,0.0,11.61251688797985,1010.4386834226303,0,Normal
2025-04-04 09:00:00,AWS_073,34.75569961936816,50.912759151532946,0.0,12.776932686429939,1010.3501708119925,0,Normal
2025-04-04 10:00:00,AWS_073,35.35647158633896,52.93272677915598,0.0,12.616331629021307,1010.8862909634009,0,Normal
2025-04-04 11:00:00,AWS_073,37.357498770719985,49.609110146770384,0.0,9.503865841847658,1010.3295383889158,0,Normal
2025-04-04 12:00:00,AWS_073,37.29162820336124,52.5230701496221,0.0,8.725259443525614,1010.0995566121336,0,Normal
2025-04-04 13:00:00,AWS_073,36.419353686926186,51.693219556948925,0.0,6.010121668735863,1010.6287382826498,0,Normal
2025-04-04 14:00:00,AWS_073,35.24281938969594,54.34975175167273,0.0,9.41495551642662,1010.6230415191687,0,Normal
2025-04-04 15:00:00,AWS_073,34.79168855478146,52.37139069477197,0.0,12.670310957879355,1010.4325898553824,0,Normal
2025-04-04 16:00:00,AWS_073,33.96285135412572,56.75722671762514,0.0,8.77757961808771,1010.1935431846226,0,Normal
2025-04-04 17:00:00,AWS_073,33.24784110541684,58.63279734854738,0.0,9.70199700336855,1010.4417862038702,0,Normal
2025-04-04 18:00:00,AWS_073,30.373421390589357,63.58961758214135,0.0,9.18254497576747,1010.4005367031126,0,Normal
2025-04-04 19:00:00,AWS_073,29.391588800711155,71.38649652555499,0.0,10.574413897202836,1010.329257380457,0,Normal
2025-04-04 20:00:00,AWS_073,28.400143651054442,75.47498115584499,0.0,11.938567975459488,1010.7697742885365,0,Normal
2025-04-04 21:00:00,AWS_073,25.323495049053097,73.3103351281893,0.0,7.6981437714362695,1011.7427237360239,0,Normal
2025-04-04 22:00:00,AWS_073,26.41885213375664,77.073825720132,0.0,7.982813441331949,1011.2935785248359,0,Normal
2025-04-04 23:00:00,AWS_073,24.48954170050643,79.33649605028812,0.0,12.23192415753597,1011.5967425754371,0,Normal
2025-04-05 00:00:00,AWS_073,25.193595873999328,81.17121128361956,0.0,11.09911006520312,1010.3400247943813,0,Normal
2025-04-05 01:00:00,AWS_073,25.346682516900014,75.96926686726303,0.0,9.607953537736156,1011.4593028837027,0,Normal
2025-04-05 02:00:00,AWS_073,26.448653434652776,74.78438089370971,0.3819383600766167,12.55516212149299,1010.7336856981674,0,Normal
2025-04-05 03:00:00,AWS_073,27.08179183227067,76.58585400554301,0.0,7.944507221753293,1011.1113192707884,0,Normal
2025-04-05 04:00:00,AWS_073,26.56732489503879,68.60192286216414,0.1588711104931982,11.386382336029401,1010.8450799498112,0,Normal
2025-04-05 05:00:00,AWS_073,28.969736101333158,67.98869086426006,0.0,9.884715460301692,1010.4426855204358,0,Normal
2025-04-05 06:00:00,AWS_073,31.07625715905435,65.32418361711768,0.0,10.89439787970274,1010.9721598084748,0,Normal
2025-04-05 07:00:00,AWS_073,32.42907401271612,61.94904626332842,0.0,6.401362438593333,1010.8529688604707,0,Normal
2025-04-05 08:00:00,AWS_073,34.279525135183306,57.21656380891233,0.0,9.588543028331484,1009.724503633285,0,Normal
2025-04-05 09:00:00,AWS_073,35.709027772729826,53.66188484410672,0.0,11.082299585195557,1010.5446287825858,0,Normal
2025-04-05 10:00:00,AWS_073,36.55379650307429,53.69876066266638,0.0,9.879614609375812,1011.0409877233842,0,Normal
2025-04-05 11:00:00,AWS_073,36.65936634853421,51.08152445839549,0.0,11.855061006138815,1010.7415918864264,0,Normal
2025-04-05 12:00:00,AWS_073,35.88437489910553,48.705966756097084,0.0,11.802325253044502,1010.8357127338244,0,Normal
2025-04-05 13:00:00,AWS_073,36.51424149536988,50.586558399028455,0.17784785911551804,8.529274686608929,1010.2233622229902,0,Normal
2025-04-05 14:00:00,AWS_073,36.437744211537925,52.77595698854581,0.0,11.20061047154246,1010.7252770487223,0,Normal
2025-04-05 15:00:00,AWS_073,34.57993628047067,57.82987276510455,0.0,8.47312786808278,1010.5470987705805,0,Normal
2025-04-05 16:00:00,AWS_073,34.37011925992901,59.07264733658315,0.0,10.04064436560752,1010.4916425122078,0,Normal
2025-04-05 17:00:00,AWS_073,33.08909257995441,63.54682803537008,0.0,10.941311919640583,1010.2518406924811,0,Normal
2025-04-05 18:00:00,AWS_073,31.067047858136796,63.77878520740074,0.0,8.701692483732575,1011.0470005854505,0,Normal
2025-04-05 19:00:00,AWS_073,27.599528255705106,67.8339198640278,0.0,11.132502488342366,1010.7604049267727,0,Normal
2025-04-05 20:00:00,AWS_073,27.2236376347087,72.02924001437403,0.0,9.19157491585637,1010.7080464766375,0,Normal
2025-04-05 21:00:00,AWS_073,27.87934109917108,75.31945642452189,0.32457716371915624,9.076056566058774,1011.6092676017948,0,Normal
2025-04-05 22:00:00,AWS_073,25.465968264161198,75.9743311411608,0.0,11.004572652873655,1010.8188782652281,0,Normal
2025-04-05 23:00:00,AWS_073,24.00377497542412,82.02075464744965,0.0,8.688129082009038,1011.1803311637267,0,Normal
2025-04-06 00:00:00,AWS_073,25.730734237313126,81.76670327551759,0.07429315079055544,8.609326614333007,1010.7146541036116,0,Normal
2025-04-06 01:00:00,AWS_073,25.20181157186811,78.87753167173301,0.0,11.49880420143027,1010.3997114472165,0,Normal
2025-04-06 02:00:00,AWS_073,26.455929848871683,79.27380235479428,0.0,10.097395195735185,1010.0448309642314,0,Normal
2025-04-06 03:00:00,AWS_073,26.912414733042375,76.05240004380589,0.0,7.750868556102263,1010.693201756298,0,Normal
2025-04-06 04:00:00,AWS_073,28.26377536700502,73.93965596186275,0.0,11.21299720388788,1009.2388697249543,0,Normal
2025-04-06 05:00:00,AWS_073,29.65328826708395,66.19367142948654,0.0,9.317119632520354,1010.7049565688732,0,Normal
2025-04-06 06:00:00,AWS_073,31.406644513685528,64.70867785360512,0.0,7.819986824748054,1010.7245315007547,0,Normal
2025-04-06 07:00:00,AWS_073,33.90727603754048,61.001637267650594,0.0,6.1610186804709866,1010.4561585249704,0,Normal
2025-04-06 08:00:00,AWS_073,34.57025670454978,58.7472841992233,0.0,11.274596017097904,1010.5168698833478,0,Normal
2025-04-06 09:00:00,AWS_073,34.281836838621516,53.13652307983752,0.0,8.627079859225134,1009.9355797929489,0,Normal
2025-04-06 10:00:00,AWS_073,36.45129334750178,47.00975749506863,0.0,8.048671202090508,1011.2520785904048,0,Normal
2025-04-06 11:00:00,AWS_073,37.467329141956924,48.347713170298135,0.14499888014843632,10.871023020361303,1010.3887642719001,0,Normal
2025-04-06 12:00:00,AWS_073,37.708245349462466,49.877904028578186,0.0,11.118085601384163,1010.0694570885036,0,Normal
2025-04-06 13:00:00,AWS_073,36.525953410201524,50.63888105667064,0.0,8.726222158858748,1010.825948449208,0,Normal
2025-04-06 14:00:00,AWS_073,36.881214543601004,55.37711518848339,0.0,11.273315114977944,1010.6071111694779,0,Normal
2025-04-06 15:00:00,AWS_073,35.785113026964396,55.558891163517984,0.050086472953433124,12.984169996343173,1010.3706816673856,0,Normal
2025-04-06 16:00:00,AWS_073,35.529066243621244,57.66306055846297,0.046281608735501925,11.919301031819098,1010.3159490669968,0,Normal
2025-04-06 17:00:00,AWS_073,30.151602335714273,61.05293176989932,0.0,11.683366301730068,1010.5432638405144,1,Noise
2025-04-06 18:00:00,AWS_073,33.41703056534629,67.20836676433939,0.0,10.365447899888077,1011.2171093572591,1,Noise
2025-04-06 19:00:00,AWS_073,28.267193328761476,67.70206477222293,0.0,9.226149491632762,1010.7770935112911,1,Noise
2025-04-06 20:00:00,AWS_073,26.340115387942664,72.2194324245188,0.0,9.805369330600348,1010.5232358497681,1,Noise
2025-04-06 21:00:00,AWS_073,26.00866548210238,73.4280854775216,0.0,10.547781453542187,1010.9647773627416,1,Noise
2025-04-06 22:00:00,AWS_073,26.703053345518118,80.82819315415719,0.0,7.997870777552741,1010.5504475571563,1,Noise
2025-04-06 23:00:00,AWS_073,21.35841344083243,80.27388526833924,0.7735749123601546,8.727534552298684,1010.7355796890396,1,Noise
2025-04-07 00:00:00,AWS_073,27.214487814793426,78.5849534079921,0.0,7.737449929396268,1010.6084901104297,1,Noise
2025-04-07 01:00:00,AWS_073,34.88279613895621,79.2599773736994,0.0,10.229321840760278,1010.8259399015083,1,Noise
2025-04-07 02:00:00,AWS_073,27.68026455942699,79.00968258317914,0.0,9.998588588963965,1010.307101809179,1,Noise
2025-04-07 03:00:00,AWS_073,26.89066139461253,75.10516389235366,0.0,8.892409541113478,1009.9576274249632,1,Noise
2025-04-07 04:00:00,AWS_073,28.420049089552084,71.4310587565748,0.0,11.099685218534221,1010.9788486500596,1,Noise
2025-04-07 05:00:00,AWS_073,31.498582511911124,67.57373830456915,0.0,8.299498771227572,1011.2760152104763,1,Noise
2025-04-07 06:00:00,AWS_073,31.477335260608992,65.67792379848223,0.0,8.829109159322044,1009.9757377459813,0,Normal
2025-04-07 07:00:00,AWS_073,32.70164050133161,60.40160576504082,0.0,11.0321119875427,1010.609452121763,0,Normal
2025-04-07 08:00:00,AWS_073,34.802139938563904,56.59248453047451,0.0,11.252005963373573,1010.2934999483664,0,Normal
2025-04-07 09:00:00,AWS_073,35.25675875522859,51.72127477209098,0.013785055181609678,8.662652065862627,1010.9577539098107,0,Normal
2025-04-07 10:00:00,AWS_073,36.47406204190246,52.16490009628776,0.0,10.20176339882058,1010.6375177154415,0,Normal
2025-04-07 11:00:00,AWS_073,36.99527208644749,50.14866572808016,0.0,8.682945798662992,1012.1760620398463,0,Normal
2025-04-07 12:00:00,AWS_073,36.80662370585951,49.35670330271607,0.0,9.552603575245588,1010.3597409679288,0,Normal
2025-04-07 13:00:00,AWS_073,37.01781438023615,50.90865396064141,0.0,10.061824231581745,1011.2772364593342,0,Normal
2025-04-07 14:00:00,AWS_073,37.5157266903486,53.50562346870522,0.0,10.68407175359318,1011.3240389610551,0,Normal
2025-04-07 15:00:00,AWS_073,35.059014969095664,55.796529226082725,0.0,10.317314342205494,1010.7716564836683,0,Normal
2025-04-07 16:00:00,AWS_073,34.229958748959554,58.60545700179952,0.0,10.248171752264556,1010.5215342987867,0,Normal
2025-04-07 17:00:00,AWS_073,33.285526259273155,60.63637376619075,0.0,8.218132209484489,1010.5485471429472,0,Normal
2025-04-07 18:00:00,AWS_073,31.661758830638945,63.866003328117515,0.0,10.415745203310607,1010.5043671464691,0,Normal
2025-04-07 19:00:00,AWS_073,29.43138212524589,66.79445439389293,0.0,10.657377857173325,1011.0640517749049,0,Normal
2025-04-07 20:00:00,AWS_073,26.546890446008085,71.31368698532384,0.4005731594755551,10.861630269676334,1010.0592217414679,0,Normal
2025-04-07 21:00:00,AWS_073,27.043959233977883,75.64590190807135,0.0,8.746395908955876,1010.4131866487605,0,Normal
2025-04-07 22:00:00,AWS_073,24.44839325390341,76.41780881346162,0.0,11.196501367417055,1010.3507251766725,0,Normal
2025-04-07 23:00:00,AWS_073,26.062287054419222,79.6810016725709,0.0,7.844716476332247,1009.626861241106,0,Normal
2025-04-08 00:00:00,AWS_073,25.077210878219446,78.06908664417627,0.0,9.171786427777675,1010.9175569795387,0,Normal
2025-04-08 01:00:00,AWS_073,25.77942033189811,76.16690361632197,0.0,9.402178989953692,1011.0177010661558,0,Normal
2025-04-08 02:00:00,AWS_073,25.237393534774125,79.62919329849618,0.0,7.919287040211086,1010.1672747882482,0,Normal
2025-04-08 03:00:00,AWS_073,25.800306672628658,74.65777252706653,0.0,9.374276204615295,1010.9975936426496,0,Normal
2025-04-08 04:00:00,AWS_073,28.1305411183954,70.82593269355222,0.0,10.140005249947485,1009.6888427437756,0,Normal
2025-04-08 05:00:00,AWS_073,29.400646238535682,66.69459139394293,0.0,7.066565832205798,1010.4907938275011,0,Normal
2025-04-08 06:00:00,AWS_073,30.678429603863304,65.8460719494608,0.0,9.21063082710969,1010.4138330947488,0,Normal
2025-04-08 07:00:00,AWS_073,32.57669410645439,63.86752974639812,0.0,7.177500374783142,1010.5189832220283,0,Normal
2025-04-08 08:00:00,AWS_073,35.633071012060725,56.69385227798771,0.0,12.859847393985586,1010.514528775185,0,Normal
2025-04-08 09:00:00,AWS_073,35.71558934361581,53.96227153287662,0.0,10.113712562481393,1010.432883466127,0,Normal
2025-04-08 10:00:00,AWS_073,36.79770620751892,54.152882623011564,0.0,9.981155258954184,1010.2756667341099,0,Normal
2025-04-08 11:00:00,AWS_073,37.27339044936022,46.89022119694735,0.0,10.137956124699933,1010.4133498890225,0,Normal
2025-04-08 12:00:00,AWS_073,37.85876682078108,53.93373728582533,0.4953394468583915,10.694060706312072,1011.147463962541,0,Normal
2025-04-08 13:00:00,AWS_073,36.65221510881359,55.39931321031671,0.0,11.251944868878502,1010.1746451270316,0,Normal
2025-04-08 14:00:00,AWS_073,34.933609856043645,46.596943884393255,0.0,7.436813616457584,1011.5898266577831,0,Normal
2025-04-08 15:00:00,AWS_073,35.09941173135321,54.19839182436827,0.552476325031611,11.74484190453075,1010.1427272651957,0,Normal
2025-04-08 16:00:00,AWS_073,34.456570099304955,56.06210593626086,0.0,11.645743532607343,1010.5784927324823,0,Normal
2025-04-08 17:00:00,AWS_073,31.940166099499578,60.58817078165273,0.0,9.67491484428792,1010.7422208011391,0,Normal
2025-04-08 18:00:00,AWS_073,30.86291333188729,64.16322986076815,0.0,9.593769980666726,1010.3088948164161,0,Normal
2025-04-08 19:00:00,AWS_073,29.000355065778074,70.50580387349652,0.0,5.11514916632029,1011.1441103898145,1,Drift
2025-04-08 20:00:00,AWS_073,29.587434363350887,72.27486018606402,0.0,7.900730052289994,1010.72369148568,1,Drift
2025-04-08 21:00:00,AWS_073,28.61113340862104,73.7847872893983,0.0,10.542416235418195,1010.3467920217055,1,Drift
2025-04-08 22:00:00,AWS_073,28.316752354837764,77.64601073417633,0.0,11.562493138338946,1011.1330339928286,1,Drift
2025-04-08 23:00:00,AWS_073,28.417264198578696,80.51845586826084,0.0,10.852246033644446,1009.9378149198551,1,Drift
2025-04-09 00:00:00,AWS_073,28.53538422502455,77.63255734446943,0.0,9.642840858466856,1010.1609790538514,1,Drift
2025-04-09 01:00:00,AWS_073,29.59858544149926,76.19642001639606,0.0,12.642644411047751,1010.7231668337308,1,Drift
2025-04-09 02:00:00,AWS_073,30.086213757113082,81.97586665843723,0.10247280902489668,11.259019695528671,1010.8407764362115,1,Drift
2025-04-09 03:00:00,AWS_073,31.156838797667888,74.32174835838134,0.0,9.15793683269236,1010.5995165743545,1,Drift
2025-04-09 04:00:00,AWS_073,34.519258539836585,72.22529402616095,0.0,13.019261638947725,1010.3727726824513,1,Drift
2025-04-09 05:00:00,AWS_073,36.78855238028195,68.08669486488665,0.0,8.099263110869442,1010.3088108257368,1,Drift
2025-04-09 06:00:00,AWS_073,31.68930235334393,66.09617540816429,0.0,7.533171037066923,1010.9983981442446,0,Normal
2025-04-09 07:00:00,AWS_073,33.45902699449877,64.66329416964427,0.0,9.106689796491658,1010.5510606338876,0,Normal
2025-04-09 08:00:00,AWS_073,34.90487539375465,58.65986768345857,0.0,8.597803225140872,1009.9929103580396,0,Normal
2025-04-09 09:00:00,AWS_073,34.60626534921858,51.3566679871218,0.0,9.185780792454944,1009.9622458059641,0,Normal
2025-04-09 10:00:00,AWS_073,35.946792182157104,49.24137208921636,0.0,10.927728089149866,1011.1820956963245,0,Normal
2025-04-09 11:00:00,AWS_073,37.04531172527902,49.71318305501014,0.0,9.677035627183912,1010.0641530965853,0,Normal
2025-04-09 12:00:00,AWS_073,38.480253853734965,49.46353360093347,0.0,9.712971884214765,1010.558069109703,0,Normal
2025-04-09 13:00:00,AWS_073,37.64427783183375,47.06721006657077,0.0,9.811050423353485,1011.0953272790799,0,Normal
2025-04-09 14:00:00,AWS_073,36.82800382449574,53.6483007835823,0.0,6.251750236647656,1010.6890990055635,0,Normal
2025-04-09 15:00:00,AWS_073,34.96972821926827,52.22075716643883,0.0,7.444757106308778,1010.0373962686533,0,Normal
2025-04-09 16:00:00,AWS_073,33.429385176076316,60.4866031242515,0.0,9.137089478456884,1009.9065433520035,0,Normal
2025-04-09 17:00:00,AWS_073,32.9851060533419,64.75897951787364,0.0,8.448070800666864,1011.3475083788583,0,Normal
2025-04-09 18:00:00,AWS_073,30.297989840955832,64.50349293473565,0.0,9.362189517062735,1009.8901564059787,0,Normal
2025-04-09 19:00:00,AWS_073,29.26194751420182,69.76023095737418,0.5026502311405234,11.813469182627605,1010.1322794621188,0,Normal
2025-04-09 20:00:00,AWS_073,27.888591271259912,70.0361055558316,0.0,9.593007354233919,1010.5933420940512,0,Normal
2025-04-09 21:00:00,AWS_073,27.670096501858172,76.85395437075644,0.0,7.718833383857202,1010.2958280653647,0,Normal
2025-04-09 22:00:00,AWS_073,25.547548475691627,76.99399620989784,0.0,8.509839264007839,1010.6903477279377,0,Normal
2025-04-09 23:00:00,AWS_073,23.696941334036104,77.31441675115931,0.0,12.262755168537534,1009.6677377197278,0,Normal
2025-04-10 00:00:00,AWS_073,25.258237108564753,79.42133002349404,0.0,11.993033749399496,1010.2946035697374,0,Normal
2025-04-10 01:00:00,AWS_073,24.740123945981622,78.55739137752529,0.25235589044764367,10.585509561200464,1010.7368279378495,0,Normal
2025-04-10 02:00:00,AWS_073,25.784037353949508,77.34006225075908,0.0,7.345368546891935,1010.7367012293478,0,Normal
2025-04-10 03:00:00,AWS_073,26.659464251835413,77.50596152343093,0.0,10.146699431828297,1010.1081200044569,0,Normal
2025-04-10 04:00:00,AWS_073,46.32340747325102,70.92938481472854,0.0,10.259435686502794,1009.881674398124,1,Spike
2025-04-10 05:00:00,AWS_073,29.874443386998827,72.35233167608556,0.0,9.719597492672914,1010.4975695789253,0,Normal
2025-04-10 06:00:00,AWS_073,30.03294333364949,62.34988073434929,0.41377195591232646,8.82366687402954,1009.7326661351105,0,Normal
2025-04-10 07:00:00,AWS_073,32.19487440047562,64.34857486981937,0.0,9.13213230537971,1011.0292180174588,0,Normal
2025-04-10 08:00:00,AWS_073,34.36209526918347,55.46697875618661,0.0,8.713901061869148,1010.4639731929327,0,Normal
2025-04-10 09:00:00,AWS_073,34.825363652268834,54.39137181712856,0.0,7.953256175641721,1010.0350499447511,0,Normal
2025-04-10 10:00:00,AWS_073,35.181540989363675,51.02922671627738,0.0,11.717241697319043,1009.8543927828661,0,Normal
2025-04-10 11:00:00,AWS_073,37.146856970847956,49.82365526258827,0.0,10.989122609344843,1010.0633037399394,0,Normal
2025-04-10 12:00:00,AWS_073,37.62351925370169,51.6027144727111,0.0,9.235648868697883,1009.5970559587846,0,Normal
2025-04-10 13:00:00,AWS_073,36.71771143045991,53.510766200121594,0.0,10.188700755328144,1010.6236012819568,0,Normal
2025-04-10 14:00:00,AWS_073,34.968287236669816,54.390668353144704,0.0,10.242374034339635,1009.9729795409819,0,Normal
2025-04-10 15:00:00,AWS_073,35.61435073803926,53.58368561751809,0.0,13.169536588962016,1010.5724306432461,0,Normal
2025-04-10 16:00:00,AWS_073,32.951678958291254,57.8685104448091,0.0,10.961451974775798,1010.639560384243,0,Normal
2025-04-10 17:00:00,AWS_073,32.68528646276179,59.55355857612547,0.0,10.90214023285287,1010.8519797427616,0,Normal
2025-04-10 18:00:00,AWS_073,30.414092725006537,63.01689937485061,0.0,9.704343326871701,1010.4930993657197,0,Normal
2025-04-10 19:00:00,AWS_073,28.697229026778295,66.58968386508047,0.0,8.99312102465273,1010.9279880332288,0,Normal
2025-04-10 20:00:00,AWS_073,27.680374163064904,71.62485338603175,0.0,11.716206650099254,1011.0566221863926,0,Normal
2025-04-10 21:00:00,AWS_073,26.592371712524525,76.1058129798281,0.35422209549027023,10.617932911479159,1010.4908715175227,0,Normal
2025-04-10 22:00:00,AWS_073,25.3617817767497,74.16675073726357,0.0,8.392594424601647,1010.5192250257853,0,Normal
2025-04-10 23:00:00,AWS_073,25.501591831345102,79.39617998917448,0.0,10.315088965623218,1010.0794234886606,0,Normal
2025-04-11 00:00:00,AWS_073,24.675746324086404,83.03205024909904,0.0,10.887749204398713,1009.8625475323115,0,Normal
2025-04-11 01:00:00,AWS_073,25.73540810226693,81.73270953248426,0.0,6.485303735553457,1010.9955974772895,0,Normal
2025-04-11 02:00:00,AWS_073,25.914858056617025,76.82001290371325,0.0,8.242849241260062,1010.6556332654096,0,Normal
2025-04-11 03:00:00,AWS_073,26.280587069181404,72.81285589923264,0.0,10.16795509260856,1010.6943779713082,0,Normal
2025-04-11 04:00:00,AWS_073,27.42165110794172,73.41966061292965,0.0,6.734493485833223,1010.0538115221578,0,Normal
2025-04-11 05:00:00,AWS_073,52.146673063688496,64.24742917612281,0.0,6.969365446741217,1011.1593308089916,1,Spike
2025-04-11 06:00:00,AWS_073,31.11455323503858,67.22030823176536,0.0,9.210245506285263,1010.2312676767896,0,Normal
2025-04-11 07:00:00,AWS_073,32.27972040324437,60.69053940769571,0.0,10.350629595491252,1009.9428597156245,0,Normal
2025-04-11 08:00:00,AWS_073,32.51568413559879,61.1626006411548,0.0,10.417363027187793,1010.0551492944863,0,Normal
2025-04-11 09:00:00,AWS_073,34.85965346643333,50.93946731104886,0.5872850117383125,11.981660227226511,1011.1257893034764,0,Normal
2025-04-11 10:00:00,AWS_073,35.593411418038045,53.84591139364909,0.0,9.72882933409397,1009.7828776740478,0,Normal
2025-04-11 11:00:00,AWS_073,37.67827609548908,50.310094932035575,0.0,9.043826000208226,1009.9610490787863,0,Normal
2025-04-11 12:00:00,AWS_073,35.91508004483394,49.33789893705584,0.0,7.639136854726424,1011.7840746956224,0,Normal
2025-04-11 13:00:00,AWS_073,35.866921779623226,47.77142567523968,0.0,9.020604939652568,1010.8035494636632,0,Normal
2025-04-11 14:00:00,AWS_073,36.79773906059347,53.20111475665685,0.0,10.656209634748539,1009.9647140895541,0,Normal
2025-04-11 15:00:00,AWS_073,35.99172844474461,55.7456730517555,0.0,10.721367465924338,1009.7887306082026,0,Normal
2025-04-11 16:00:00,AWS_073,33.48746257216025,61.07025560393177,0.0,9.986580339560305,1009.4913188255719,0,Normal
2025-04-11 17:00:00,AWS_073,32.107535045996386,63.13381484918338,0.0,10.40769108337147,1010.3744384904086,0,Normal
2025-04-11 18:00:00,AWS_073,31.303030902390272,63.81220934208853,0.0,11.498960053545682,1010.6881064508443,0,Normal
2025-04-11 19:00:00,AWS_073,27.98353037308808,66.87456050930278,0.0,9.694657699015774,1011.0817110970709,0,Normal
2025-04-11 20:00:00,AWS_073,26.81540063090062,69.76301713295523,0.0,11.630092596616365,1009.3735367831458,0,Normal
2025-04-11 21:00:00,AWS_073,26.520445896331605,78.55305040907716,0.19231008288676915,8.486507674306202,1009.6560552680688,0,Normal
2025-04-11 22:00:00,AWS_073,26.664715786216963,76.43403248821085,0.0,9.463904148674061,1010.2571890411374,0,Normal
2025-04-11 23:00:00,AWS_073,24.87334556712886,82.44934713227863,0.0,8.849952843245847,1011.7090185342701,0,Normal
2025-04-12 00:00:00,AWS_073,24.990302824860247,81.05014408172413,0.0,10.757621549875935,1010.7563548007296,0,Normal
2025-04-12 01:00:00,AWS_073,25.81385899152519,80.14869315752394,0.0,8.044197539648039,1010.4980243472847,0,Normal
2025-04-12 02:00:00,AWS_073,26.996515903038556,77.37664443164599,0.0,9.080635547942592,1009.6973844446219,0,Normal
2025-04-12 03:00:00,AWS_073,26.33918227929237,76.92794754380272,0.0,6.771127772379702,1009.24807623933,0,Normal
2025-04-12 04:00:00,AWS_073,27.91722204535963,72.4690584743264,0.0,10.44956458149638,1010.3257172510995,0,Normal
2025-04-12 05:00:00,AWS_073,30.467032436178794,68.14385909360018,0.0,11.425543009729004,1010.2548320544961,0,Normal
2025-04-12 06:00:00,AWS_073,30.012780968665446,66.3920095732964,0.0,10.918775865921047,1010.1688383018255,0,Normal
2025-04-12 07:00:00,AWS_073,33.094947872238755,60.829770105019925,0.0,10.769010903196675,1010.1107513644752,0,Normal
2025-04-12 08:00:00,AWS_073,33.31387753142126,55.903330442522346,0.0,10.806524823534488,1009.9250181983622,0,Normal
2025-04-12 09:00:00,AWS_073,35.228370316119495,55.59305183312309,0.0,10.59431892270421,1009.8086020303426,0,Normal
2025-04-12 10:00:00,AWS_073,35.97420402757801,51.88164763197629,0.0,10.463724769567072,1010.99040575416,0,Normal
2025-04-12 11:00:00,AWS_073,36.14374532219196,51.48893262917959,0.0,10.557853884644704,1009.8506173447926,0,Normal
2025-04-12 12:00:00,AWS_073,36.332507927165494,49.09228028329163,0.0,8.55331207373165,1010.1540379794,0,Normal
2025-04-12 13:00:00,AWS_073,36.88314188656793,48.09286999630206,0.0,9.233895883064367,1010.2708043502997,0,Normal
2025-04-12 14:00:00,AWS_073,36.71458102436944,55.47976686826197,0.0,9.636900929880893,1010.6417158445969,0,Normal
2025-04-12 15:00:00,AWS_073,35.08526813274426,57.486621103728936,0.0,9.025327533329005,1009.8608936608657,0,Normal
2025-04-12 16:00:00,AWS_073,33.961898694166955,59.26756992252392,0.0,7.176769203336063,1010.7740768779647,0,Normal
2025-04-12 17:00:00,AWS_073,32.81480860965019,60.34209295271365,0.0,7.67106780787149,1009.9934446044651,0,Normal
2025-04-12 18:00:00,AWS_073,30.335575205060277,64.39936405367786,0.0,9.865892307750247,1010.2005650018256,0,Normal
2025-04-12 19:00:00,AWS_073,29.808801742513502,71.64694056833073,0.0,10.876938062844058,1011.101299564588,0,Normal
2025-04-12 20:00:00,AWS_073,28.408857875467067,71.79233992486517,0.2134014147345852,9.529632346955731,1009.7933739855125,0,Normal
2025-04-12 21:00:00,AWS_073,28.236136088783688,74.34148964510362,0.0,13.660196779727052,1010.636678654492,0,Normal
2025-04-12 22:00:00,AWS_073,25.494132509637925,81.73485040803949,0.0,8.13066406708318,1010.7767710753237,0,Normal
2025-04-12 23:00:00,AWS_073,24.844887328914908,79.39353203110828,0.0,10.175063873792245,1010.4276547731547,0,Normal
2025-04-13 00:00:00,AWS_073,25.376012282844158,83.53685065702768,0.0,11.441796749419709,1010.2121815803059,0,Normal
2025-04-13 01:00:00,AWS_073,25.609879167381155,76.69210357295601,0.0,11.100849913687341,1011.332041017832,0,Normal
2025-04-13 02:00:00,AWS_073,25.396103244862783,79.02675082233559,0.09428994797445829,10.482275150203648,1010.2605092024064,0,Normal
2025-04-13 03:00:00,AWS_073,26.4281034744455,79.74876691623145,0.0,11.102395672385098,1010.3677144402944,0,Normal
2025-04-13 04:00:00,AWS_073,28.236651551423954,72.55950148931773,0.0,9.577445317034698,1010.0956569862416,0,Normal
2025-04-13 05:00:00,AWS_073,28.861836987194497,68.35427669200222,0.0,11.986014727920125,1010.3377068779157,0,Normal
2025-04-13 06:00:00,AWS_073,30.664307636530996,62.66449616480316,0.0,11.413768317946111,1010.7424714086706,0,Normal
2025-04-13 07:00:00,AWS_073,32.516621661144704,63.28240043233268,0.0,8.208025039028309,1010.1210071139011,0,Normal
2025-04-13 08:00:00,AWS_073,34.50683611579725,55.95974383471862,0.0,9.966054363549231,1009.202642814614,0,Normal
2025-04-13 09:00:00,AWS_073,34.78847307148692,54.20378116342181,0.8076354169343303,7.160092766505516,1010.5119422942942,0,Normal
2025-04-13 10:00:00,AWS_073,34.99862942346167,49.5406143836482,0.0,11.76105566241303,1009.7142400376229,0,Normal
2025-04-13 11:00:00,AWS_073,35.55281775417345,53.62490180585884,0.0,9.812053095307565,1010.6225964330004,0,Normal
2025-04-13 12:00:00,AWS_073,36.15088451133437,52.309770621451364,0.0,11.496198171869494,1010.2492476994524,0,Normal
2025-04-13 13:00:00,AWS_073,35.91349522836657,50.44794310723771,0.0,9.306334862806834,1010.7197173706178,0,Normal
2025-04-13 14:00:00,AWS_073,36.008532895422604,49.701321072059564,0.0,6.683301329553274,1009.7722445898995,0,Normal
2025-04-13 15:00:00,AWS_073,34.43376302568318,57.46521238068705,0.0,13.421084591974813,1009.9770604289855,0,Normal
2025-04-13 16:00:00,AWS_073,33.482098434521326,56.7681365459057,0.0,9.658996050118436,1010.0729084779966,0,Normal
2025-04-13 17:00:00,AWS_073,31.9915126069482,58.90730464182716,0.0,7.959379490875425,1009.5000417537194,0,Normal
2025-04-13 18:00:00,AWS_073,30.638041085299363,61.47576397505491,0.126128431315049,11.175664304251825,1010.795150228261,0,Normal
2025-04-13 19:00:00,AWS_073,30.14222754253257,67.59035541275026,0.0,12.508134489640533,1009.4249868404606,0,Normal
2025-04-13 20:00:00,AWS_073,28.2980986586211,69.59072375494011,0.0,9.148018253993188,1010.7846141887517,0,Normal
2025-04-13 21:00:00,AWS_073,26.667255436406204,74.36096004475256,0.0,9.30013810066407,1010.446416607875,0,Normal
2025-04-13 22:00:00,AWS_073,25.426736131736074,79.47919852416202,0.0,9.803396524444475,1010.1330445995665,0,Normal
2025-04-13 23:00:00,AWS_073,24.843293098915943,78.73808706638555,0.06954414786703356,7.777195936594242,1010.4032981465741,0,Normal
2025-04-14 00:00:00,AWS_073,25.09471634019862,80.71138676422743,0.0,8.404974678394659,1010.3878694331539,0,Normal
2025-04-14 01:00:00,AWS_073,25.452293232248024,78.04221807527155,0.0,12.111187876834315,1010.0270524610388,0,Normal
2025-04-14 02:00:00,AWS_073,25.155899587859295,78.12071918949505,0.0,9.237311911010417,1010.374605863847,0,Normal
2025-04-14 03:00:00,AWS_073,26.675143529614978,79.44840336197025,0.0,8.176607849825093,1010.5893880736581,0,Normal
2025-04-14 04:00:00,AWS_073,26.67619475256543,71.80302784394621,0.4402147514833537,8.752201484129378,1009.7497214260071,0,Normal
2025-04-14 05:00:00,AWS_073,29.468548705681272,69.65114455177712,0.0,11.036820135667272,1010.3934275332826,0,Normal
2025-04-14 06:00:00,AWS_073,31.350989945009786,61.86894554506312,0.0,6.461058818547446,1008.9054357057532,0,Normal
2025-04-14 07:00:00,AWS_073,32.27783667074923,64.15792656829593,0.0,9.804197800772409,1009.2520674171507,0,Normal
2025-04-14 08:00:00,AWS_073,34.98214043314133,56.54558674211027,0.606172390190326,13.112869149135467,1010.4974007234529,0,Normal
2025-04-14 09:00:00,AWS_073,34.6053799964565,56.49446558201479,0.0,12.463452319038558,1010.0044937305667,0,Normal
2025-04-14 10:00:00,AWS_073,36.217354675557615,51.763258351715606,0.0,10.273979166949486,1009.784961128186,0,Normal
2025-04-14 11:00:00,AWS_073,36.6640512231856,51.734271335705586,0.0,11.386154800867619,1010.1834402656168,0,Normal
2025-04-14 12:00:00,AWS_073,36.82906310706224,51.342024854422,0.0,11.369045476920812,1010.0102508838282,0,Normal
2025-04-14 13:00:00,AWS_073,36.61545144321871,49.60623192663854,0.21656660736146097,9.217342483643325,1009.7121974430241,0,Normal
2025-04-14 14:00:00,AWS_073,36.148150790826485,54.193431814757126,0.0,10.790624909681435,1009.3852523893125,0,Normal
2025-04-14 15:00:00,AWS_073,35.638394332595006,52.87542855421559,0.0,12.083621726563432,1009.2189746368313,0,Normal
2025-04-14 16:00:00,AWS_073,34.71286067629138,59.05586844005508,0.0,7.502416106815395,1010.5707269662037,0,Normal
2025-04-14 17:00:00,AWS_073,32.43702107980463,60.33730373512913,0.0,10.260347341597685,1009.9883593240539,0,Normal
2025-04-14 18:00:00,AWS_073,31.373882107188887,65.69911589726412,0.0,9.934895033519416,1010.6826630102078,0,Normal
2025-04-14 19:00:00,AWS_073,28.909951020526364,67.95829967182928,0.0,9.544738708380274,1009.9798434510006,0,Normal
2025-04-14 20:00:00,AWS_073,28.342729212969267,72.5999519494132,0.0,9.409251343854297,1010.3719346176146,0,Normal
2025-04-14 21:00:00,AWS_073,26.18254831016224,73.45721431441468,0.0,9.732115034878243,1010.1300294576897,0,Normal
2025-04-14 22:00:00,AWS_073,26.339852908977555,78.48549502614416,0.0,9.85527635125688,1010.2132380094475,0,Normal
2025-04-14 23:00:00,AWS_073,26.411661885794295,79.57726306425519,0.0,11.057148261236085,1010.2358169476847,0,Normal
2025-04-15 00:00:00,AWS_073,24.806802420379007,78.91969289185505,0.17720685801062575,10.09130387468467,1009.9647299928582,0,Normal
2025-04-15 01:00:00,AWS_073,23.768189626420753,79.37883146155542,0.0,9.10702283756151,1009.5710583761444,0,Normal
2025-04-15 02:00:00,AWS_073,25.353489911274874,78.2583900091024,0.4877428192240699,8.111260686287308,1010.5672216999787,0,Normal
2025-04-15 03:00:00,AWS_073,27.374183392886156,74.37388761126799,0.0,8.659783533333094,1010.9792168520746,0,Normal
2025-04-15 04:00:00,AWS_073,28.208755467770057,72.24248284854066,0.0,9.757500197930764,1011.0103397248123,0,Normal
2025-04-15 05:00:00,AWS_073,29.472551171293677,66.87118179474797,0.0,8.303947967703186,1009.9023865640784,0,Normal
2025-04-15 06:00:00,AWS_073,31.480523674858876,69.69146607792202,0.0,10.779172037276444,1009.8107265772344,0,Normal
2025-04-15 07:00:00,AWS_073,32.71811186587447,63.23595164387856,0.0,10.002740745042846,1009.8984621066093,0,Normal
2025-04-15 08:00:00,AWS_073,34.6043610068575,58.0461882112631,0.0,11.070250095487555,1010.0859769423412,0,Normal
2025-04-15 09:00:00,AWS_073,35.667218642834435,56.73762413715518,0.0,8.394030368247957,1010.1459584136934,0,Normal
2025-04-15 10:00:00,AWS_073,36.981291792492165,48.05111398986586,0.0,8.102957241339482,1009.671518859307,0,Normal
2025-04-15 11:00:00,AWS_073,36.88214454812815,45.39575312999596,0.22179317257973832,11.050943422032898,1009.4289102990549,0,Normal
2025-04-15 12:00:00,AWS_073,37.413657916758474,49.20141787650019,0.0643964179848101,9.539086669048096,1010.1920454515634,0,Normal
2025-04-15 13:00:00,AWS_073,36.48096881987917,47.75398431845976,0.0,9.037677500595107,1008.4001667668103,0,Normal
2025-04-15 14:00:00,AWS_073,35.70415136664145,51.53640789433676,0.0,10.386740707203876,1010.1133408703924,0,Normal
2025-04-15 15:00:00,AWS_073,36.13475952227383,54.804711563391585,0.0,10.328219902738075,1009.689594383355,0,Normal
2025-04-15 16:00:00,AWS_073,33.996961372309094,59.34082899668122,0.0,7.4496958333716705,1010.5503453039709,0,Normal
2025-04-15 17:00:00,AWS_073,32.90225898826142,58.84118635491177,0.0,11.407603830852201,1010.682386278789,0,Normal
2025-04-15 18:00:00,AWS_073,30.939835694813144,65.79926137232015,0.0,8.712319754292562,1010.6924934672749,0,Normal
2025-04-15 19:00:00,AWS_073,28.959940829884967,68.91106506284227,0.0,11.875250581054251,1009.9819498416363,0,Normal
2025-04-15 20:00:00,AWS_073,27.870524528761152,73.19501861986618,0.0,7.32219324734735,1009.5859049205199,0,Normal
2025-04-15 21:00:00,AWS_073,27.482058316613422,74.56705781629101,0.0,9.795906469283265,1009.7444853622502,0,Normal
2025-04-15 22:00:00,AWS_073,25.999259512922325,80.75665133649082,0.15555782000438223,9.038667643036709,1010.2938924072904,0,Normal
2025-04-15 23:00:00,AWS_073,24.038991834036125,79.28187009747657,0.0,6.3515380510799595,1009.3254613249012,0,Normal
2025-04-16 00:00:00,AWS_073,24.731444309199613,83.54836444700754,0.0,10.298991977894595,1010.8434757564532,0,Normal
2025-04-16 01:00:00,AWS_073,26.1335700959912,77.90811008697158,0.0,6.423063740978725,1009.97969439857,0,Normal
2025-04-16 02:00:00,AWS_073,25.53447353309792,79.47603573667769,0.0,8.86875758651266,1010.3934056077557,0,Normal
2025-04-16 03:00:00,AWS_073,25.535128965855307,75.48726475667715,0.0,10.959959019387183,1009.2509160269193,0,Normal
2025-04-16 04:00:00,AWS_073,28.99303649509388,71.84451516666647,0.0,8.505779091098038,1009.6769493392194,0,Normal
2025-04-16 05:00:00,AWS_073,29.71287619609998,70.1469163574729,0.0,7.942518414768607,1009.1854130045073,0,Normal
2025-04-16 06:00:00,AWS_073,30.813492544127072,64.40165304162082,0.0,10.495940265055722,1010.6471605072672,0,Normal
2025-04-16 07:00:00,AWS_073,32.18470668900792,55.79378364914753,0.0,8.91841373415525,1010.0547775321226,0,Normal
2025-04-16 08:00:00,AWS_073,34.5031945210253,51.374263753651384,0.0,8.682385853613711,1010.418847480001,0,Normal
2025-04-16 09:00:00,AWS_073,34.77037181616529,56.93824260276988,0.0,11.199748033460946,1010.163217906067,0,Normal
2025-04-16 10:00:00,AWS_073,36.737162755996195,54.47013585899281,0.0,7.533624474790345,1010.3640656147398,0,Normal
2025-04-16 11:00:00,AWS_073,36.97206142095883,54.28579449817587,0.0,8.59241429328622,1009.9594251425895,0,Normal
2025-04-16 12:00:00,AWS_073,,49.96494350343565,0.0,10.578777632618534,1010.0246922260606,1,Missing
2025-04-16 13:00:00,AWS_073,,47.92584300166819,0.0,7.428467364222342,1010.0789187232552,1,Missing
2025-04-16 14:00:00,AWS_073,,51.17045125793142,0.10015916941643081,11.936689761913037,1010.3259216367087,1,Missing
2025-04-16 15:00:00,AWS_073,,54.41624731292441,0.0,8.945677764279113,1010.3374868620261,1,Missing
2025-04-16 16:00:00,AWS_073,,55.48592355142978,0.0,10.580019379716088,1011.5254689020429,1,Missing
2025-04-16 17:00:00,AWS_073,31.42569297068403,64.41486376940993,0.0,10.574159737897048,1010.958875299664,0,Normal
2025-04-16 18:00:00,AWS_073,31.213713202357514,69.47900575928747,0.0,9.034353097132735,1009.2270195871397,0,Normal
2025-04-16 19:00:00,AWS_073,29.669990714718836,69.83884707799815,0.0,8.541544177867475,1010.0431719542684,0,Normal
2025-04-16 20:00:00,AWS_073,28.131417047745416,72.4782725066036,0.0,9.192892217015446,1009.9101034561452,0,Normal
2025-04-16 21:00:00,AWS_073,26.8443765669653,73.01666776084934,0.0,10.323641498641237,1010.7514442704883,0,Normal
2025-04-16 22:00:00,AWS_073,25.453008967469682,81.08324884907869,0.0,7.772253283474184,1009.9518336742077,0,Normal
2025-04-16 23:00:00,AWS_073,25.51752317619076,79.64150101603411,0.0,7.444277444281156,1010.3401816921362,0,Normal
2025-04-17 00:00:00,AWS_073,24.812354039067596,79.42167120317878,0.0,11.472743545325153,1008.9378370095162,0,Normal
2025-04-17 01:00:00,AWS_073,24.750963734897528,80.45123557168509,0.0,8.141430351119196,1009.347898964401,0,Normal
2025-04-17 02:00:00,AWS_073,25.454595043700238,76.8189579987882,0.0,9.772111634044554,1011.1491784801461,0,Normal
2025-04-17 03:00:00,AWS_073,27.806718321649107,75.90035206404185,0.0,8.934951713449307,1010.1264875861103,0,Normal
2025-04-17 04:00:00,AWS_073,26.79507998758877,69.61506629830868,0.0,8.998731188724785,1009.6004698484544,0,Normal
2025-04-17 05:00:00,AWS_073,29.58211218812982,71.05646005504268,0.0,11.378385130772907,1010.219470746611,0,Normal
2025-04-17 06:00:00,AWS_073,29.82677281145216,64.79117791772866,0.0,9.102317075960281,1009.5698422635688,0,Normal
2025-04-17 07:00:00,AWS_073,32.32129632048464,63.435316044730214,0.0,8.692101341352778,1009.953022377983,0,Normal
2025-04-17 08:00:00,AWS_073,33.57222606005745,57.09772764431676,0.0,8.82003612393283,1009.3667385681402,0,Normal
2025-04-17 09:00:00,AWS_073,33.823104272470786,54.12099886463383,0.0,8.466690364381998,1009.6970262987473,0,Normal
2025-04-17 10:00:00,AWS_073,36.260131066932914,49.584984086649506,0.0,8.214009740106581,1009.8815589147015,0,Normal
2025-04-17 11:00:00,AWS_073,36.39716125186444,52.03062655170026,0.0,8.467242643514636,1010.6484182511446,0,Normal
2025-04-17 12:00:00,AWS_073,35.56917588273753,48.248320091953815,0.0,11.708494640270045,1010.3184339159753,0,Normal
2025-04-17 13:00:00,AWS_073,37.127063573129945,49.53826785926552,0.0,10.278178620187038,1010.4040162327269,0,Normal
2025-04-17 14:00:00,AWS_073,36.8839894793949,52.011713315398495,0.0,8.690415841983363,1010.0702111770132,0,Normal
2025-04-17 15:00:00,AWS_073,35.962611748143985,54.6358466495805,0.0,10.677958781301674,1010.4928683259882,0,Normal
2025-04-17 16:00:00,AWS_073,34.040330943059416,54.087806119564476,0.0,6.821948671224268,1009.6430304032601,0,Normal
2025-04-17 17:00:00,AWS_073,32.40456437320489,60.656102592486164,0.0,11.263520326049566,1009.7117843144403,0,Normal
2025-04-17 18:00:00,AWS_073,31.619964850993696,66.59046043728743,0.0,11.139999261033898,1010.2802810603802,0,Normal
2025-04-17 19:00:00,AWS_073,30.27863993678144,68.12560960749,0.0,12.549028819201316,1009.9352610569298,0,Normal
2025-04-17 20:00:00,AWS_073,28.50131597486484,72.05053649157335,0.0,10.709116534119563,1010.0662620454739,0,Normal
2025-04-17 21:00:00,AWS_073,26.012659721328315,75.93141381948367,0.0,9.844902155507246,1009.9894685396789,0,Normal
2025-04-17 22:00:00,AWS_073,25.743923195842516,77.73846019167259,0.0,11.123021269500937,1010.6966135870151,0,Normal
2025-04-17 23:00:00,AWS_073,25.286466692974997,77.42785638956082,0.9323001725800059,8.244856287318296,1010.721018040137,0,Normal
2025-04-18 00:00:00,AWS_073,23.731582561470407,79.9273077526662,0.0,8.58770483010595,1009.753512881391,0,Normal
2025-04-18 01:00:00,AWS_073,25.302452481210313,81.47703373434781,0.0,9.081720865770071,1009.1850162707617,0,Normal
2025-04-18 02:00:00,AWS_073,26.983069538564855,75.8880291622324,0.0,11.228668309512823,1009.7075586718026,0,Normal
2025-04-18 03:00:00,AWS_073,26.95578122321275,74.85763793882657,0.0,7.8887857990325285,1009.6131842233525,0,Normal
2025-04-18 04:00:00,AWS_073,28.697538928037734,69.73673735212985,0.0,7.726767493637675,1010.4758966386221,0,Normal
2025-04-18 05:00:00,AWS_073,29.369354038607888,70.7650495775185,0.0,9.521923267242927,1010.5186303762364,0,Normal
2025-04-18 06:00:00,AWS_073,30.76761439288045,64.81528358632424,0.0,10.240667405052015,1009.5412047148415,0,Normal
2025-04-18 07:00:00,AWS_073,32.59224593271239,59.41731505625046,0.0,8.10700570601142,1009.6778505953228,0,Normal
2025-04-18 08:00:00,AWS_073,33.32009380519132,57.68453120028636,0.0,10.164507811952495,1009.313959599784,0,Normal
2025-04-18 09:00:00,AWS_073,34.47298386035298,51.98619785241088,0.0,11.208733612545549,1010.1190175753982,0,Normal
2025-04-18 10:00:00,AWS_073,36.763559460338925,49.94262788031261,0.0,10.95408026158572,1010.0277342724095,0,Normal
2025-04-18 11:00:00,AWS_073,37.42559821121156,47.59084554596041,0.0,9.680579402671587,1010.4431185704167,0,Normal
2025-04-18 12:00:00,AWS_073,36.21098513000909,47.866441524885204,0.14651048527997884,9.011995563106312,1010.295489488495,0,Normal
2025-04-18 13:00:00,AWS_073,37.181011759118974,53.22578777366359,0.0,11.748578985926985,1010.3503925110406,0,Normal
2025-04-18 14:00:00,AWS_073,35.947640083482504,50.543382280668226,0.0,9.16550028107873,1009.2726581955362,0,Normal
2025-04-18 15:00:00,AWS_073,35.24919313414808,55.325848527504746,0.0,10.550176387934032,1009.7288653935084,0,Normal
2025-04-18 16:00:00,AWS_073,34.07779967141102,55.82739716008815,0.0,12.074316260157918,1010.5148472678493,0,Normal
2025-04-18 17:00:00,AWS_073,32.95019175438939,62.63678181498863,0.0,10.387045158806417,1009.7694817680558,0,Normal
2025-04-18 18:00:00,AWS_073,30.849294369416636,62.94783599813737,0.0,7.635754604511877,1009.2233591108363,0,Normal
2025-04-18 19:00:00,AWS_073,30.09184015102957,68.96074153206132,0.0,7.270105114365343,1010.4395100686021,0,Normal
2025-04-18 20:00:00,AWS_073,27.983296235767707,72.6057026197379,0.0,8.679442408048878,1009.7452570224029,0,Normal
2025-04-18 21:00:00,AWS_073,26.928507247524756,80.2622123906514,0.0,10.187381895923174,1010.5635832694526,0,Normal
2025-04-18 22:00:00,AWS_073,25.09951376510646,79.25123163272691,0.0,9.7875581057872,1010.0214336772686,0,Normal
2025-04-18 23:00:00,AWS_073,26.29424809584107,78.30307936567748,0.0,12.428247922111835,1009.8904085944441,0,Normal
2025-04-19 00:00:00,AWS_073,25.07548403885946,81.37009792730103,0.0,9.767454198980456,1010.7089920536532,0,Normal
2025-04-19 01:00:00,AWS_073,25.424811554083803,83.76523633530644,0.0,8.620952312078657,1009.3744481055451,0,Normal
2025-04-19 02:00:00,AWS_073,24.630480653268314,74.73110887579799,0.0,7.409344780267938,1010.7412668276104,0,Normal
2025-04-19 03:00:00,AWS_073,26.054256702768445,73.92163763266076,0.0,10.877257228786815,1009.7028595791954,0,Normal
2025-04-19 04:00:00,AWS_073,28.53222039299015,72.02620488177341,0.0,9.094751975834553,1010.102104863625,0,Normal
2025-04-19 05:00:00,AWS_073,29.407679693102576,68.0481092222539,0.0,6.841876257120614,1010.1052134058357,0,Normal
2025-04-19 06:00:00,AWS_073,29.639158100877843,64.33448660334025,0.22039120482425414,9.13171833720088,1009.8041277899864,0,Normal
2025-04-19 07:00:00,AWS_073,32.962278355875135,58.5092497922757,0.0,7.601961224450339,1009.6350167701942,0,Normal
2025-04-19 08:00:00,AWS_073,33.459082168946956,60.30791210710002,0.0,8.454352520303024,1009.8295484548659,0,Normal
2025-04-19 09:00:00,AWS_073,35.87374199202126,51.54818108524855,0.0,9.099336582972375,1009.5055656630486,0,Normal
2025-04-19 10:00:00,AWS_073,35.92671892940164,51.60919332398842,0.0,7.729520817500248,1010.9922158043262,0,Normal
2025-04-19 11:00:00,AWS_073,36.70060122288583,52.60277378918537,0.0,8.353090348896567,1009.7690594985552,0,Normal
2025-04-19 12:00:00,AWS_073,37.48854688011452,49.9396302857083,0.0,7.965585005544073,1010.5874891361285,0,Normal
2025-04-19 13:00:00,AWS_073,36.03718272787933,48.55232427185844,0.19675383787832343,8.003068560092089,1010.5199935380125,0,Normal
2025-04-19 14:00:00,AWS_073,35.379514851180424,49.31226763048551,0.0,7.56420862163008,1010.1862645036372,0,Normal
2025-04-19 15:00:00,AWS_073,34.902756649931014,53.93339989014622,0.0,8.349329039495728,1009.9353537190105,0,Normal
2025-04-19 16:00:00,AWS_073,34.27326073860275,55.98594086829906,0.0,7.728664160552208,1010.0984787887456,0,Normal
2025-04-19 17:00:00,AWS_073,31.530284564103766,61.52817650686815,0.0,9.947823383151364,1010.2860684060972,0,Normal
2025-04-19 18:00:00,AWS_073,29.774013014342817,62.19709770455164,0.0,9.366382126041506,1010.0486144389614,0,Normal
2025-04-19 19:00:00,AWS_073,29.715086732646594,70.50835715031305,0.0,10.85448917179731,1009.2134034292874,0,Normal
2025-04-19 20:00:00,AWS_073,27.41091367634209,72.73109904632894,0.0,11.889705161962013,1009.0860210130074,0,Normal
2025-04-19 21:00:00,AWS_073,26.293654130494723,75.98627450650316,0.0,10.0728707940353,1010.7480705609629,0,Normal
2025-04-19 22:00:00,AWS_073,24.460319068166942,80.87253461324661,0.0,9.72849646322561,1008.6746203075983,0,Normal
2025-04-19 23:00:00,AWS_073,24.566540038103053,78.61329639759228,0.7960809090827573,10.16185394554065,1010.0882216792154,0,Normal
2025-04-20 00:00:00,AWS_073,24.76386460517354,78.54836661053355,0.0,9.748462832547832,1009.8712929722207,0,Normal
2025-04-20 01:00:00,AWS_073,25.52999668554211,78.39336013764228,0.0,9.121109655678634,1010.0675864641507,0,Normal
2025-04-20 02:00:00,AWS_073,25.10735189920855,77.60532791772006,0.0,8.99905242048419,1009.4156074678751,0,Normal
2025-04-20 03:00:00,AWS_073,27.516942447588892,75.42467192821556,0.0,7.50776613977598,1010.1593355660603,0,Normal
2025-04-20 04:00:00,AWS_073,27.35333643749121,70.83860452679646,0.04978504794067931,10.295879838012294,1010.0854120599347,0,Normal
2025-04-20 05:00:00,AWS_073,28.8002108389404,64.83611517047169,0.0,8.987787178701169,1011.3613177752131,0,Normal
2025-04-20 06:00:00,AWS_073,31.684302409790668,63.87814199824192,0.0,11.206236209531504,1010.0442110223493,0,Normal
2025-04-20 07:00:00,AWS_073,32.44058347903059,61.83736565603597,0.0,10.40188942717954,1010.6517486896316,0,Normal
2025-04-20 08:00:00,AWS_073,33.428481068698275,57.77251661250698,0.0,8.087485432618951,1009.2266994760483,0,Normal
2025-04-20 09:00:00,AWS_073,34.90815705495171,56.79250722185344,0.0,10.893676202564164,1010.4845021915947,0,Normal
2025-04-20 10:00:00,AWS_073,36.76549070810139,55.920592031161,0.0,5.1797529370222675,1010.086004444912,0,Normal
2025-04-20 11:00:00,AWS_073,37.43166623316825,52.02978014858091,0.0,11.913430203581425,1010.1061514391874,0,Normal
2025-04-20 12:00:00,AWS_073,36.26520667391362,52.765041284816455,0.0,7.007648860120015,1010.1114817163373,0,Normal
2025-04-20 13:00:00,AWS_073,36.52426780457798,52.04466119019021,0.0,9.755209713760884,1010.8212829222048,0,Normal
2025-04-20 14:00:00,AWS_073,36.00330775778217,55.429417455088185,0.0,9.650889841573997,1010.094083506678,0,Normal
2025-04-20 15:00:00,AWS_073,34.402843519609,58.095105550784325,0.0,10.692564512979578,1009.5728887326287,0,Normal
2025-04-20 16:00:00,AWS_073,33.71741908284836,59.40233034155785,0.12377039913647124,8.511167119069036,1009.6554002679424,0,Normal
2025-04-20 17:00:00,AWS_073,32.30581887285173,62.530474616311366,0.0,5.783157215414326,1010.3703536126318,0,Normal
2025-04-20 18:00:00,AWS_073,31.4327149013192,64.58953565612526,0.0,8.507725134120244,1010.183939221508,0,Normal
2025-04-20 19:00:00,AWS_073,29.919005845361728,68.79961111460999,0.4527304625910092,8.66713511165631,1009.1933973374726,0,Normal
2025-04-20 20:00:00,AWS_073,27.548812902627407,71.82432533729947,0.0,5.919311592354999,1010.2143788067045,0,Normal
2025-04-20 21:00:00,AWS_073,26.374196969059003,76.84910493958833,0.0,9.058377571687315,1009.4143114936719,0,Normal
2025-04-20 22:00:00,AWS_073,25.94650106065359,76.54968498204788,0.0,7.373762956734665,1010.17303751108,0,Normal
2025-04-20 23:00:00,AWS_073,24.596276194030473,79.1066749747762,0.0,9.958387367807138,1009.5495583636933,0,Normal
2025-04-21 00:00:00,AWS_073,25.0949919911033,75.2896602296434,0.0,8.612859126243302,1009.8100224508113,0,Normal
2025-04-21 01:00:00,AWS_073,24.892370289374803,82.93506718388103,0.0,11.920839569890138,1009.6767880786997,0,Normal
2025-04-21 02:00:00,AWS_073,24.961736370766776,77.54943189159394,0.0,8.592147264219589,1010.7070788437163,0,Normal
2025-04-21 03:00:00,AWS_073,25.921641587558412,76.51776259247137,0.0,9.619219654535415,1010.1469773276237,0,Normal
2025-04-21 04:00:00,AWS_073,28.605473444604463,75.4155733894228,0.0,8.651242499982695,1010.5750421106657,0,Normal
2025-04-21 05:00:00,AWS_073,29.08932255634604,69.48287255142016,0.0,6.533163982166424,1011.3905251057662,0,Normal
2025-04-21 06:00:00,AWS_073,31.719151221719365,67.88868740418687,0.23991586552261152,8.65821276430463,1009.9647557678084,0,Normal
2025-04-21 07:00:00,AWS_073,31.978517894563797,58.634238699159454,0.0,10.092617944322935,1010.690783521894,0,Normal
2025-04-21 08:00:00,AWS_073,33.90735268071113,62.2947531791954,0.0,9.862697506451518,1009.5884969877429,0,Normal
2025-04-21 09:00:00,AWS_073,36.40971802586907,56.56761867917932,0.0,8.517025712866904,1010.5641013280007,0,Normal
2025-04-21 10:00:00,AWS_073,35.292030991602005,52.4280239282067,0.0,6.769007173588684,1009.5313463633223,0,Normal
2025-04-21 11:00:00,AWS_073,35.38601375068738,53.36127127091486,0.0,9.91804276904905,1009.9243327975761,0,Normal
2025-04-21 12:00:00,AWS_073,37.49993601590805,47.66273022802125,0.0,9.577797814696929,1010.2004198311828,0,Normal
2025-04-21 13:00:00,AWS_073,36.02628344352017,49.93388284812499,0.0,10.21089677833303,1010.2775383211261,0,Normal
2025-04-21 14:00:00,AWS_073,35.90937213339429,54.898119736038176,0.0,8.53182427918852,1009.2925896530811,0,Normal
2025-04-21 15:00:00,AWS_073,34.61556043897556,50.65927792041186,0.0,6.413641972180599,1009.4937983457776,0,Normal
2025-04-21 16:00:00,AWS_073,33.88419306512566,58.620915549917605,0.0,9.738055541667148,1010.2314792469704,0,Normal
2025-04-21 17:00:00,AWS_073,31.704710231335444,62.1820666431525,0.0,8.920911742836509,1009.740341892973,0,Normal
2025-04-21 18:00:00,AWS_073,30.612973491441014,68.93845163364432,0.0,11.01936169311402,1009.2239729550594,0,Normal
2025-04-21 19:00:00,AWS_073,29.4367298998961,65.71637483709333,0.0,8.972145244858345,1009.8856069458614,0,Normal
2025-04-21 20:00:00,AWS_073,27.11358464509451,75.71926211406327,0.0,8.858054547622604,1009.8600587331913,1,Stuck
2025-04-21 21:00:00,AWS_073,27.11358464509451,74.48766023150041,0.0,9.549345297902995,1010.0064522203567,1,Stuck
2025-04-21 22:00:00,AWS_073,27.11358464509451,77.09636213694287,0.0,8.025275220514539,1010.1810667047329,1,Stuck
2025-04-21 23:00:00,AWS_073,27.11358464509451,77.04487862041643,0.0,7.950176001994379,1010.147724110263,1,Stuck
2025-04-22 00:00:00,AWS_073,27.11358464509451,77.82429592506615,0.0,8.768243971924106,1009.5292653426303,1,Stuck
2025-04-22 01:00:00,AWS_073,27.11358464509451,80.29593208924386,0.0,7.5316842260018735,1009.7063921881879,1,Stuck
2025-04-22 02:00:00,AWS_073,27.11358464509451,75.76571722720387,0.0,8.565856837845198,1010.3741563761399,1,Stuck
2025-04-22 03:00:00,AWS_073,27.11358464509451,77.08717038510405,0.0,11.81604795195324,1009.6371262780125,1,Stuck
2025-04-22 04:00:00,AWS_073,27.11358464509451,71.17406790606049,0.2386280353696315,10.467861919141976,1009.7096304401229,1,Stuck
2025-04-22 05:00:00,AWS_073,28.761435484717573,66.45621806484051,0.0,9.363173189398026,1009.1535007639163,0,Normal
2025-04-22 06:00:00,AWS_073,31.12122412708436,63.94438170728021,0.0,11.225836653388889,1009.8897549810523,0,Normal
2025-04-22 07:00:00,AWS_073,33.11987606648264,61.7911287069748,0.0,7.658180637454519,1010.0751914388007,1,Drift
2025-04-22 08:00:00,AWS_073,34.14163572235981,56.94529347613796,0.0,12.628388151080891,1008.9132716665653,1,Drift
2025-04-22 09:00:00,AWS_073,36.66891020027164,54.46181851886738,0.0,8.199177672444806,1009.3643562342022,1,Drift
2025-04-22 10:00:00,AWS_073,37.90241690082408,53.40203386690559,0.0,11.892842936737647,1009.1870817870947,1,Drift
2025-04-22 11:00:00,AWS_073,39.5797639143992,52.67595550889787,0.0,11.883440853437937,1010.2905870846233,1,Drift
2025-04-22 12:00:00,AWS_073,41.21926362840639,49.379809382821136,0.0,6.251693304911713,1008.9387017228604,1,Drift
2025-04-22 13:00:00,AWS_073,41.09542353568131,48.42266857451166,0.0,11.079377509643363,1009.854002537506,1,Drift
2025-04-22 14:00:00,AWS_073,39.84165107704815,52.161807901078454,0.45083332208091287,8.450076411998642,1010.2507444738031,1,Drift
2025-04-22 15:00:00,AWS_073,40.93945755277782,55.33469745440993,0.0,8.021187813811522,1009.9841938657354,1,Drift
2025-04-22 16:00:00,AWS_073,40.87900742624385,54.57854938805609,0.16135892265516352,9.657297607951332,1009.6687744396663,1,Drift
2025-04-22 17:00:00,AWS_073,39.2741130272824,59.336497729447025,0.0,7.35566692073171,1010.0604597811354,1,Drift
2025-04-22 18:00:00,AWS_073,39.16640220631993,63.56162620807412,0.0,9.61773457358379,1010.4041851412956,1,Drift
2025-04-22 19:00:00,AWS_073,37.316900177538464,68.46664129909705,0.0,7.450745807235063,1009.8303666767922,1,Drift
2025-04-22 20:00:00,AWS_073,36.10742031417762,70.97793219274642,0.0,9.12475459511391,1008.7631789451332,1,Drift
2025-04-22 21:00:00,AWS_073,36.555662158607745,77.02068316799202,0.0,10.85937724840534,1010.4549901264968,1,Drift
2025-04-22 22:00:00,AWS_073,24.43687133201561,74.78011465384975,0.0,9.433307545918574,1010.0797333168547,0,Normal
2025-04-22 23:00:00,AWS_073,24.746241899144916,76.32944999994717,0.0,8.311040085740682,1009.8615411565808,0,Normal
2025-04-23 00:00:00,AWS_073,25.456512089064457,79.33222237697707,0.238231078616251,9.660040519146651,1008.886372856371,0,Normal
2025-04-23 01:00:00,AWS_073,23.74173888721737,79.1375817860563,0.0,6.73539943988699,1009.7258850127347,0,Normal
2025-04-23 02:00:00,AWS_073,24.718043535773393,75.08109331105037,0.0,7.5840241418246315,1009.435782326326,0,Normal
2025-04-23 03:00:00,AWS_073,25.818774040794345,74.39310403250309,0.0,8.194105309245073,1009.2638640308963,0,Normal
2025-04-23 04:00:00,AWS_073,27.6413797901678,71.69791236516183,0.0,10.016980419175281,1009.8022627628216,0,Normal
2025-04-23 05:00:00,AWS_073,28.905762587626356,68.09568978249351,0.0,9.442597400271561,1009.6009889467646,0,Normal
2025-04-23 06:00:00,AWS_073,31.516321575583394,65.30376296657859,0.0,9.633842741825045,1009.6324089958607,0,Normal
2025-04-23 07:00:00,AWS_073,32.80109342552604,59.79455655461506,0.0,8.787212599676966,1010.2357586852584,0,Normal
2025-04-23 08:00:00,AWS_073,33.97146193059398,60.45567260001655,0.0,7.643329890888226,1009.9922197746823,0,Normal
2025-04-23 09:00:00,AWS_073,35.00304263943653,55.36980756166893,0.0,11.054847276919526,1009.61516559439,0,Normal
2025-04-23 10:00:00,AWS_073,36.10383724928332,50.395391901950774,0.0,7.773173779305815,1009.5502227962893,0,Normal
2025-04-23 11:00:00,AWS_073,35.948833298180716,50.70013559239912,0.0,9.44561405272071,1009.6324756224673,0,Normal
2025-04-23 12:00:00,AWS_073,37.18351235624859,50.24803063721121,0.0,8.646089895243694,1009.7346753946225,0,Normal
2025-04-23 13:00:00,AWS_073,35.7962305376049,52.94055555465954,0.0,9.655927453441299,1010.1489163056056,0,Normal
2025-04-23 14:00:00,AWS_073,36.36399433845702,50.80885408540072,0.0,7.90039763552677,1009.3341059548923,0,Normal
2025-04-23 15:00:00,AWS_073,35.61965309393616,55.92807567764294,0.0,10.384833849138893,1010.5831015380642,0,Normal
2025-04-23 16:00:00,AWS_073,33.79055445281146,57.58370895156495,0.0,10.870424561457288,1010.1447649385726,0,Normal
2025-04-23 17:00:00,AWS_073,32.10992851335037,64.10084735635972,0.0,10.287181478227769,1008.4819130661341,0,Normal
2025-04-23 18:00:00,AWS_073,30.90163201085837,67.58178290527881,0.0,9.033823598554342,1009.8920509029853,0,Normal
2025-04-23 19:00:00,AWS_073,27.390322362830222,69.27624428572301,0.0,8.141886085326103,1010.3682449380682,0,Normal
2025-04-23 20:00:00,AWS_073,27.84020177877124,71.97543475796788,0.0,13.024929566382312,1010.0407310082512,0,Normal
2025-04-23 21:00:00,AWS_073,26.346890557241252,76.61981353715713,0.0,7.301512602231643,1009.6387101200544,0,Normal
2025-04-23 22:00:00,AWS_073,25.429708751788745,77.62948100251225,0.0,10.107980869853602,1009.812838364556,0,Normal
2025-04-23 23:00:00,AWS_073,,82.84950160629269,0.0,9.282500592851436,1009.9310489924214,1,Missing
2025-04-24 00:00:00,AWS_073,,80.15694015635403,0.0,8.686703412943134,1010.2251890198664,1,Missing
2025-04-24 01:00:00,AWS_073,,78.67760212931034,0.0,9.055439899746094,1009.1313544537418,1,Missing
2025-04-24 02:00:00,AWS_073,,77.07115088461873,0.0,8.009558048943852,1009.5349007982327,1,Missing
2025-04-24 03:00:00,AWS_073,,73.18053054740079,0.0,9.41264943404923,1010.6552082484976,1,Missing
2025-04-24 04:00:00,AWS_073,,73.61311825618665,0.16763041737600037,9.244487566119975,1009.8509031190501,1,Missing
2025-04-24 05:00:00,AWS_073,,67.24226327125879,0.0,12.782914993817464,1010.5968920128937,1,Missing
2025-04-24 06:00:00,AWS_073,31.269328483967005,67.1962965043755,0.0,10.369852410005038,1011.3242500152566,0,Normal
2025-04-24 07:00:00,AWS_073,31.54567346037525,58.53184421545904,0.0,9.53462678066732,1009.5839497605004,0,Normal
2025-04-24 08:00:00,AWS_073,33.74847067049717,57.7544828979465,0.0,9.621324166138043,1009.2298413771589,0,Normal
2025-04-24 09:00:00,AWS_073,35.65831698964302,56.693845799196694,0.0,11.514475003159857,1009.6942324935429,0,Normal
2025-04-24 10:00:00,AWS_073,34.795769706473735,47.705124813986146,0.0,7.296711038044563,1010.3750112267735,0,Normal
2025-04-24 11:00:00,AWS_073,36.542390459417035,54.54764369324835,0.0,8.47543374769671,1010.4434809415387,0,Normal
2025-04-24 12:00:00,AWS_073,36.28648131671216,49.14942960560378,0.0,5.886006214401085,1010.9585410053782,0,Normal
2025-04-24 13:00:00,AWS_073,36.20949568371304,50.79330336998825,0.0,9.582056427587219,1009.8026698805003,0,Normal
2025-04-24 14:00:00,AWS_073,35.28829103098223,53.152517394266106,0.0,10.013337115881535,1010.0636223962639,0,Normal
2025-04-24 15:00:00,AWS_073,34.77458713691163,55.84565639443289,0.0,7.244856856179436,1009.4622319330712,0,Normal
2025-04-24 16:00:00,AWS_073,34.7370816330363,58.04776787651936,0.0,10.888057026195778,1008.5631480264117,0,Normal
2025-04-24 17:00:00,AWS_073,31.42523332030948,63.11248349087493,0.0,7.6542966965677515,1009.795339018079,0,Normal
2025-04-24 18:00:00,AWS_073,29.927857884481952,66.03814142584362,0.0,8.216093831388408,1009.2368142298461,0,Normal
2025-04-24 19:00:00,AWS_073,28.29419311106887,72.40404795660241,0.0,8.906323802300872,1010.1338970729264,0,Normal
2025-04-24 20:00:00,AWS_073,28.663360952513578,73.5446550857092,0.0,11.115448032968684,1008.8700500511335,0,Normal
2025-04-24 21:00:00,AWS_073,26.10550494649976,79.53587275756439,0.0,7.434034949117843,1009.4396096324338,0,Normal
2025-04-24 22:00:00,AWS_073,25.41265069475209,79.7925387372419,0.0,9.155380180601739,1009.9416461730418,0,Normal
2025-04-24 23:00:00,AWS_073,24.585596549046265,75.87738714279949,0.0,9.877943571411574,1009.9925192761526,0,Normal
2025-04-25 00:00:00,AWS_073,24.05479988392361,85.22220535677569,0.0,9.565569263219679,1009.7811513184836,0,Normal
2025-04-25 01:00:00,AWS_073,24.683438227231008,78.34019917738158,0.0,9.618142279038086,1010.7370774052686,0,Normal
2025-04-25 02:00:00,AWS_073,26.897504898790388,80.98146908717005,0.0,9.84946740914906,1010.586671648349,0,Normal
2025-04-25 03:00:00,AWS_073,27.20993823249981,75.66018860403709,0.4779450077708428,7.872308971595778,1009.4583122238668,0,Normal
2025-04-25 04:00:00,AWS_073,27.10419650990435,74.62218051520516,0.0,11.233238358982295,1010.6037180758149,0,Normal
2025-04-25 05:00:00,AWS_073,29.450209850620997,67.50532785480621,0.0,8.532019840782581,1010.6786523701581,0,Normal
2025-04-25 06:00:00,AWS_073,30.114284080602612,66.25148908617918,0.0,8.330146533396311,1009.7341399956547,0,Normal
2025-04-25 07:00:00,AWS_073,31.098907143008034,60.611333232673374,0.0,10.71453163164693,1009.8173334148372,0,Normal
2025-04-25 08:00:00,AWS_073,34.22213334520466,60.658006223179775,0.0,7.744417264598492,1009.7678128821567,0,Normal
2025-04-25 09:00:00,AWS_073,35.54773415673697,55.27073461703581,0.0,9.167858681085168,1009.4692169052736,0,Normal
2025-04-25 10:00:00,AWS_073,36.43143013082761,53.88150422583655,0.0,7.600362935505452,1009.5174268362631,0,Normal
2025-04-25 11:00:00,AWS_073,36.11988839110643,46.18295886271783,0.0,12.460641718920627,1010.448467175784,0,Normal
2025-04-25 12:00:00,AWS_073,36.50479099818198,49.82885464042275,0.0,12.141942544345511,1010.0060403122593,0,Normal
2025-04-25 13:00:00,AWS_073,36.84887221517801,51.33221587578057,0.0,8.510771721304666,1009.50880495657,0,Normal
2025-04-25 14:00:00,AWS_073,36.0331070887354,52.456848756112834,0.0,9.453091030071043,1009.3214503224059,0,Normal
2025-04-25 15:00:00,AWS_073,34.60711199875846,56.31571270963749,0.0,8.678276707363535,1009.403942927572,0,Normal
2025-04-25 16:00:00,AWS_073,32.627805086292234,56.768191509725085,0.0,8.144749152218571,1009.6996214247148,0,Normal
2025-04-25 17:00:00,AWS_073,32.21907958328056,61.21528853353146,0.0,8.844266675050372,1010.2366860295434,0,Normal
2025-04-25 18:00:00,AWS_073,31.243835632134722,67.36245352882999,0.0,8.60108797309537,1009.3486136933844,0,Normal
2025-04-25 19:00:00,AWS_073,28.323549892291542,64.32490766964709,0.0,6.378159373751243,1010.2280598971644,0,Normal
2025-04-25 20:00:00,AWS_073,27.97685768911492,73.67870100327669,0.0,9.050865487106085,1009.8742424657934,0,Normal
2025-04-25 21:00:00,AWS_073,26.548468950628514,74.93883206581111,0.0,8.590060878191535,1009.8457416857154,0,Normal
2025-04-25 22:00:00,AWS_073,25.844701353963877,76.16574480765934,0.0,9.118970217913988,1010.285776556362,0,Normal
2025-04-25 23:00:00,AWS_073,25.31697299712735,80.16197584288798,0.0,8.531561877576776,1010.193116754863,0,Normal
2025-04-26 00:00:00,AWS_073,24.17123898514176,82.4549025936173,0.0,8.10449817697856,1009.0677385097175,0,Normal
2025-04-26 01:00:00,AWS_073,23.820760647430426,81.56717505730438,0.0,9.954540658752473,1009.2265518404561,0,Normal
2025-04-26 02:00:00,AWS_073,25.06879786254858,77.72015499495332,0.0,9.439045189670521,1009.6523627693666,0,Normal
2025-04-26 03:00:00,AWS_073,26.874466100632578,77.35808364532011,0.0,10.730582220863809,1009.9436709342905,0,Normal
2025-04-26 04:00:00,AWS_073,27.256994093596887,74.23613579689169,0.0,9.375773277061633,1010.4465370039229,0,Normal
2025-04-26 05:00:00,AWS_073,28.611419851903374,68.70754313555148,0.0,8.334435836021068,1009.7953487429828,0,Normal
2025-04-26 06:00:00,AWS_073,29.486511236181652,63.61383889602359,0.0,9.553165161866277,1010.6132300840965,0,Normal
2025-04-26 07:00:00,AWS_073,33.18238321330835,59.84724626121753,0.0,5.654259019489853,1009.4066122841524,0,Normal
2025-04-26 08:00:00,AWS_073,34.0718652083083,59.175706697736274,0.0,11.777864655573794,1009.489729972733,0,Normal
2025-04-26 09:00:00,AWS_073,35.27956955843451,54.309104654776405,0.24340506529142913,9.031080782101832,1009.6042484595384,0,Normal
2025-04-26 10:00:00,AWS_073,36.35033084277249,49.91725450377224,0.1847612823504128,11.893359832868647,1009.347047514802,0,Normal
2025-04-26 11:00:00,AWS_073,36.713672715202,47.14138693464572,0.0,7.309823510148555,1010.3339362390312,0,Normal
2025-04-26 12:00:00,AWS_073,36.42404262781895,51.66366290419276,0.0,6.93453781794128,1008.3678924180144,0,Normal
2025-04-26 13:00:00,AWS_073,36.266481285162044,49.417555761135525,0.0,9.156920308713708,1009.4995984400459,0,Normal
2025-04-26 14:00:00,AWS_073,35.50734109216437,52.67039445454538,0.0,9.149136648842832,1010.3240627345457,0,Normal
2025-04-26 15:00:00,AWS_073,36.38975257638094,56.872812096340034,0.0,9.10986554990354,1009.5923772001762,0,Normal
2025-04-26 16:00:00,AWS_073,33.89835245463062,54.882151046293025,0.07002109952064504,8.878401236717881,1010.2835581804192,0,Normal
2025-04-26 17:00:00,AWS_073,31.837974692484394,61.027439562436506,0.0,7.654649425544612,1010.844536681332,0,Normal
2025-04-26 18:00:00,AWS_073,30.8411718543534,64.65861170756226,0.0,6.365954403865851,1009.7844677556725,0,Normal
2025-04-26 19:00:00,AWS_073,28.40096892479722,69.64177142779373,0.47992339269979384,9.015876552426057,1010.3273245504524,0,Normal
2025-04-26 20:00:00,AWS_073,28.46163698740703,74.97831999684087,0.0,6.664425035345531,1010.9510093228105,0,Normal
2025-04-26 21:00:00,AWS_073,25.91817687638921,72.9476980884734,0.0,6.519965604864637,1009.941070221518,0,Normal
2025-04-26 22:00:00,AWS_073,25.660481577969133,79.12997695417812,0.0,8.011689068246579,1009.714578743833,0,Normal
2025-04-26 23:00:00,AWS_073,25.398535737452956,81.55193494432342,0.0,9.225786658674476,1010.1884296292485,0,Normal
2025-04-27 00:00:00,AWS_073,24.783884276994076,79.62724587208643,0.0,11.55859815301641,1010.3278931443522,0,Normal
2025-04-27 01:00:00,AWS_073,24.81266687861034,79.21399340854977,0.0,10.043009071640325,1009.7149660827072,0,Normal
2025-04-27 02:00:00,AWS_073,25.360383018657224,78.82727979473643,0.0,10.721107021719158,1009.4910420279153,0,Normal
2025-04-27 03:00:00,AWS_073,26.27206085357568,76.29623587357779,0.6626474091057747,9.54893340270508,1010.5902528101948,0,Normal
2025-04-27 04:00:00,AWS_073,27.201056773792917,73.66470521473424,0.0,9.115881387730987,1009.5948403830603,0,Normal
2025-04-27 05:00:00,AWS_073,28.722978867706598,70.00484672934024,0.0,12.321445928545526,1010.3256056257851,0,Normal
2025-04-27 06:00:00,AWS_073,31.431842410888077,63.036055388768695,0.0,6.5756363928511234,1009.8587696742396,0,Normal
2025-04-27 07:00:00,AWS_073,32.03038313046449,63.098247318872076,0.0,7.937233408470393,1010.6394145827561,0,Normal
2025-04-27 08:00:00,AWS_073,33.06961339361303,59.83356632438048,0.0,8.05146801146546,1009.3000061788044,0,Normal
2025-04-27 09:00:00,AWS_073,34.47245126381814,54.76556406958238,0.06886064095192038,9.89173169552084,1009.2976372459597,0,Normal
2025-04-27 10:00:00,AWS_073,36.394459610077334,49.02130833013408,0.0,7.080389240927303,1010.1489701260942,0,Normal
2025-04-27 11:00:00,AWS_073,36.737497026059565,50.281621193663796,0.0,9.690856720585199,1009.155157922174,0,Normal
2025-04-27 12:00:00,AWS_073,36.871266570952535,50.388811753881136,0.0,9.412344707891181,1009.7772436297909,0,Normal
2025-04-27 13:00:00,AWS_073,36.17459994487737,48.22191213009034,0.0,9.760048484389237,1010.4917370116286,0,Normal
2025-04-27 14:00:00,AWS_073,36.072213921441374,51.28934281607939,0.0,9.730018996146267,1008.8237204965227,0,Normal
2025-04-27 15:00:00,AWS_073,34.38703200736723,51.574659507084704,0.0,10.84182069837726,1009.9158115510904,0,Normal
2025-04-27 16:00:00,AWS_073,33.37324122422337,58.71458444997288,0.0,8.45768359167492,1010.3192211279187,0,Normal
2025-04-27 17:00:00,AWS_073,32.66228592389977,61.449624953266294,0.0,9.323890919536657,1009.6990022985907,0,Normal
2025-04-27 18:00:00,AWS_073,31.050532556808427,61.70843367037151,0.0,7.4209861242019866,1009.247018590902,0,Normal
2025-04-27 19:00:00,AWS_073,28.382380431450898,69.58521539970177,0.0,7.075773263883862,1009.5778710548279,0,Normal
2025-04-27 20:00:00,AWS_073,27.009597070427734,72.38698210521942,0.0,11.16736441388457,1009.2885263969655,0,Normal
2025-04-27 21:00:00,AWS_073,26.343963552420803,76.63943028330702,0.0,7.299098246056003,1009.7409778132903,0,Normal
2025-04-27 22:00:00,AWS_073,26.35937762955618,77.20731618925572,0.0,9.476399466515433,1009.5666595111512,0,Normal
2025-04-27 23:00:00,AWS_073,23.573421925372593,77.88592859284996,0.0,9.308150209687524,1009.44699680132,0,Normal
2025-04-28 00:00:00,AWS_073,24.683778775365727,78.45831074708438,0.0,10.271211748081932,1009.9353167126487,0,Normal
2025-04-28 01:00:00,AWS_073,23.894058761078593,78.41254696123922,0.0,6.018593568100604,1010.4904179609485,0,Normal
2025-04-28 02:00:00,AWS_073,24.936947082158753,78.02803124992867,0.0,9.839858903979252,1009.8633889068452,0,Normal
2025-04-28 03:00:00,AWS_073,26.050856424130156,75.9025186486478,0.0,8.41315402089972,1010.369930753706,0,Normal
2025-04-28 04:00:00,AWS_073,27.258302895810868,72.1185602443838,0.0,7.59749171085757,1010.4861311026716,0,Normal
2025-04-28 05:00:00,AWS_073,28.635867486720606,68.03564657854477,0.0,8.118282223069862,1009.4020203728655,0,Normal
2025-04-28 06:00:00,AWS_073,30.511832656885243,64.29719346398903,0.020306341478855253,10.046817519026451,1009.8313928319183,0,Normal
2025-04-28 07:00:00,AWS_073,31.73771613189216,66.13316389447606,0.0,9.585674709267021,1009.4801140001094,0,Normal
2025-04-28 08:00:00,AWS_073,32.62692523280571,55.95854969700358,0.0,8.294081089610472,1008.9501313309279,0,Normal
2025-04-28 09:00:00,AWS_073,35.213404263481095,53.2774542651094,0.0,6.77445717384397,1009.8677203029856,0,Normal
2025-04-28 10:00:00,AWS_073,36.14915736044263,58.597327159969716,0.0,6.877453319364579,1009.162392865197,0,Normal
2025-04-28 11:00:00,AWS_073,36.80117869406442,51.35313921058508,0.0,9.606967052323428,1009.9292483068064,0,Normal
2025-04-28 12:00:00,AWS_073,35.57371365050277,47.24003866819261,0.0,6.5579595260448755,1008.9077878121179,0,Normal
2025-04-28 13:00:00,AWS_073,36.47149308137101,52.1964870136185,0.0,8.294492540101183,1009.7698547287096,0,Normal
2025-04-28 14:00:00,AWS_073,36.09675753878809,50.18954116483113,0.5879513314822971,12.490483328795477,1008.8976242934212,0,Normal
2025-04-28 15:00:00,AWS_073,34.11736550665775,56.211521297811984,0.0,9.155367019321295,1010.018556937339,0,Normal
2025-04-28 16:00:00,AWS_073,,57.07807544125863,0.0,9.576549952047632,1009.4835694686647,1,Missing
2025-04-28 17:00:00,AWS_073,,60.23812262448338,0.0,6.868773384259068,1009.4339990964115,1,Missing
2025-04-28 18:00:00,AWS_073,,68.21832993765517,0.0,6.616523716983922,1010.2407854146355,1,Missing
2025-04-28 19:00:00,AWS_073,,70.01508838185629,0.0,9.648358930630547,1009.5153864385582,1,Missing
2025-04-28 20:00:00,AWS_073,,74.44597887489842,0.0,8.028247331675292,1009.7302375528691,1,Missing
2025-04-28 21:00:00,AWS_073,27.73768260768193,76.4764410768381,0.0,10.20935674488693,1009.5741440737318,0,Normal
2025-04-28 22:00:00,AWS_073,24.737091329134024,77.10149200918039,0.12454319096502095,8.660773355548384,1009.925790509187,0,Normal
2025-04-28 23:00:00,AWS_073,25.273637990558704,80.71159623485244,0.0,13.777766424520072,1010.19221008056,0,Normal
2025-04-29 00:00:00,AWS_073,25.061495242192784,82.41843078536893,0.0,7.731891042288067,1010.0871998660998,0,Normal
2025-04-29 01:00:00,AWS_073,24.0846325374461,79.75836348137112,0.0,9.021216351552358,1009.4346935701103,0,Normal
2025-04-29 02:00:00,AWS_073,25.575812758947105,81.59366626545959,0.0,7.243448631311133,1010.2711982561325,0,Normal
2025-04-29 03:00:00,AWS_073,26.16724414301133,77.30757612420203,0.0,10.129934984976313,1009.2071472076125,0,Normal
2025-04-29 04:00:00,AWS_073,27.805401348907804,72.92396509954322,0.0,9.239731181462956,1009.2927312509242,0,Normal
2025-04-29 05:00:00,AWS_073,29.056688425301893,69.38525873857344,0.0,7.134325211499853,1009.5987223599404,0,Normal
2025-04-29 06:00:00,AWS_073,31.187396673818434,65.27447425793525,0.0,8.09732983220453,1010.184674676671,0,Normal
2025-04-29 07:00:00,AWS_073,32.06613834778046,58.6152367522722,0.0,10.628156297629953,1009.0748516667453,0,Normal
2025-04-29 08:00:00,AWS_073,33.36564897970466,57.31985560838279,0.0,10.445114543161282,1010.1043235783104,0,Normal
2025-04-29 09:00:00,AWS_073,35.36503942062688,54.83577125288412,0.0,6.4431039591143895,1009.629863293172,0,Normal
2025-04-29 10:00:00,AWS_073,36.007534670667965,51.17744870070036,0.0,7.862889271979631,1009.4390266183852,0,Normal
2025-04-29 11:00:00,AWS_073,36.69616984263717,51.186466643073366,0.0,11.291084979711393,1010.2034543088986,0,Normal
2025-04-29 12:00:00,AWS_073,36.06115472894258,50.04261498071022,0.0,8.305369041502995,1009.2518746635662,0,Normal
2025-04-29 13:00:00,AWS_073,35.62668161073754,52.05849638786151,0.0,8.828415202707562,1010.7947083143,0,Normal
2025-04-29 14:00:00,AWS_073,35.312178754533306,53.33584370536488,0.0,10.090824786740274,1009.5622107106873,0,Normal
2025-04-29 15:00:00,AWS_073,34.325180476652775,54.72770485737147,0.0,6.549329627165432,1009.7241150333145,0,Normal
2025-04-29 16:00:00,AWS_073,33.92512289336162,54.765574217395994,0.0,7.135171010796935,1010.4193104748741,0,Normal
2025-04-29 17:00:00,AWS_073,32.590276453092144,64.69915980082453,0.0,8.05631349937785,1009.7344878018436,0,Normal
2025-04-29 18:00:00,AWS_073,30.357059708453942,64.71621800285772,0.0,10.345942219650127,1010.2396236082502,0,Normal
2025-04-29 19:00:00,AWS_073,29.7541388633083,68.72051276914755,0.0,10.065799277781755,1008.6672773532507,0,Normal
2025-04-29 20:00:00,AWS_073,28.26794491076768,71.81495830260123,0.0,9.612945073060688,1009.4212266969846,0,Normal
2025-04-29 21:00:00,AWS_073,26.348621201376726,74.62977840566714,0.0,8.321699668960454,1009.8395619491926,0,Normal
2025-04-29 22:00:00,AWS_073,24.754292030281693,81.07849715276762,0.0,10.22193807245181,1010.1805757652145,0,Normal
2025-04-29 23:00:00,AWS_073,25.591605239056175,82.26097603510817,0.0,8.295759299388923,1010.0233866661491,0,Normal
2025-04-30 00:00:00,AWS_073,24.40367620253042,80.88878680715534,0.0,9.38882265113704,1009.9752279264782,0,Normal
2025-04-30 01:00:00,AWS_073,24.718780894940558,79.27388708547457,0.0,9.88707239128986,1010.1664154947416,0,Normal
2025-04-30 02:00:00,AWS_073,25.037069134914248,79.22861702679408,0.0,11.061387135240587,1009.8720723175626,0,Normal
2025-04-30 03:00:00,AWS_073,25.65881524560513,75.75419568133695,0.0,8.42881307450544,1008.5616476116805,0,Normal
2025-04-30 04:00:00,AWS_073,26.552489744032098,72.1195541633538,0.0,7.96652735045887,1010.3530196031525,0,Normal
2025-04-30 05:00:00,AWS_073,29.258821118512014,69.55849751955047,0.0,10.450198271128064,1009.2117650474771,0,Normal
2025-04-30 06:00:00,AWS_073,29.960312475332717,64.11768450610911,0.0,10.562506456073052,1009.7860908397467,0,Normal
2025-04-30 07:00:00,AWS_073,33.81732254912294,61.62224285146905,0.0,7.686808028074472,1009.7184627253553,0,Normal
2025-04-30 08:00:00,AWS_073,32.77537954659821,57.90844185124327,0.0,6.841461166451332,1009.6503073833327,0,Normal
2025-04-30 09:00:00,AWS_073,33.9135667758261,55.59927032471764,0.1434718800818219,10.324705281532136,1009.0723076816281,0,Normal
2025-04-30 10:00:00,AWS_073,35.92592082663239,50.771345028282205,0.0,6.030704161843016,1008.6546670635995,0,Normal
2025-04-30 11:00:00,AWS_073,37.13515554472604,51.93138531141706,0.0,5.951234542765093,1009.1215111362646,0,Normal
2025-04-30 12:00:00,AWS_073,36.459091343882754,48.18737701409899,0.0,8.085135301564986,1010.0345079252559,0,Normal
2025-04-30 13:00:00,AWS_073,36.55756073558287,49.3659793024215,0.0,8.488378661901939,1008.8967671161228,0,Normal
2025-04-30 14:00:00,AWS_073,34.50700480076335,50.95176882494193,0.0,6.741931781223027,1009.1786281275463,0,Normal
2025-04-30 15:00:00,AWS_073,34.25143281867262,52.24929473745443,0.07208223187537345,8.661797309806545,1009.8264837296435,0,Normal
2025-04-30 16:00:00,AWS_073,32.76944558042812,59.53132456677132,0.0,8.725846537539732,1009.1024410812242,0,Normal
2025-04-30 17:00:00,AWS_073,30.8278154668715,59.1796093710826,0.09330925698531534,7.602699998061167,1009.3433235660922,0,Normal
2025-04-30 18:00:00,AWS_073,30.4804282651936,63.602167325186656,0.0,11.37061837613641,1009.6544538883741,0,Normal
2025-04-30 19:00:00,AWS_073,27.509938430860476,71.39310109751109,0.0,8.962204025793305,1009.7535611970134,0,Normal
2025-04-30 20:00:00,AWS_073,26.613538576430283,71.3588345962927,0.0,10.007435705589733,1009.0873247788752,0,Normal
2025-04-30 21:00:00,AWS_073,25.840203807045658,75.23031634752202,0.0,6.127522445926152,1009.6801083658478,0,Normal
2025-04-30 22:00:00,AWS_073,24.70853919450751,75.96632305493351,0.0,6.11171882794724,1009.8077646683276,0,Normal
2025-04-30 23:00:00,AWS_073,24.84405334518133,81.15478980958139,0.0,8.996214921330761,1008.970438644633,0,Normal
2025-05-01 00:00:00,AWS_073,24.583409135009166,81.69347248838213,0.0,11.085546840735123,1009.7131632405126,0,Normal
2025-05-01 01:00:00,AWS_073,25.139080864315893,80.96677920258291,0.0,6.785495783378222,1009.2461542151976,0,Normal
2025-05-01 02:00:00,AWS_073,25.65192768325339,79.06544071315447,0.0,8.512603412277336,1009.6651087304149,0,Normal
2025-05-01 03:00:00,AWS_073,26.836787882773415,75.75377993983717,0.18994996606567552,6.4420329130979646,1009.9633971846599,0,Normal
2025-05-01 04:00:00,AWS_073,27.39207862519316,71.45124666612404,0.48441503622148335,7.213882067337853,1009.5124359496801,0,Normal
2025-05-01 05:00:00,AWS_073,29.02068204385582,67.25234706320576,0.0,8.578621480261939,1010.0559821792235,0,Normal
2025-05-01 06:00:00,AWS_073,30.696708644655953,67.57981105352334,0.0,7.547176069239772,1009.9933917096764,0,Normal
2025-05-01 07:00:00,AWS_073,32.02599070370152,62.64732286691537,0.0,6.32494527458038,1010.0506112472485,0,Normal
2025-05-01 08:00:00,AWS_073,33.14804556235654,56.11339154559915,0.0,6.288492687752946,1009.7969638880105,0,Normal
2025-05-01 09:00:00,AWS_073,34.42781479186991,54.473061818648056,0.0,5.448495024579682,1010.1445063188362,0,Normal
2025-05-01 10:00:00,AWS_073,35.0885322303897,51.40938875726339,0.0,8.989520685932835,1009.7853857186406,0,Normal
2025-05-01 11:00:00,AWS_073,36.429712868854104,48.25469119425247,0.0688155679238742,9.168154185298745,1008.7579243153509,0,Normal
2025-05-01 12:00:00,AWS_073,36.32304942127013,50.355302753242604,0.0,9.157750328192938,1009.1942368408384,0,Normal
2025-05-01 13:00:00,AWS_073,35.77537769256531,49.68012727718558,0.0,6.90229386444518,1009.4833625463217,0,Normal
2025-05-01 14:00:00,AWS_073,35.17479872365172,50.10454561064205,0.0,9.772121748099561,1009.544099705702,0,Normal
2025-05-01 15:00:00,AWS_073,33.89065859904344,51.43513317391826,0.0,9.32049992909665,1009.7653020018134,0,Normal
2025-05-01 16:00:00,AWS_073,33.95982365901035,54.37239299958865,0.0,8.268410519459604,1009.1816793180911,0,Normal
2025-05-01 17:00:00,AWS_073,31.97086318279094,60.374862068072915,0.0,8.019362643807554,1010.5882334837671,0,Normal
2025-05-01 18:00:00,AWS_073,29.851355506311442,64.82981005915016,0.0,7.278069273362349,1009.5313750955718,0,Normal
2025-05-01 19:00:00,AWS_073,29.2995048571067,67.13168405621317,0.0,8.537121816517866,1009.5774867147538,0,Normal
2025-05-01 20:00:00,AWS_073,27.029273905193488,73.80147885531446,0.0,10.671887234271956,1009.2446836659956,0,Normal
2025-05-01 21:00:00,AWS_073,25.2772525949562,75.47550863423228,0.0,9.949936783824795,1009.0770986912157,0,Normal
2025-05-01 22:00:00,AWS_073,25.77862283132365,79.14415167796388,0.0,7.855972433969596,1009.514365583381,0,Normal
2025-05-01 23:00:00,AWS_073,24.242474707145195,79.12306581396061,0.0,9.045356347469374,1009.5900238743903,0,Normal
2025-05-02 00:00:00,AWS_073,24.113192139421336,78.4257647295858,0.0,6.582415043774616,1009.5315290546009,0,Normal
2025-05-02 01:00:00,AWS_073,24.58592614065943,79.71712253661325,0.0,9.326796726742709,1010.4012929124953,0,Normal
2025-05-02 02:00:00,AWS_073,25.844413448404573,75.46503203272994,0.0,6.98254597001624,1009.5092953516418,0,Normal
2025-05-02 03:00:00,AWS_073,26.12263103561135,76.68547875907151,0.0,9.26135063158545,1009.5282217253431,0,Normal
2025-05-02 04:00:00,AWS_073,26.632013843725314,70.62570158697373,0.0,12.676711064784097,1009.977571686559,0,Normal
2025-05-02 05:00:00,AWS_073,29.123128583802277,70.71875072960471,0.5010900575019505,7.36521950520793,1009.4831298677906,0,Normal
2025-05-02 06:00:00,AWS_073,30.056953112176018,64.32308850751618,0.0,12.601578378878106,1009.8370724023811,0,Normal
2025-05-02 07:00:00,AWS_073,33.03184365820459,63.24278135608202,0.0,8.950461796188062,1008.926621836078,0,Normal
2025-05-02 08:00:00,AWS_073,33.34372899347915,55.25475362282337,0.0,7.0872051537571545,1008.9293145340552,0,Normal
2025-05-02 09:00:00,AWS_073,28.05949061975041,53.037858880744146,0.0977268965260387,7.0155942838028045,1009.6246599189558,1,Noise
2025-05-02 10:00:00,AWS_073,26.739193302005475,52.77148883693056,0.0,11.75334676852318,1009.4465669394796,1,Noise
2025-05-02 11:00:00,AWS_073,44.60699865510562,52.85210679251748,0.0,8.94253110071725,1009.1566096910814,1,Noise
2025-05-02 12:00:00,AWS_073,35.94940018584127,53.33321781662985,0.0,7.350953401865767,1009.6207955531776,1,Noise
2025-05-02 13:00:00,AWS_073,38.23951532054545,50.59384493302572,0.0,7.892126279016131,1009.6631685929038,1,Noise
2025-05-02 14:00:00,AWS_073,30.01714198321552,55.68511020480693,0.0,8.840615270098104,1009.2024202228747,1,Noise
2025-05-02 15:00:00,AWS_073,30.03647632173493,53.814069182550924,0.0,8.178504898631763,1009.2967221215382,1,Noise
2025-05-02 16:00:00,AWS_073,30.04515472881852,59.69753524472594,0.0,8.707568840215938,1009.6631809380199,1,Noise
2025-05-02 17:00:00,AWS_073,34.58741158829817,59.233352329543585,0.0,10.846270578050543,1009.0430873251165,1,Noise
2025-05-02 18:00:00,AWS_073,27.496593612122297,65.8404010137265,0.0,6.491032252875012,1009.2503652630945,1,Noise
2025-05-02 19:00:00,AWS_073,27.04198802990663,64.19889959482491,0.0,9.147067663874681,1009.818105672335,1,Noise
2025-05-02 20:00:00,AWS_073,23.93914428804158,70.25681797669375,0.0,8.067909595049775,1009.537977752141,1,Noise
2025-05-02 21:00:00,AWS_073,31.280778297960943,76.53995531395974,0.0,7.425821721637955,1009.3100532707211,1,Noise
2025-05-02 22:00:00,AWS_073,25.60360712535822,75.36550335236554,0.0,9.779784641347474,1009.0958802198886,0,Normal
2025-05-02 23:00:00,AWS_073,24.688057348115905,80.34278661591439,0.0,5.976518498330128,1009.0395706519307,0,Normal
2025-05-03 00:00:00,AWS_073,23.505457789416326,81.81291624162472,0.0,4.616140387062194,1009.4790612979127,0,Normal
2025-05-03 01:00:00,AWS_073,24.331359973883103,78.48624700889947,0.0,8.499723335062697,1010.5566092741277,0,Normal
2025-05-03 02:00:00,AWS_073,24.668262011925147,76.05247514541819,0.0,7.9527875079272405,1009.825361571241,0,Normal
2025-05-03 03:00:00,AWS_073,26.58943260531054,74.65822848608873,0.0,6.127919464490799,1008.8748026304188,0,Normal
2025-05-03 04:00:00,AWS_073,28.01536004665932,70.56837536163162,0.0,5.5884947375392136,1009.8936106023308,0,Normal
2025-05-03 05:00:00,AWS_073,29.3875452960041,68.67985856050596,0.0,11.047406610532763,1009.1593282470177,0,Normal
2025-05-03 06:00:00,AWS_073,29.851673427794758,65.20418124977617,0.0,8.843111800263548,1009.5351131612017,0,Normal
2025-05-03 07:00:00,AWS_073,30.21217412648122,60.50569407726857,0.0,8.175191020782824,1009.2418831126375,0,Normal
2025-05-03 08:00:00,AWS_073,32.24097502644615,60.84871848037364,0.0,11.435722632497093,1010.5464636541586,0,Normal
2025-05-03 09:00:00,AWS_073,35.394939262607004,52.95459064282784,0.0,9.673081768045758,1008.9668063928057,0,Normal
2025-05-03 10:00:00,AWS_073,35.25288985923849,54.792485301744044,0.0,10.791035871628969,1009.6894418464021,0,Normal
2025-05-03 11:00:00,AWS_073,35.6407763874981,48.42863413303975,0.0,6.364322440472025,1009.18875045524,0,Normal
2025-05-03 12:00:00,AWS_073,37.279415967440755,50.1455551398831,0.0,6.305296995219974,1009.8996043060745,0,Normal
2025-05-03 13:00:00,AWS_073,36.846632098064696,52.877323422760114,0.0,9.054131213248455,1009.6756963560563,0,Normal
2025-05-03 14:00:00,AWS_073,35.500962002501986,54.27233324774006,0.0,8.747399601768006,1010.1550262199854,0,Normal
2025-05-03 15:00:00,AWS_073,34.35489614562551,53.552882486801316,0.07224475518805447,9.997276177521744,1009.8855905169954,0,Normal
2025-05-03 16:00:00,AWS_073,33.20719134580098,58.61013944014268,0.0,5.673732097303561,1009.1785476804889,0,Normal
2025-05-03 17:00:00,AWS_073,31.973816578273116,61.960072490790644,0.0,9.172443758778972,1010.9822001720771,0,Normal
2025-05-03 18:00:00,AWS_073,31.242783348296783,63.92012164281452,0.0,9.598082749284588,1009.8005974922723,0,Normal
2025-05-03 19:00:00,AWS_073,28.98146931100616,70.11418555083395,0.06506837006468658,9.515570004962944,1009.2463402675455,0,Normal
2025-05-03 20:00:00,AWS_073,27.714666492123474,76.22498434410474,0.0,7.498402381260787,1009.6232295298965,0,Normal
2025-05-03 21:00:00,AWS_073,26.73611419444482,76.55000304792347,0.0,8.883498703002331,1009.834665513996,0,Normal
2025-05-03 22:00:00,AWS_073,24.377376336178653,79.12309381490792,0.0,6.939222245881745,1009.8144365834638,0,Normal
2025-05-03 23:00:00,AWS_073,24.93083588113992,80.83319735073744,0.0,7.66042064644155,1009.7648453130586,0,Normal
2025-05-04 00:00:00,AWS_073,24.09486959595217,77.07804678528971,0.0,6.532567094284268,1009.9988655389554,0,Normal
2025-05-04 01:00:00,AWS_073,22.964533721337922,80.4093367407486,0.04519926318977062,6.95610479335396,1009.9485044426523,0,Normal
2025-05-04 02:00:00,AWS_073,23.794824399811855,75.95686190708952,0.0,7.729791630511911,1009.089431609321,0,Normal
2025-05-04 03:00:00,AWS_073,25.412497849201205,74.42682783640261,0.0,7.351961690405475,1010.5660387783818,0,Normal
2025-05-04 04:00:00,AWS_073,27.582871401218476,76.823883562377,0.0,6.947311290599339,1010.4952539490625,0,Normal
2025-05-04 05:00:00,AWS_073,28.777629099755597,68.37576245722019,0.0,6.1332344762504585,1009.910092082405,0,Normal
2025-05-04 06:00:00,AWS_073,30.371007629811945,63.51965179141155,0.0,11.02140529403145,1009.527758869264,0,Normal
2025-05-04 07:00:00,AWS_073,32.98198974827523,63.42287948126497,0.0,7.326048712297539,1009.5351556093707,0,Normal
2025-05-04 08:00:00,AWS_073,32.49517521084155,55.60464599431525,0.0,8.568972963663338,1009.3441339105831,0,Normal
2025-05-04 09:00:00,AWS_073,34.48092705621102,53.49855999382243,0.0,5.432698107149843,1009.4076287185196,0,Normal
2025-05-04 10:00:00,AWS_073,35.631675330945164,54.507723279205756,0.0,10.104761142423447,1008.410234630241,0,Normal
2025-05-04 11:00:00,AWS_073,35.60476570738328,50.59664773627989,0.18436318205473476,8.316159785201393,1010.26756585512,0,Normal
2025-05-04 12:00:00,AWS_073,36.266081504687406,46.87680590974694,0.0,7.396738327839881,1010.0899695253487,0,Normal
2025-05-04 13:00:00,AWS_073,35.08277946700325,51.59909183430921,0.0,7.40696983680856,1008.6617091696993,0,Normal
2025-05-04 14:00:00,AWS_073,36.28739672986196,51.2166871791404,0.0,9.360927499326769,1009.9438576708541,0,Normal
2025-05-04 15:00:00,AWS_073,34.07707681542541,57.47310125526228,0.0,3.6243008102058436,1009.4938188437164,0,Normal
2025-05-04 16:00:00,AWS_073,34.460347058664034,56.28762610473173,0.0,6.814785158152755,1009.396966799583,0,Normal
2025-05-04 17:00:00,AWS_073,31.773036553948998,63.22016627091405,0.0,7.8695805964318,1009.7417256330616,0,Normal
2025-05-04 18:00:00,AWS_073,30.854536753703666,68.55139606473143,0.0,7.849420892803674,1008.622727582215,0,Normal
2025-05-04 19:00:00,AWS_073,28.65090417910517,67.18039922891467,0.0,11.80043659866085,1009.4873141730677,0,Normal
2025-05-04 20:00:00,AWS_073,27.215447249260283,72.11357395848361,0.05182524342722297,7.533209564115265,1009.5314982296212,0,Normal
2025-05-04 21:00:00,AWS_073,25.63892646089739,76.38385226608712,0.0,9.522071354151686,1009.5308022909556,0,Normal
2025-05-04 22:00:00,AWS_073,25.105395705009958,76.27568955165823,0.0,10.751347723238318,1008.805654567934,0,Normal
2025-05-04 23:00:00,AWS_073,24.623404874954574,80.02947728775167,0.0,9.03691413207161,1009.7116799993587,0,Normal
2025-05-05 00:00:00,AWS_073,23.75569018141621,79.55015942498801,0.0,7.017399940476877,1010.0169535574619,0,Normal
2025-05-05 01:00:00,AWS_073,24.353746176006126,78.99875225114928,0.0,6.09852369795969,1009.6895371265479,0,Normal
2025-05-05 02:00:00,AWS_073,24.66019636415958,78.0882578421828,0.0,9.140516517559917,1009.3701040674075,0,Normal
2025-05-05 03:00:00,AWS_073,27.357644012134582,75.74913114895534,0.3688111401267837,10.487054934005037,1010.8280462469703,0,Normal
2025-05-05 04:00:00,AWS_073,27.16472377525165,72.82776153815207,0.0,8.835592736805035,1009.0200677698537,0,Normal
2025-05-05 05:00:00,AWS_073,,67.68463298562423,0.0,9.863951310841795,1009.867911325251,1,Missing
2025-05-05 06:00:00,AWS_073,,63.88965655130049,0.0,11.898830630882127,1009.6016543360511,1,Missing
2025-05-05 07:00:00,AWS_073,,60.88053914581253,0.0,9.264102459585569,1010.4850070626725,1,Missing
2025-05-05 08:00:00,AWS_073,32.41802602017125,57.41048471752841,0.0,6.354222703896616,1009.6710598974483,0,Normal
2025-05-05 09:00:00,AWS_073,34.18330673338631,53.51569960230855,0.0,8.078894117771243,1009.7770983112734,0,Normal
2025-05-05 10:00:00,AWS_073,35.529445799482176,52.657498227405455,0.0,10.054756725538567,1009.728216177072,0,Normal
2025-05-05 11:00:00,AWS_073,36.95219063920799,46.881589108313584,0.0,7.623395214868321,1008.9450347182019,0,Normal
2025-05-05 12:00:00,AWS_073,36.33628169477816,48.5390674821821,0.3266780383298046,10.252254261310496,1009.0385953517098,0,Normal
2025-05-05 13:00:00,AWS_073,36.826935685575144,49.951256953258266,0.0,7.890421493152411,1009.334042535869,0,Normal
2025-05-05 14:00:00,AWS_073,35.77979272158353,50.29738856917221,0.0,8.489478947318416,1009.9494100793296,0,Normal
2025-05-05 15:00:00,AWS_073,35.41633648486211,57.65179431181957,0.0,7.458977237340773,1009.5861105375552,0,Normal
2025-05-05 16:00:00,AWS_073,33.159879665670566,57.5377236934499,0.0,8.221524297967758,1009.3650395242928,0,Normal
2025-05-05 17:00:00,AWS_073,33.180400736733326,61.471253679914,0.0,8.298021927917262,1010.1533529700266,0,Normal
2025-05-05 18:00:00,AWS_073,29.9001608043404,64.03353858406908,0.0,5.56366890603787,1008.4748855938909,0,Normal
2025-05-05 19:00:00,AWS_073,28.17665068501055,68.85072783579189,0.0,7.311222878290504,1008.817039117634,0,Normal
2025-05-05 20:00:00,AWS_073,26.461451721086426,70.06949307139453,0.0,6.120931721956273,1008.2154992977823,0,Normal
2025-05-05 21:00:00,AWS_073,27.341496767178786,75.26696764560806,0.0,7.357211991279325,1010.0668057651419,0,Normal
2025-05-05 22:00:00,AWS_073,25.47907583940727,76.11636419957507,0.0,6.7722603145165685,1009.4131400631378,0,Normal
2025-05-05 23:00:00,AWS_073,24.185567235686896,78.93408022482369,0.0,9.47986881802326,1009.9435029534629,0,Normal
2025-05-06 00:00:00,AWS_073,24.929041015217283,74.880166867395,0.0,9.49436806343266,1009.404583132837,0,Normal
2025-05-06 01:00:00,AWS_073,24.794718363822557,77.23288097744897,0.0,8.796840514394,1009.9696606759868,0,Normal
2025-05-06 02:00:00,AWS_073,26.159210534760728,80.91823386579524,0.0,6.052056583591746,1009.3935505337276,0,Normal
2025-05-06 03:00:00,AWS_073,25.002372403811346,77.2673972160133,0.0,7.803459436020625,1009.6607415627644,0,Normal
2025-05-06 04:00:00,AWS_073,27.01252089431085,75.13807867183046,0.0,5.927004330980319,1009.5864030629178,0,Normal
2025-05-06 05:00:00,AWS_073,28.339331880852146,71.65772821587966,0.0,7.723983943391939,1009.6223617392353,0,Normal
2025-05-06 06:00:00,AWS_073,28.98356925334769,66.34597484832895,0.0,8.913187025164948,1010.2947397912424,0,Normal
2025-05-06 07:00:00,AWS_073,32.3549071858807,60.21197695270392,0.0,9.427343040506393,1008.6390233220179,0,Normal
2025-05-06 08:00:00,AWS_073,33.001574248985456,55.425498107468755,0.0,8.645585039021073,1009.4159096094387,0,Normal
2025-05-06 09:00:00,AWS_073,34.84824504053414,56.68688749310118,0.0,9.821156561114242,1009.5479619150216,0,Normal
2025-05-06 10:00:00,AWS_073,36.771852520590464,52.1387548920082,0.0,8.320215175597747,1009.4719801479085,0,Normal
2025-05-06 11:00:00,AWS_073,35.741454846717886,55.49915823842779,0.0,7.577371602987991,1009.2477636765631,0,Normal
2025-05-06 12:00:00,AWS_073,35.903161342234746,49.26980404797849,0.0,9.235334228553704,1009.1782191041484,0,Normal
2025-05-06 13:00:00,AWS_073,36.02061148112717,54.45690431522493,0.0,9.281689105935767,1010.2094568477206,0,Normal
2025-05-06 14:00:00,AWS_073,35.9403616087911,51.69603536184191,0.0,7.132848939992112,1009.4079625641295,0,Normal
2025-05-06 15:00:00,AWS_073,34.052474262997904,57.065495476719185,0.0,8.484711448756174,1010.6611712790511,0,Normal
2025-05-06 16:00:00,AWS_073,32.76928291461857,60.893383474464905,0.0,7.471899615911677,1009.7052117248738,0,Normal
2025-05-06 17:00:00,AWS_073,32.333084053583455,59.07181446710077,0.0,4.8976091351993825,1009.2951239848471,0,Normal
2025-05-06 18:00:00,AWS_073,30.37103403017534,64.03000384341826,0.0,8.56779278379681,1009.715170041058,0,Normal
2025-05-06 19:00:00,AWS_073,27.362091290658743,66.81632722514074,0.0,5.962981527586991,1009.4921772267542,0,Normal
2025-05-06 20:00:00,AWS_073,26.404597391787757,70.04011102348355,0.0,8.394232917914028,1010.1075919139096,0,Normal
2025-05-06 21:00:00,AWS_073,26.795921125261042,76.9407354188481,0.0,5.596069004782459,1008.8516139284195,0,Normal
2025-05-06 22:00:00,AWS_073,25.18081053509694,77.59712431626853,0.0,6.816659748549846,1008.5337662234276,0,Normal
2025-05-06 23:00:00,AWS_073,23.880917037765578,79.59362004071629,0.0,7.242894120955449,1009.6137351673159,0,Normal
2025-05-07 00:00:00,AWS_073,24.02952519927856,81.11247826994656,0.0,9.693011493400824,1009.8499793785367,0,Normal
2025-05-07 01:00:00,AWS_073,24.342137353432975,75.7741137269062,0.0,7.08728381870203,1009.5739722428125,0,Normal
2025-05-07 02:00:00,AWS_073,25.373015090223863,80.56391306468069,0.0,6.272232106862688,1009.7661465176227,0,Normal
2025-05-07 03:00:00,AWS_073,25.06810383845369,74.90841339111837,0.0,8.428338348184088,1009.6915180918417,0,Normal
2025-05-07 04:00:00,AWS_073,26.619106022503413,73.56480261247572,0.0,7.553492590809361,1008.6874916179396,0,Normal
2025-05-07 05:00:00,AWS_073,28.73250550976046,70.1237113549949,0.0,9.061926125874434,1009.5672049459797,0,Normal
2025-05-07 06:00:00,AWS_073,30.0597142804905,67.74159312152769,0.0,6.355397735893054,1010.0838701282532,0,Normal
2025-05-07 07:00:00,AWS_073,32.01361139093852,60.90799954789612,0.0,8.18663092281338,1009.5102593007513,0,Normal
2025-05-07 08:00:00,AWS_073,32.3778416359487,53.252725081914136,0.0,11.57183280135802,1008.7682940778018,0,Normal
2025-05-07 09:00:00,AWS_073,34.57042631358631,54.507653509108906,0.0,7.505696742554137,1009.2552432937879,0,Normal
2025-05-07 10:00:00,AWS_073,35.96257124514211,52.411032659556625,0.0,8.14184344014506,1009.699450221437,0,Normal
2025-05-07 11:00:00,AWS_073,36.1970728517521,48.44259088738374,0.0,5.367320154151348,1010.3177883284798,0,Normal
2025-05-07 12:00:00,AWS_073,36.19084981036903,50.29498130886588,0.0,6.576544397433511,1008.4407028043125,0,Normal
2025-05-07 13:00:00,AWS_073,35.84336145040724,49.789075736211394,0.0,8.542727244775222,1009.5983958901576,0,Normal
2025-05-07 14:00:00,AWS_073,34.79853016092551,49.3241110446684,0.0,7.355432515797456,1008.9505813664454,0,Normal
2025-05-07 15:00:00,AWS_073,34.30067962622931,55.73636807222035,0.0,8.769061585317052,1009.6694553360957,0,Normal
2025-05-07 16:00:00,AWS_073,33.85500916107184,56.3725496982044,0.0,8.481953266476197,1009.7084153901557,0,Normal
2025-05-07 17:00:00,AWS_073,31.578628261901816,60.30495589398806,0.0,5.86463425730533,1009.2968354552279,0,Normal
2025-05-07 18:00:00,AWS_073,29.561192039731353,64.07484230542583,0.0,9.361771089849963,1009.7281192982617,0,Normal
2025-05-07 19:00:00,AWS_073,28.244753140808204,71.3532428714661,0.6271156470558473,5.971917588494836,1009.9811795201895,0,Normal
2025-05-07 20:00:00,AWS_073,27.211464968697957,72.41816767645321,0.0,6.685695567032704,1009.3278591058842,0,Normal
2025-05-07 21:00:00,AWS_073,25.62214272592237,75.76480135888986,0.34521860526715886,8.174439307035025,1008.7404794540386,0,Normal
2025-05-07 22:00:00,AWS_073,25.181856275928414,77.10910874799379,0.0,10.177880041082583,1010.1207619601199,0,Normal
2025-05-07 23:00:00,AWS_073,24.602910842450818,80.41462103884582,0.0,6.318664685044283,1009.821240274554,0,Normal
2025-05-08 00:00:00,AWS_073,24.61608016547237,82.69863609690134,0.0,8.043139667826056,1009.6876896903585,0,Normal
2025-05-08 01:00:00,AWS_073,25.13919959596765,80.78460902930902,0.0,8.052777557176405,1009.0592481140843,0,Normal
2025-05-08 02:00:00,AWS_073,25.479908196058624,79.3641149794363,0.012312881189876201,8.801920780071187,1009.8963706750603,0,Normal
2025-05-08 03:00:00,AWS_073,25.273285674084637,76.8190621295669,0.0,9.589060692134732,1010.4237881945435,0,Normal
2025-05-08 04:00:00,AWS_073,26.532271450117662,69.73951471337767,0.0,7.204036122013108,1009.3408441790317,0,Normal
2025-05-08 05:00:00,AWS_073,28.47393518383188,67.13004801313953,0.0,9.325057127981074,1009.4476710021323,0,Normal
2025-05-08 06:00:00,AWS_073,29.79952525319744,64.59002521280175,0.0,9.799900191541873,1008.8667559708472,0,Normal
2025-05-08 07:00:00,AWS_073,30.93806473522759,59.66598623847574,0.0,10.47749082944461,1009.0385082803076,0,Normal
2025-05-08 08:00:00,AWS_073,32.80104536463505,55.370925950488,0.0,8.551571560648128,1008.8599239097601,0,Normal
2025-05-08 09:00:00,AWS_073,34.02190521661158,50.64904680046064,0.0,8.031976630090757,1009.4615505288002,0,Normal
2025-05-08 10:00:00,AWS_073,34.85492582628783,49.31656051696514,0.0,7.081079312677375,1009.2246817879718,0,Normal
2025-05-08 11:00:00,AWS_073,35.66587098157822,49.99806149097878,0.0,5.601610789928959,1009.580404733279,0,Normal
2025-05-08 12:00:00,AWS_073,36.76476580522781,49.86114726636223,0.0,7.370295562209129,1008.9469888675375,0,Normal
2025-05-08 13:00:00,AWS_073,35.970696569499346,48.92500505340282,0.0,7.9528675480439,1009.30809703388,0,Normal
2025-05-08 14:00:00,AWS_073,36.73273806089105,52.167469368599875,0.0,7.617257683499684,1008.9140445605391,0,Normal
2025-05-08 15:00:00,AWS_073,34.39634511145477,53.525731000385036,0.0,8.67520843222766,1009.4835371685283,0,Normal
2025-05-08 16:00:00,AWS_073,32.87525728425143,59.68114717474769,0.0,5.594506951137239,1008.5725292791938,0,Normal
2025-05-08 17:00:00,AWS_073,31.60258590151122,60.79446279541252,1.2224705874619515,7.4999409924128875,1009.4634219758954,0,Normal
2025-05-08 18:00:00,AWS_073,30.19898015894086,66.39266176280343,0.0,10.762192313476229,1009.2472104195339,0,Normal
2025-05-08 19:00:00,AWS_073,28.75121406509992,69.2887132011272,0.0,9.260571959273463,1009.4760016847495,0,Normal
2025-05-08 20:00:00,AWS_073,28.286891666516585,69.69585792151189,0.0,8.688594903858299,1008.5583317300656,1,Drift
2025-05-08 21:00:00,AWS_073,26.503063541693223,75.42528536632386,0.0,8.34746928384524,1009.7107696756564,1,Drift
2025-05-08 22:00:00,AWS_073,27.784201279021254,75.51913285810922,0.0,7.210434069212394,1009.2329885105155,1,Drift
2025-05-08 23:00:00,AWS_073,28.006048949990024,79.27264571790218,0.0,5.124612735874162,1009.4898657792877,1,Drift
2025-05-09 00:00:00,AWS_073,27.946320310350114,78.50973836553862,0.0,8.4385473829993,1008.4452231030738,1,Drift
2025-05-09 01:00:00,AWS_073,30.7678665996436,80.25281346130564,0.0,4.077348533965308,1008.7578457552521,1,Drift
2025-05-09 02:00:00,AWS_073,32.877445260709095,75.30567238183417,0.0,7.25879385411875,1009.18308882086,1,Drift
2025-05-09 03:00:00,AWS_073,33.76809620403591,75.63600536835709,0.0,7.738775633515201,1010.0648708275461,1,Drift
2025-05-09 04:00:00,AWS_073,36.73169952794433,73.64483116512639,0.0,7.070615665954655,1009.6397126387474,1,Drift
2025-05-09 05:00:00,AWS_073,38.36094806598183,70.6974768151558,0.0,10.995612943603142,1009.4399720413719,1,Drift
2025-05-09 06:00:00,AWS_073,29.264355933353503,63.47166448423155,0.22146583737992184,10.472189699897037,1008.9118393442862,0,Normal
2025-05-09 07:00:00,AWS_073,32.199237928416196,61.15321626787654,0.0,9.282030427593076,1008.81982121002,0,Normal
2025-05-09 08:00:00,AWS_073,32.73552004284729,57.86829394582315,0.0,6.3419601202574265,1009.5102428893707,0,Normal
2025-05-09 09:00:00,AWS_073,33.590590818082525,57.48765084128732,0.0,10.609210841031988,1009.7212229040946,0,Normal
2025-05-09 10:00:00,AWS_073,35.3449204621353,49.04695882173315,0.0,8.652679280439521,1009.4743296194248,0,Normal
2025-05-09 11:00:00,AWS_073,35.49105716091116,48.688907515521876,0.0,6.308393946069492,1010.2235868395361,0,Normal
2025-05-09 12:00:00,AWS_073,35.72431244620807,55.60892498547216,0.0,7.7675768094857425,1009.0265443943177,0,Normal
2025-05-09 13:00:00,AWS_073,36.24380973151014,49.96491803775203,0.0,9.153501874510662,1009.4564286009407,0,Normal
2025-05-09 14:00:00,AWS_073,34.50162322297778,48.22763132342687,0.0,6.814459631194102,1008.5191259978242,0,Normal
2025-05-09 15:00:00,AWS_073,33.6997819732717,53.22829799550546,0.0,7.920715169885102,1009.4702072047663,0,Normal
2025-05-09 16:00:00,AWS_073,33.09065594915569,51.96225355707127,0.0,8.181769498600907,1010.0983434914314,0,Normal
2025-05-09 17:00:00,AWS_073,32.13061358211771,61.5995557483745,0.0,6.0529123761839045,1008.8418762400617,0,Normal
2025-05-09 18:00:00,AWS_073,30.736793045325737,66.61956952055644,0.0,7.296193304700769,1009.7826716057832,0,Normal
2025-05-09 19:00:00,AWS_073,28.039786934278215,67.05896092420029,0.0,6.1602777652689635,1010.0811022187675,0,Normal
2025-05-09 20:00:00,AWS_073,27.55200373635144,71.55855215549698,0.0,8.998612858014198,1009.0147038268259,0,Normal
2025-05-09 21:00:00,AWS_073,25.274288759609902,77.45391002853604,0.0,6.3306670593046785,1009.592009288338,0,Normal
2025-05-09 22:00:00,AWS_073,25.884823223495736,74.48995012707444,0.06620773782820392,8.127595275151661,1010.147335899686,0,Normal
2025-05-09 23:00:00,AWS_073,23.507265630067675,76.84574496993693,0.0,5.601795672187552,1009.471739553854,0,Normal
2025-05-10 00:00:00,AWS_073,24.778001605388116,79.54376963656873,0.0,5.984013916900173,1009.7488427768764,0,Normal
2025-05-10 01:00:00,AWS_073,23.789296764925915,77.98421771940238,0.0,5.908487432172553,1008.4674952643145,0,Normal
2025-05-10 02:00:00,AWS_073,25.98836585785636,77.40264726181941,0.0,7.244086683378499,1009.6520242343319,0,Normal
2025-05-10 03:00:00,AWS_073,26.0865471330272,73.07910107898518,0.0,7.946162177849227,1009.6110622296683,0,Normal
2025-05-10 04:00:00,AWS_073,26.36260839567188,72.92862697184302,0.0,8.219863191271957,1008.6883260769524,0,Normal
2025-05-10 05:00:00,AWS_073,28.10378184191108,68.58381950617783,0.0,5.011518219877198,1008.868257896054,0,Normal
2025-05-10 06:00:00,AWS_073,30.436566767894984,66.09838098846606,0.0,7.414052680194432,1009.651414600346,0,Normal
2025-05-10 07:00:00,AWS_073,32.150175769150486,61.51851332442277,0.0,6.538294601779162,1009.1970505869165,0,Normal
2025-05-10 08:00:00,AWS_073,32.92106025595606,57.91338014499205,0.0,8.462561688385012,1009.9033699375261,0,Normal
2025-05-10 09:00:00,AWS_073,34.23073799065646,51.50078357314156,0.0,7.256980809746713,1009.5017597769166,0,Normal
2025-05-10 10:00:00,AWS_073,35.61027726328942,52.99480204652316,0.0,7.534330330795186,1009.37362102873,0,Normal
2025-05-10 11:00:00,AWS_073,35.83155568416972,49.84937980205509,0.0,6.535295141517531,1009.2591670283309,0,Normal
2025-05-10 12:00:00,AWS_073,35.17862536818086,49.66680338470076,0.0,10.236832002369445,1009.4897322765974,0,Normal
2025-05-10 13:00:00,AWS_073,35.26030340574024,52.60764135844559,0.0,5.721633371978221,1009.7438584292944,0,Normal
2025-05-10 14:00:00,AWS_073,35.28755979697407,50.57074783019963,0.0,7.044543771692058,1009.6083199891856,0,Normal
2025-05-10 15:00:00,AWS_073,34.92006605869179,57.09576693911979,0.0,7.802684870705471,1009.1288940798551,0,Normal
2025-05-10 16:00:00,AWS_073,33.91552385831106,60.38895059874618,0.0,7.261389115537137,1009.9591220719726,0,Normal
2025-05-10 17:00:00,AWS_073,31.96436277900686,62.62328319819094,0.0,6.489668638876992,1009.6672571698465,0,Normal
2025-05-10 18:00:00,AWS_073,30.113899735774446,63.038758378465154,0.0,4.915190299880775,1009.5300348696297,0,Normal
2025-05-10 19:00:00,AWS_073,28.83569173559416,64.50969918528394,0.0,6.592595358673918,1009.3822757560016,0,Normal
2025-05-10 20:00:00,AWS_073,26.537057533341983,74.65766982851989,0.0,6.1879248936962306,1009.5854625632519,0,Normal
2025-05-10 21:00:00,AWS_073,25.600317123554085,75.82937184046037,0.0,10.142982607846474,1008.4186102958175,0,Normal
2025-05-10 22:00:00,AWS_073,24.242051850333883,76.49998611512366,0.0,11.018333367864837,1009.4541177587869,0,Normal
2025-05-10 23:00:00,AWS_073,23.385666477493626,81.83601208184723,0.0,7.5422459089965646,1010.1525693141217,0,Normal
2025-05-11 00:00:00,AWS_073,24.128378682375295,78.27688223824438,0.0,5.508442762864186,1009.4414872927664,0,Normal
2025-05-11 01:00:00,AWS_073,24.241782554424294,78.64057687787414,0.0,8.71978807697424,1009.3722500816824,0,Normal
2025-05-11 02:00:00,AWS_073,25.140246829236272,79.04016178540057,0.0,6.138251725760679,1009.0315881158522,0,Normal
2025-05-11 03:00:00,AWS_073,26.00661038704168,73.37939605456846,0.0,6.783254627385421,1009.5749141288059,0,Normal
2025-05-11 04:00:00,AWS_073,27.064944735310217,72.28103818078587,0.0,6.660881813219343,1009.230034879491,0,Normal
2025-05-11 05:00:00,AWS_073,28.698186081845208,71.06056004436452,0.0,6.850542815550973,1009.9812449436748,0,Normal
2025-05-11 06:00:00,AWS_073,29.88929066064883,65.42222148724225,0.0,7.066366284597896,1008.8938095514849,0,Normal
2025-05-11 07:00:00,AWS_073,31.713317777406175,63.612566997109546,0.0,5.625339300400316,1009.0984926505657,0,Normal
2025-05-11 08:00:00,AWS_073,32.47474816640706,59.767204716011996,0.0,6.539717502516336,1009.0232331861497,0,Normal
2025-05-11 09:00:00,AWS_073,34.372663177121126,54.40887495104503,0.18794564418861304,9.119800346932852,1010.2399902327248,0,Normal
2025-05-11 10:00:00,AWS_073,35.503164084484546,47.336136190518644,0.0,7.536694755696428,1009.2268477086925,0,Normal
2025-05-11 11:00:00,AWS_073,35.29746725802512,48.29956801523336,0.0,7.772147332067184,1009.0467230370549,0,Normal
2025-05-11 12:00:00,AWS_073,35.932578514749586,51.526668224768976,0.0,4.232950991807922,1008.2744971031156,0,Normal
2025-05-11 13:00:00,AWS_073,35.32062879837599,47.4106097650934,0.0,9.000145508013887,1008.8631423692855,0,Normal
2025-05-11 14:00:00,AWS_073,34.777237836281365,51.35623376605952,0.0,6.547337234736961,1009.5818061993157,0,Normal
2025-05-11 15:00:00,AWS_073,33.4624245857629,55.07035950957985,0.0,9.258717169614687,1009.5788383438323,0,Normal
2025-05-11 16:00:00,AWS_073,33.65195654333714,60.439141391523016,0.0,7.801324032236799,1008.9903369825743,0,Normal
2025-05-11 17:00:00,AWS_073,32.082565037685924,59.967674930553365,0.0,6.723979391512483,1009.0171501555907,0,Normal
2025-05-11 18:00:00,AWS_073,30.210446047404538,63.71302458183374,0.0,5.047523073624411,1010.2439545273819,0,Normal
2025-05-11 19:00:00,AWS_073,29.51613310783602,68.7773941435468,0.0,10.82362455916178,1010.6612511443988,0,Normal
2025-05-11 20:00:00,AWS_073,26.769924462708477,73.2018259396202,0.0,8.763374914324157,1009.8869912102743,0,Normal
2025-05-11 21:00:00,AWS_073,27.457628718070822,75.29810806300603,0.0,8.850264213151974,1010.0907898937704,0,Normal
2025-05-11 22:00:00,AWS_073,24.54627996294556,80.0889177545382,0.0,10.281043009261692,1010.195908999896,0,Normal
2025-05-11 23:00:00,AWS_073,24.234247171371585,77.89059972827907,0.0,7.886081036956042,1010.4165299452985,0,Normal
2025-05-12 00:00:00,AWS_073,23.63575345847108,80.24032186675808,0.0,9.575699894747773,1009.1573294264379,0,Normal
2025-05-12 01:00:00,AWS_073,24.299992680686067,80.37931281483006,0.0,6.8263864631162665,1008.8682099463421,0,Normal
2025-05-12 02:00:00,AWS_073,25.17509893989152,77.18991543695486,0.0,8.647766915513106,1010.2231407756151,0,Normal
2025-05-12 03:00:00,AWS_073,25.55661999549817,77.28602159091815,0.0,6.593404057584773,1008.8233022171603,0,Normal
2025-05-12 04:00:00,AWS_073,27.931368549572362,72.7979170824847,0.0,6.779911165351861,1008.790205907344,0,Normal
2025-05-12 05:00:00,AWS_073,28.453636075758638,70.45997710284236,0.0,7.678350700480295,1008.8007427273719,0,Normal
2025-05-12 06:00:00,AWS_073,30.023074154161943,65.38820821609767,0.0,5.628902191409856,1009.2369194028782,0,Normal
2025-05-12 07:00:00,AWS_073,30.866018737086964,61.870523466436644,0.0,8.021287850757878,1008.3094885259883,0,Normal
2025-05-12 08:00:00,AWS_073,33.10732070354954,56.23521648630129,0.0,7.0563654064924375,1008.5841820280664,0,Normal
2025-05-12 09:00:00,AWS_073,34.016161805221124,53.13185487181934,0.0,4.540113220957468,1008.9886290097247,0,Normal
2025-05-12 10:00:00,AWS_073,34.68286024476369,54.458411903090976,0.0,6.832113036528377,1008.7008988056691,0,Normal
2025-05-12 11:00:00,AWS_073,35.179034200056584,51.78213349470464,0.0,6.998175753122411,1009.8291318151618,0,Normal
2025-05-12 12:00:00,AWS_073,37.4501321622737,47.954069667555196,0.0,8.792164696918778,1009.3003158445847,0,Normal
2025-05-12 13:00:00,AWS_073,35.48225101008991,50.87283945497364,0.0,7.937859370799256,1009.5845699305596,0,Normal
2025-05-12 14:00:00,AWS_073,34.164449862757756,47.26206683616257,0.0,9.6784236870437,1009.5288926770734,0,Normal
2025-05-12 15:00:00,AWS_073,33.663900817050354,53.245517954802956,0.0,8.284532477914645,1009.1908110514264,0,Normal
2025-05-12 16:00:00,AWS_073,32.806954639710405,59.422055353239806,0.0,6.670579682077134,1009.7873347598329,0,Normal
2025-05-12 17:00:00,AWS_073,31.716510196763515,60.867423146039876,0.0,7.411135706112222,1009.5184157332254,0,Normal
2025-05-12 18:00:00,AWS_073,30.16617200953598,65.23582533933207,0.0,6.973756408769882,1009.1322158404689,0,Normal
2025-05-12 19:00:00,AWS_073,28.68404497479789,62.84952318349738,0.16640072369855255,8.224941724993153,1008.4485366263266,0,Normal
2025-05-12 20:00:00,AWS_073,26.44176877732011,71.7154927637277,0.0,7.579869899544631,1009.5498977268717,0,Normal
2025-05-12 21:00:00,AWS_073,25.788001017534782,76.28314616545264,0.0,6.544451727242018,1008.657995209853,0,Normal
2025-05-12 22:00:00,AWS_073,24.10227984611314,78.92096080756326,0.0,7.497346648372899,1009.4778682247392,0,Normal
2025-05-12 23:00:00,AWS_073,23.654415741146778,81.41359881700474,0.0,8.173371968941865,1009.3262520997135,0,Normal
2025-05-13 00:00:00,AWS_073,23.26881767925256,79.57948449645315,0.0,5.969123958683161,1008.6057057826192,0,Normal
2025-05-13 01:00:00,AWS_073,23.30853940377227,79.15757576908771,0.0,7.95142497228797,1009.4141728457191,0,Normal
2025-05-13 02:00:00,AWS_073,25.257183591427722,75.32614619794685,0.0,5.105043018900594,1009.3797193910011,0,Normal
2025-05-13 03:00:00,AWS_073,25.983017338274678,75.19755863945181,0.0,9.128580782233705,1009.38062016781,0,Normal
2025-05-13 04:00:00,AWS_073,27.39616894940695,69.97684987520441,0.0,8.258151360620827,1009.3557330180455,0,Normal
2025-05-13 05:00:00,AWS_073,28.278520058853537,65.18654543692698,0.0,9.908461348848682,1008.9551300068096,0,Normal
2025-05-13 06:00:00,AWS_073,30.271605912622963,62.829641259778846,0.0,5.786799062180295,1009.5762196060409,0,Normal
2025-05-13 07:00:00,AWS_073,30.299334766795265,64.13508413907013,0.0,9.159028518432551,1008.9356794800843,0,Normal
2025-05-13 08:00:00,AWS_073,33.31871753886389,56.958877596973444,0.0,8.859678502323968,1008.7413056580448,0,Normal
2025-05-13 09:00:00,AWS_073,34.147446546837465,54.833153008248516,0.0,7.179818097785695,1009.6150131050864,0,Normal
2025-05-13 10:00:00,AWS_073,35.36861912399649,50.98262644083731,0.0,6.885359181964992,1009.7450080917539,0,Normal
2025-05-13 11:00:00,AWS_073,35.817434904856064,46.93001056676018,0.0,5.819763452548254,1009.578989780651,0,Normal
2025-05-13 12:00:00,AWS_073,35.19929594967068,51.872226249859416,0.0,5.42592660068359,1009.1713926407594,0,Normal
2025-05-13 13:00:00,AWS_073,34.68592125900338,46.1667163259528,0.0,6.314948563751648,1008.304357962254,0,Normal
2025-05-13 14:00:00,AWS_073,34.55576926422494,50.9000335896501,0.0,5.555295762222103,1010.0140380447488,0,Normal
2025-05-13 15:00:00,AWS_073,34.36609762365358,54.284168520501666,0.0,9.829702422710774,1008.2947477868364,0,Normal
2025-05-13 16:00:00,AWS_073,33.19621669644148,57.960979286859704,0.0,5.180200574014045,1009.5644321551597,0,Normal
2025-05-13 17:00:00,AWS_073,30.511964085317448,59.664775114404456,0.0,7.653781729224704,1010.3256262389938,0,Normal
2025-05-13 18:00:00,AWS_073,29.188806949882473,61.32407703389005,0.0,8.081156548557853,1009.3443487965839,0,Normal
2025-05-13 19:00:00,AWS_073,27.788260334060766,67.28009909186693,0.0,7.961008346794179,1009.4143412587729,0,Normal
2025-05-13 20:00:00,AWS_073,26.558380483811586,71.00248402476068,0.0,8.089853351050927,1009.4574957802732,0,Normal
2025-05-13 21:00:00,AWS_073,24.710537897136646,74.06041472748805,0.0,8.838682145605915,1009.3660309498786,0,Normal
2025-05-13 22:00:00,AWS_073,23.718669223448476,79.93049823718178,0.0,6.747359958614513,1010.4413674026468,0,Normal
2025-05-13 23:00:00,AWS_073,23.47703825482,77.06168183805774,0.05349929645708799,7.544731003962401,1008.8435930214423,0,Normal
2025-05-14 00:00:00,AWS_073,23.815086439395046,80.60195854887631,0.0,6.970224900915624,1008.7799283185875,0,Normal
2025-05-14 01:00:00,AWS_073,23.257060387250235,79.80548146877184,0.0,9.361517995416165,1009.0996587099806,0,Normal
2025-05-14 02:00:00,AWS_073,24.492973296454597,79.91129121170992,0.0,10.554691236629228,1010.1329440490504,0,Normal
2025-05-14 03:00:00,AWS_073,26.148732770364738,75.34033797432436,0.0,5.61115476020988,1008.9732103659555,0,Normal
2025-05-14 04:00:00,AWS_073,25.972805935569813,74.08226193439512,0.0,4.35256749319899,1009.4759196227973,0,Normal
2025-05-14 05:00:00,AWS_073,28.074722131358033,68.53784540034961,0.0,8.25007977636538,1009.795398003207,0,Normal
2025-05-14 06:00:00,AWS_073,30.363986046273304,65.8687850531696,0.0,8.999105725458804,1009.6485101879007,0,Normal
2025-05-14 07:00:00,AWS_073,31.048711462645073,58.11183214896771,0.0,10.326176657242362,1009.7671813542001,0,Normal
2025-05-14 08:00:00,AWS_073,32.40018070440181,52.223443847417784,0.0,8.494710815914003,1009.9662650840958,0,Normal
2025-05-14 09:00:00,AWS_073,34.68274306095411,55.14849198933349,0.0,9.478711643752767,1009.4105166313984,0,Normal
2025-05-14 10:00:00,AWS_073,34.75205650179737,52.87198519531188,0.0,9.872296538041502,1009.027006615942,0,Normal
2025-05-14 11:00:00,AWS_073,36.19549581666697,51.46211727196774,0.0,9.576537647008923,1009.3282722108528,0,Normal
2025-05-14 12:00:00,AWS_073,35.9922396731591,48.950134970490645,0.0,8.698277624931656,1009.0842691478432,0,Normal
2025-05-14 13:00:00,AWS_073,35.32232327770902,53.49055711008472,0.0,5.450388706142726,1010.5137063949097,0,Normal
2025-05-14 14:00:00,AWS_073,35.21405460581473,51.08986331175937,0.0,7.358326779876201,1008.9857380164838,0,Normal
2025-05-14 15:00:00,AWS_073,34.16260909422502,55.235156321546526,0.0,7.818094328960578,1009.4927741978053,0,Normal
2025-05-14 16:00:00,AWS_073,33.337837307696745,58.68927245000815,0.0,7.215489112439397,1008.4999096627483,0,Normal
2025-05-14 17:00:00,AWS_073,30.94682156276723,64.55519464296042,0.0,7.305212113891908,1009.3158918402172,0,Normal
2025-05-14 18:00:00,AWS_073,29.745243339425773,64.36594076042033,0.0,9.710380962666786,1009.1050723123114,0,Normal
2025-05-14 19:00:00,AWS_073,28.128299191406494,67.5758998640795,0.0,6.221459487563745,1009.5856099447923,0,Normal
2025-05-14 20:00:00,AWS_073,27.138213012370844,69.50370923116935,0.0,8.552454034306058,1009.5977881973087,0,Normal
2025-05-14 21:00:00,AWS_073,24.855575269612796,78.71133573112316,0.0,7.825706736639843,1009.9545567598827,0,Normal
2025-05-14 22:00:00,AWS_073,25.12495471529036,78.83320287086366,0.0,6.061914858640089,1009.913989451713,0,Normal
2025-05-14 23:00:00,AWS_073,24.192758741157913,80.39500960612462,0.0,5.7304806736118294,1009.2112009983781,0,Normal
2025-05-15 00:00:00,AWS_073,22.915955010063215,86.23340848264785,0.0,4.790580126040786,1008.7713104873256,0,Normal
2025-05-15 01:00:00,AWS_073,24.633104503804866,80.13897687670861,0.0,8.068088434683261,1008.8291018976762,0,Normal
2025-05-15 02:00:00,AWS_073,25.84559499862504,75.38573824656652,0.0,7.242026162843692,1009.3931769929525,0,Normal
2025-05-15 03:00:00,AWS_073,26.057339169899464,75.21479456781226,0.0,6.095398072306981,1009.3198554130681,0,Normal
2025-05-15 04:00:00,AWS_073,27.55265633513599,70.55043518230269,0.0,4.517077707542191,1009.3690814226125,0,Normal
2025-05-15 05:00:00,AWS_073,28.192358130974387,68.09054888737226,0.0,7.977473267946297,1008.9717201647493,0,Normal
2025-05-15 06:00:00,AWS_073,28.69472881817243,64.19482079449078,0.0,7.064987841256864,1009.9570526445513,0,Normal
2025-05-15 07:00:00,AWS_073,30.13565406812131,59.94366554132809,0.3725179768731888,6.252210787328351,1008.5012520494281,0,Normal
2025-05-15 08:00:00,AWS_073,32.839839694766944,54.713434989289205,0.0,5.873863669992597,1008.9415228226021,0,Normal
2025-05-15 09:00:00,AWS_073,33.57182037446144,57.57840154954638,0.0,6.95923372357045,1008.6973647335305,0,Normal
2025-05-15 10:00:00,AWS_073,34.32934823576524,52.60731503211021,0.0,8.019264460377212,1009.1305959894349,0,Normal
2025-05-15 11:00:00,AWS_073,35.437421241271906,50.0601685362635,0.0,6.816468870979977,1009.8575315078386,0,Normal
2025-05-15 12:00:00,AWS_073,36.04643628753671,51.51527565903149,0.37722136547572754,5.525827826745734,1009.0895384932998,0,Normal
2025-05-15 13:00:00,AWS_073,34.59855447368554,51.45324715536276,0.3809765352823707,7.218604210904308,1009.2833226777927,0,Normal
2025-05-15 14:00:00,AWS_073,34.59904693327326,52.56100040871752,0.0,8.871287527245903,1009.5638754268742,0,Normal
2025-05-15 15:00:00,AWS_073,34.81834932924238,55.76339442773544,0.0,7.360542754738584,1009.0632672325532,0,Normal
2025-05-15 16:00:00,AWS_073,32.022176465676374,57.76786948751731,0.0,7.399952082868173,1009.4214120811847,0,Normal
2025-05-15 17:00:00,AWS_073,31.73968185157743,62.45815723744538,0.0,6.805989097316276,1009.3546503874585,0,Normal
2025-05-15 18:00:00,AWS_073,29.371631901138496,66.50622460175555,0.0,5.957172942648712,1008.6630435424761,0,Normal
2025-05-15 19:00:00,AWS_073,28.43458994857327,69.20772314660341,0.0,5.904499024385178,1008.995467615952,0,Normal
2025-05-15 20:00:00,AWS_073,27.31598018987315,72.05921101300777,0.0,4.793240905068644,1009.4040966598104,0,Normal
2025-05-15 21:00:00,AWS_073,25.85726589921613,78.66739732070603,0.0,9.055037983371038,1009.8670798328429,0,Normal
2025-05-15 22:00:00,AWS_073,25.002032824937476,77.03457797721971,0.0,7.974058085221111,1009.8657953600058,0,Normal
2025-05-15 23:00:00,AWS_073,23.163728489545818,80.27151459519071,0.0,7.401285042604961,1010.272091550497,0,Normal
2025-05-16 00:00:00,AWS_073,24.315983594477217,80.82781682147814,0.0,7.718107268137051,1009.4662608626227,0,Normal
2025-05-16 01:00:00,AWS_073,23.33816327038414,78.26977168980875,0.0,7.781205919674361,1009.0160606850495,0,Normal
2025-05-16 02:00:00,AWS_073,24.602451184624623,76.37473628614359,0.0,6.167271471892847,1009.1899289029991,0,Normal
2025-05-16 03:00:00,AWS_073,25.55272815004144,74.89889767605851,0.0,6.7783768712968815,1009.1642111955547,0,Normal
2025-05-16 04:00:00,AWS_073,26.9290353644076,71.51556629364879,0.0,6.552137184598971,1009.0163434634859,0,Normal
2025-05-16 05:00:00,AWS_073,28.284760396644938,65.96602455326007,0.0,11.027766440346781,1009.410952637288,0,Normal
2025-05-16 06:00:00,AWS_073,29.126751636727995,63.69700983496145,0.0,8.788114071955759,1009.4334120397858,0,Normal
2025-05-16 07:00:00,AWS_073,30.373566540247335,61.650160292731314,0.0,7.506815413573531,1008.6309832998131,0,Normal
2025-05-16 08:00:00,AWS_073,33.151515150369534,60.031887168297196,0.0,9.301149758870508,1009.7611427602757,0,Normal
2025-05-16 09:00:00,AWS_073,33.97977873489101,55.502180952549054,0.0,9.108887457505952,1008.2978530536672,0,Normal
2025-05-16 10:00:00,AWS_073,35.50894532216471,46.81054994649294,0.0,5.175750760139851,1009.1042124316838,0,Normal
2025-05-16 11:00:00,AWS_073,35.38940962175416,51.79372003517863,0.0,6.909439818245313,1009.7893110291525,0,Normal
2025-05-16 12:00:00,AWS_073,34.77512157507339,48.883696428208566,0.0,7.2164160520911125,1009.5175505234514,0,Normal
2025-05-16 13:00:00,AWS_073,35.990976863334424,51.4172727550395,0.0,8.155377868748458,1009.0345707478514,0,Normal
2025-05-16 14:00:00,AWS_073,34.58719619927027,51.98134842481216,0.0,6.899280517282283,1010.1966737021231,0,Normal
2025-05-16 15:00:00,AWS_073,34.0586290904145,54.008023030028134,0.0,7.084657045957781,1008.9914309129815,0,Normal
2025-05-16 16:00:00,AWS_073,32.21982900063252,57.29552854407571,0.0,6.537614955893007,1008.2096993329355,0,Normal
2025-05-16 17:00:00,AWS_073,32.14531642702524,61.072865706922634,0.0,8.800225815268337,1009.4362532499529,0,Normal
2025-05-16 18:00:00,AWS_073,29.077396853259387,67.68880994418049,0.0,5.058997679627753,1008.3198366517828,0,Normal
2025-05-16 19:00:00,AWS_073,27.845476388418227,68.84296530236763,0.08157508465827647,6.580161857914559,1008.7925806248171,0,Normal
2025-05-16 20:00:00,AWS_073,26.662828644351123,74.6710722663624,0.0,4.452866095881571,1009.5188929173178,0,Normal
2025-05-16 21:00:00,AWS_073,24.69791839938543,77.48641344948953,0.0,5.671107397075581,1008.9763032842058,0,Normal
2025-05-16 22:00:00,AWS_073,24.595534987296922,79.32447215193389,0.46125619733652035,7.688519639237582,1009.4962526404242,0,Normal
2025-05-16 23:00:00,AWS_073,24.762472383043594,75.91564975407667,0.0,7.714172157509228,1008.6261154273983,0,Normal
2025-05-17 00:00:00,AWS_073,23.294107271963583,82.23326531232321,0.0,6.737340873849602,1009.63362375015,0,Normal
2025-05-17 01:00:00,AWS_073,24.02741697006687,78.57308480606484,0.0,8.890294228360194,1008.3581305752715,0,Normal
2025-05-17 02:00:00,AWS_073,22.737572405260337,79.42183561891612,0.0,9.23256934669263,1009.8621411463984,0,Normal
2025-05-17 03:00:00,AWS_073,25.314885831879433,73.66153605131738,0.0,7.094852930207533,1008.9643701844801,0,Normal
2025-05-17 04:00:00,AWS_073,26.390554805212275,70.1298519133935,0.0,7.571532547342421,1009.9668519639891,0,Normal
2025-05-17 05:00:00,AWS_073,27.53186164125201,72.8350631502002,0.23082067102472484,6.514256342725415,1008.7802423982895,0,Normal
2025-05-17 06:00:00,AWS_073,30.222237211991924,63.086033866323774,0.0,8.130594746678769,1010.162108463681,0,Normal
2025-05-17 07:00:00,AWS_073,30.928025610403182,63.409927601565684,0.0,5.396363019482584,1008.7201239864859,0,Normal
2025-05-17 08:00:00,AWS_073,32.46185983799082,57.73684064287304,0.0,9.878396946628987,1008.3012103652002,0,Normal
2025-05-17 09:00:00,AWS_073,33.582158238206446,53.55315816548144,0.0,8.891814039160503,1009.2189679463868,0,Normal
2025-05-17 10:00:00,AWS_073,33.609381286843686,51.919961174573004,0.0,5.38063844757707,1009.8136438728167,0,Normal
2025-05-17 11:00:00,AWS_073,34.677164758935504,47.908923612601356,0.0,5.992692521015422,1009.5912780967359,0,Normal
2025-05-17 12:00:00,AWS_073,36.134939203081004,49.97249124078154,0.09711531663814317,7.805286059913039,1009.7766054047617,0,Normal
2025-05-17 13:00:00,AWS_073,34.08534729658302,48.34563197787205,0.0,6.663229363145609,1009.599617241877,0,Normal
2025-05-17 14:00:00,AWS_073,34.289603726184296,51.218731354605445,0.0,7.98469887326868,1008.7834620146056,0,Normal
2025-05-17 15:00:00,AWS_073,33.553525124863334,56.24399741014094,0.12374073121661422,6.62589898931095,1009.5760446665555,0,Normal
2025-05-17 16:00:00,AWS_073,33.59436372346253,58.008381353115304,0.0,9.449405536241429,1009.2384948992916,0,Normal
2025-05-17 17:00:00,AWS_073,31.559739439168535,58.15337332570115,0.0,7.171843208360237,1008.8364554116779,0,Normal
2025-05-17 18:00:00,AWS_073,29.20883107509044,66.70297625382774,0.7290542694451441,10.7874106685322,1009.2802427091191,0,Normal
2025-05-17 19:00:00,AWS_073,28.770395998243263,68.86808615271951,0.0,8.057786604305914,1009.1616488028013,0,Normal
2025-05-17 20:00:00,AWS_073,26.09375939605746,71.41562946318132,0.0,5.126863273231553,1009.8970554467073,0,Normal
2025-05-17 21:00:00,AWS_073,25.898353101053857,77.09995432561608,0.03900910583511935,10.277911214572686,1008.9308694234766,0,Normal
2025-05-17 22:00:00,AWS_073,23.52151833435658,77.65596738281258,0.0,8.793381768661888,1008.90674968446,0,Normal
2025-05-17 23:00:00,AWS_073,24.37885822705515,77.1575647145246,0.0,7.712782210647151,1008.8374910011659,0,Normal
2025-05-18 00:00:00,AWS_073,23.284237863253296,83.69561942289921,0.0,8.109708835110967,1010.1344878276467,0,Normal
2025-05-18 01:00:00,AWS_073,23.112718298084268,79.45431250855404,0.0,5.353386824234842,1008.8639750997858,0,Normal
2025-05-18 02:00:00,AWS_073,24.196393146014188,77.82761064780215,0.0,4.427591570004531,1009.8329935953417,0,Normal
2025-05-18 03:00:00,AWS_073,25.44405168110705,74.79639137433703,0.0,7.068730384047328,1008.6681383446291,0,Normal
2025-05-18 04:00:00,AWS_073,26.22088911486057,74.85993147891517,0.0,9.196710110696573,1009.4364030702027,0,Normal
2025-05-18 05:00:00,AWS_073,28.29464650920472,67.83252866025373,0.0,7.719317971872878,1009.313606372004,0,Normal
2025-05-18 06:00:00,AWS_073,29.162841040647347,61.91004028237679,0.0,9.686712507844955,1009.798297864966,0,Normal
2025-05-18 07:00:00,AWS_073,31.43522196533189,59.76035899967023,0.0,9.101987442485115,1009.72506646123,0,Normal
2025-05-18 08:00:00,AWS_073,32.77286257729457,60.15354920090959,0.0,7.148270786484897,1009.2210869342283,0,Normal
2025-05-18 09:00:00,AWS_073,33.711059471598695,56.05766260511602,0.0,8.890195020991476,1008.910870261766,0,Normal
2025-05-18 10:00:00,AWS_073,34.43373712665504,51.4995876379137,0.0,9.395655086000186,1009.9911568112406,0,Normal
2025-05-18 11:00:00,AWS_073,35.38633319877383,53.25762288894492,0.0,6.988691875774035,1008.8594714825196,0,Normal
2025-05-18 12:00:00,AWS_073,35.82744388107846,51.49588445764377,0.0,6.785504775163215,1008.0433539894165,0,Normal
2025-05-18 13:00:00,AWS_073,36.52736215709337,49.97793387839476,0.0,7.314047590403046,1008.2472052693079,0,Normal
2025-05-18 14:00:00,AWS_073,35.25196665807013,51.67779923303126,0.0,3.4827143225171433,1008.368230896297,0,Normal
2025-05-18 15:00:00,AWS_073,34.31782911728076,55.052033746092654,0.0,7.518428583888338,1009.4728843697029,0,Normal
2025-05-18 16:00:00,AWS_073,34.34013245991921,55.83622610067236,0.0,8.17564283772686,1010.2815468775048,0,Normal
2025-05-18 17:00:00,AWS_073,31.346943388475417,61.1267244544809,0.0,7.308958097391415,1008.1536106740884,0,Normal
2025-05-18 18:00:00,AWS_073,29.772667234771383,65.61702672922658,0.0,7.606409155009815,1008.7815929557381,0,Normal
2025-05-18 19:00:00,AWS_073,28.348801206858887,65.50835319932072,0.0,7.021389493736524,1009.2166641365153,0,Normal
2025-05-18 20:00:00,AWS_073,25.87135036126117,72.12135935486421,0.42806777126014106,4.088278224777902,1009.9441870185719,0,Normal
2025-05-18 21:00:00,AWS_073,24.965170005138653,75.00048934706683,0.0,9.574910674980439,1008.7767485279599,0,Normal
2025-05-18 22:00:00,AWS_073,23.97171763037059,80.04651709668723,0.0,6.52648320921793,1009.4654024061297,0,Normal
2025-05-18 23:00:00,AWS_073,24.0620031946891,75.79989340671395,0.0,6.148779709935852,1009.0442445339532,0,Normal
2025-05-19 00:00:00,AWS_073,23.36190139710217,79.23698796059257,0.0,9.109617965471102,1010.4721580941766,0,Normal
2025-05-19 01:00:00,AWS_073,23.751199817001318,78.52537809960684,0.0,8.537903874134981,1009.2401369977482,0,Normal
2025-05-19 02:00:00,AWS_073,24.917553871853084,79.91052298460978,0.0,7.476661807579846,1009.3450022737355,0,Normal
2025-05-19 03:00:00,AWS_073,25.733894300927567,75.51950857906843,0.0,8.218327940397229,1009.2085788574101,0,Normal
2025-05-19 04:00:00,AWS_073,26.359021186019525,76.09218929130473,0.0,5.329001665737582,1008.9584010422935,0,Normal
2025-05-19 05:00:00,AWS_073,27.49854992412113,70.20671244035057,0.0,6.937353904598186,1009.6399749370647,0,Normal
2025-05-19 06:00:00,AWS_073,30.132031780206773,64.17955401162097,0.0,8.998083410430993,1008.58482282093,0,Normal
2025-05-19 07:00:00,AWS_073,31.465519833395014,61.597031716580105,0.0,6.037406783865317,1008.1626537211365,0,Normal
2025-05-19 08:00:00,AWS_073,31.481918902278867,56.79186238126108,0.0,5.55283230851741,1009.087837392058,0,Normal
2025-05-19 09:00:00,AWS_073,33.49782168339205,56.11219046318263,0.0,7.165451437276478,1009.570017807185,0,Normal
2025-05-19 10:00:00,AWS_073,34.735933654572975,49.345223516651394,0.0,7.197844756681159,1008.8711502017035,0,Normal
2025-05-19 11:00:00,AWS_073,35.70072156771711,48.86372065252131,0.0,8.013331613240558,1009.254088084189,0,Normal
2025-05-19 12:00:00,AWS_073,35.981324733082204,50.91137983710984,0.006780556626615498,4.971959523933337,1008.5498002746857,0,Normal
2025-05-19 13:00:00,AWS_073,35.398555683660895,52.96262550311122,0.0,3.212338234803256,1009.6907871748773,0,Normal
2025-05-19 14:00:00,AWS_073,34.97734958988166,47.60568175095502,0.0,8.415466987905695,1009.4847188817249,0,Normal
2025-05-19 15:00:00,AWS_073,33.70856117542201,57.142340714182616,0.0,5.406362340447652,1009.1679382323761,0,Normal
2025-05-19 16:00:00,AWS_073,32.0205153892041,57.21972974314398,0.0,6.113066460586724,1009.2417504362139,0,Normal
2025-05-19 17:00:00,AWS_073,30.818368271403656,57.34996439958787,0.31386638082349433,3.7504159815595477,1008.4599108424827,0,Normal
2025-05-19 18:00:00,AWS_073,29.430991820107117,58.996544316221325,1.264186414386957,8.556855931120674,1008.4815662068678,0,Normal
2025-05-19 19:00:00,AWS_073,27.843258000961054,65.82351354492124,0.0,7.545212450674253,1009.0943330146143,0,Normal
2025-05-19 20:00:00,AWS_073,25.283017034486523,72.46059028830919,0.4099563881085439,7.482215641447378,1009.4115134530771,0,Normal
2025-05-19 21:00:00,AWS_073,24.930609288089325,75.47480564218044,0.0,7.469325668214001,1009.4361541682186,0,Normal
2025-05-19 22:00:00,AWS_073,24.246688389123477,79.2567819261852,0.0,3.921119534625056,1008.9718186448955,0,Normal
2025-05-19 23:00:00,AWS_073,23.442116157055022,78.3899130392141,0.0,5.530834015417197,1009.5252959738233,0,Normal
2025-05-20 00:00:00,AWS_073,23.25577277007813,77.78391890710766,0.0,6.3282130747608,1009.8623257379791,0,Normal
2025-05-20 01:00:00,AWS_073,23.89847909843264,78.66271461901424,0.0,5.879910837600709,1009.1069209097526,0,Normal
2025-05-20 02:00:00,AWS_073,23.555082935246606,78.05760163058973,0.0,6.592979436614655,1009.3054126807682,0,Normal
2025-05-20 03:00:00,AWS_073,24.176512342742225,76.06814730770877,0.0,7.366768596213831,1009.0459812375847,0,Normal
2025-05-20 04:00:00,AWS_073,26.184443424685455,70.92167060145519,0.0,8.50434931345205,1009.0860841898149,0,Normal
2025-05-20 05:00:00,AWS_073,28.29626486708865,70.68517907720853,0.0,4.771609112572547,1009.2333500139287,0,Normal
2025-05-20 06:00:00,AWS_073,30.400605768925427,63.757206456551934,0.0,6.975885905619415,1009.999531972074,0,Normal
2025-05-20 07:00:00,AWS_073,31.40762686710807,59.378279598812384,0.0,8.05367885693376,1009.6048714585587,0,Normal
2025-05-20 08:00:00,AWS_073,31.501837363246658,56.41521698106342,0.0,5.5974634577967155,1009.5591603968398,0,Normal
2025-05-20 09:00:00,AWS_073,33.48337418848045,56.543078633607,0.0,6.6915644492120565,1008.9190331248321,0,Normal
2025-05-20 10:00:00,AWS_073,34.727643383208516,51.7440260373521,0.0,7.67786770453483,1008.6961548298784,0,Normal
2025-05-20 11:00:00,AWS_073,35.27697470901374,49.12208559952443,0.0,6.99207926772066,1009.339349439727,0,Normal
2025-05-20 12:00:00,AWS_073,35.695800825930455,51.85221550089709,0.0,7.983789593732598,1009.7657951602093,0,Normal
2025-05-20 13:00:00,AWS_073,34.61489496219134,54.796609685561464,0.0,7.111767676451157,1010.0049669557986,0,Normal
2025-05-20 14:00:00,AWS_073,34.602037192230895,52.428984211851315,0.0,6.499154679411141,1007.9162898848851,0,Normal
2025-05-20 15:00:00,AWS_073,33.859101114494536,56.86108320393265,0.0,5.205112421105987,1010.3651478188137,0,Normal
2025-05-20 16:00:00,AWS_073,32.857015383227285,59.57215590114957,0.0,7.332158985405927,1009.3497938099902,0,Normal
2025-05-20 17:00:00,AWS_073,30.428440534213156,59.90643482014553,0.0,7.108594948722479,1009.5951136519838,0,Normal
2025-05-20 18:00:00,AWS_073,29.149205667491916,65.05326836095246,0.0,5.466617908214118,1008.2700260202612,0,Normal
2025-05-20 19:00:00,AWS_073,26.178435806768917,66.31719641712984,0.0,7.826180391794081,1009.02089623299,0,Normal
2025-05-20 20:00:00,AWS_073,25.97810267715821,72.09011546727673,0.0,8.852213157229642,1009.5501256579244,0,Normal
2025-05-20 21:00:00,AWS_073,24.79102768313512,74.35422097954677,0.0,5.9574200789811975,1008.5506818402431,0,Normal
2025-05-20 22:00:00,AWS_073,23.537749904187194,77.18460914241531,0.0,5.85334378915619,1007.6932555271006,0,Normal
2025-05-20 23:00:00,AWS_073,23.6467993687525,77.98909733157535,0.0,5.795802037699238,1009.3045208534052,0,Normal
2025-05-21 00:00:00,AWS_073,23.306752061840506,79.42580638360887,0.0,4.421265956594161,1009.1112352838592,0,Normal
2025-05-21 01:00:00,AWS_073,22.18656660304679,80.55335276686584,0.0,9.943214772690574,1009.856155070914,0,Normal
2025-05-21 02:00:00,AWS_073,24.268131095375345,77.75139723588659,0.0,6.260398676239225,1009.0548886742455,0,Normal
2025-05-21 03:00:00,AWS_073,24.53267070436864,71.87785532228745,0.0,5.643280534081271,1009.0908513748644,0,Normal
2025-05-21 04:00:00,AWS_073,26.621044664598422,71.00775887020303,0.0,5.238034832885618,1009.4824138577757,0,Normal
2025-05-21 05:00:00,AWS_073,27.004929975992873,65.8434869714213,0.0,6.343482358345094,1009.6497011309676,0,Normal
2025-05-21 06:00:00,AWS_073,29.342280912939994,65.48812045196354,0.0,5.879856215328838,1008.7779339800387,0,Normal
2025-05-21 07:00:00,AWS_073,30.704613547473777,62.12434905157056,0.0,9.077017307095307,1009.6039263346682,0,Normal
2025-05-21 08:00:00,AWS_073,32.50077698070137,58.01309644370833,0.0,5.044038620153669,1008.8701802755633,0,Normal
2025-05-21 09:00:00,AWS_073,33.63369177153285,52.818589495603014,0.0,4.606582371697041,1009.138679701001,0,Normal
2025-05-21 10:00:00,AWS_073,34.35660179753944,52.50332680149585,0.0,7.739298774946848,1009.4651769569352,0,Normal
2025-05-21 11:00:00,AWS_073,34.18465290648905,49.57088409412623,0.0,6.74805239986442,1009.5517349204712,0,Normal
2025-05-21 12:00:00,AWS_073,34.421848313134774,47.7235491004995,0.0,6.571684944069008,1009.2877003416638,0,Normal
2025-05-21 13:00:00,AWS_073,34.75070593759837,51.994972445081835,0.0,7.742797184870198,1008.5876428421234,0,Normal
2025-05-21 14:00:00,AWS_073,34.49397598723763,53.645674450680964,0.0,7.105651452467236,1008.1921722457706,0,Normal
2025-05-21 15:00:00,AWS_073,33.177790066104336,56.2911892443688,0.0,6.827599362952362,1009.0327021789134,0,Normal
2025-05-21 16:00:00,AWS_073,32.6725302602999,56.28330279993508,0.0,4.78659890409911,1009.6117046532257,0,Normal
2025-05-21 17:00:00,AWS_073,30.68008807930645,63.476438948848354,0.0,4.390168214661752,1009.3502944739405,0,Normal
2025-05-21 18:00:00,AWS_073,28.71300028862254,64.01283549734387,0.0,5.838911819280174,1009.2458472651451,0,Normal
2025-05-21 19:00:00,AWS_073,27.569535746748304,70.18928831961483,0.0,5.260251003193807,1009.1207039705947,0,Normal
2025-05-21 20:00:00,AWS_073,26.422121872395163,71.47817467646665,0.0,7.287851708350734,1009.2781561374113,0,Normal
2025-05-21 21:00:00,AWS_073,25.236192601402873,75.15863739030667,0.0,4.1832158146401515,1008.625949073836,0,Normal
2025-05-21 22:00:00,AWS_073,25.212072310902784,73.1480253419882,0.0,6.207793786973127,1009.5124864986366,0,Normal
2025-05-21 23:00:00,AWS_073,23.081589801818886,78.88506096550219,0.0,6.616167961498789,1009.5449312254233,0,Normal
2025-05-22 00:00:00,AWS_073,23.231694589091187,80.18217993357005,0.0,6.813544230685449,1008.9435391299285,0,Normal
2025-05-22 01:00:00,AWS_073,23.73319093363447,78.66878815960834,0.0,7.468721024815923,1009.3390710683555,0,Normal
2025-05-22 02:00:00,AWS_073,15.096685455707279,81.50275719293685,0.0,6.377712402482281,1008.2616893711269,1,Noise
2025-05-22 03:00:00,AWS_073,16.693275080754237,73.28166954714766,0.0,5.863533331359293,1009.2093863932425,1,Noise
2025-05-22 04:00:00,AWS_073,23.998247637717007,71.37283752579215,0.0,8.728740791585464,1009.0521996187035,1,Noise
2025-05-22 05:00:00,AWS_073,26.889474976254046,67.0725404565661,0.0,6.37922134714761,1009.7477799988083,1,Noise
2025-05-22 06:00:00,AWS_073,27.36185213163827,63.87244604200906,0.0,8.985216332213007,1009.0182449455683,1,Noise
2025-05-22 07:00:00,AWS_073,20.254095570915247,63.180540449343596,0.0,6.366080895904404,1009.5513028425357,1,Noise
2025-05-22 08:00:00,AWS_073,37.986226201993375,60.456063588653926,0.0,6.826618854044029,1008.9207900751412,1,Noise
2025-05-22 09:00:00,AWS_073,27.12079190248122,52.9918130603639,0.0,6.640154497676315,1007.9727332018409,1,Noise
2025-05-22 10:00:00,AWS_073,31.52238362007113,50.563603857787015,0.0,7.192356194373605,1009.0024241109329,1,Noise
2025-05-22 11:00:00,AWS_073,30.355014634553648,48.196855308476145,0.0,6.213009345506773,1009.2129810952222,1,Noise
2025-05-22 12:00:00,AWS_073,39.89694368362442,52.612570773038605,0.0,6.984238050237319,1009.1894329002583,1,Noise
2025-05-22 13:00:00,AWS_073,36.56551569587018,52.75312141949658,0.0,9.133511178035272,1009.1964025665234,1,Noise
2025-05-22 14:00:00,AWS_073,,51.79765534325585,0.0,8.407822969419378,1008.8596148632022,1,Missing
2025-05-22 15:00:00,AWS_073,,51.601199889588024,0.0,8.415408546532227,1008.9503943123377,1,Missing
2025-05-22 16:00:00,AWS_073,,54.886674869087486,0.0,4.816161520623558,1008.5485037993727,1,Missing
2025-05-22 17:00:00,AWS_073,,61.45897322423138,0.07067255174834089,5.056134415478011,1008.112791996288,1,Missing
2025-05-22 18:00:00,AWS_073,,66.098675836893,0.0,7.150198265644218,1009.057285920958,1,Missing
2025-05-22 19:00:00,AWS_073,,64.74999606649551,0.0,7.976936928396753,1008.7373359615281,1,Missing
2025-05-22 20:00:00,AWS_073,,71.85738017892423,0.0,6.0393854768904145,1009.6492788592275,1,Missing
2025-05-22 21:00:00,AWS_073,24.227297150641725,78.84319349691297,0.0,5.768970883303908,1008.0177942806223,0,Normal
2025-05-22 22:00:00,AWS_073,24.44541388414836,77.55536264350602,0.0,8.903372665789107,1009.2537220648496,0,Normal
2025-05-22 23:00:00,AWS_073,24.420139982716577,82.46816357591726,0.0,7.838683755617023,1010.1683843269046,0,Normal
2025-05-23 00:00:00,AWS_073,23.506332759093038,81.29809225791136,0.0,8.394109982562494,1009.015646995902,0,Normal
2025-05-23 01:00:00,AWS_073,23.38776288784085,77.3203281926653,0.0,6.142216693483835,1009.105127171809,0,Normal
2025-05-23 02:00:00,AWS_073,22.691508668046545,77.40503847006286,0.0,6.021623334917796,1009.3191070962141,0,Normal
2025-05-23 03:00:00,AWS_073,23.74590883036571,75.3492132407088,0.0,8.222253174145008,1009.3576274227905,0,Normal
2025-05-23 04:00:00,AWS_073,26.27690823838354,70.59497686381299,0.0,6.402092145934003,1008.9005494980388,0,Normal
2025-05-23 05:00:00,AWS_073,27.428753763130942,66.94254963091592,0.0,5.877159680713977,1008.6000920228892,0,Normal
2025-05-23 06:00:00,AWS_073,28.530246000966365,68.01353718423712,0.0,5.4209154794324075,1009.4300389780348,0,Normal
2025-05-23 07:00:00,AWS_073,30.78322076108493,59.162993084076284,0.0,6.021032955890164,1008.1490878269386,0,Normal
2025-05-23 08:00:00,AWS_073,32.25730395255586,59.65687215281736,0.0,8.097867147414743,1009.518674112389,0,Normal
2025-05-23 09:00:00,AWS_073,33.994751890160124,53.52042932547175,0.0,4.518011314956329,1008.9061036126631,0,Normal
2025-05-23 10:00:00,AWS_073,34.46081038550423,51.958340283467074,0.0,7.723354708736149,1009.1029898649773,0,Normal
2025-05-23 11:00:00,AWS_073,35.712521445428635,51.63480144214112,0.0,5.714715902029318,1008.8380892567352,0,Normal
2025-05-23 12:00:00,AWS_073,35.181957922180175,48.80288265419064,0.0,6.458862111058171,1009.81578190002,0,Normal
2025-05-23 13:00:00,AWS_073,34.90074546853609,51.64692123265304,0.0,6.552213625969531,1009.2242948296297,0,Normal
2025-05-23 14:00:00,AWS_073,35.00635961227917,47.91675954413665,0.0,6.437734615068347,1008.9383708623116,0,Normal
2025-05-23 15:00:00,AWS_073,32.82442277538564,55.27281305903106,0.0,6.335431036656142,1008.9237402798216,0,Normal
2025-05-23 16:00:00,AWS_073,33.85474019647347,52.56293975085672,0.0,6.0968597745530495,1009.02406652494,0,Normal
2025-05-23 17:00:00,AWS_073,30.94136396143465,60.66402087006528,0.0,5.903527744372575,1010.2960700380602,0,Normal
2025-05-23 18:00:00,AWS_073,29.389014607639346,66.70848597063699,0.0,8.737598293290588,1008.4385121219914,0,Normal
2025-05-23 19:00:00,AWS_073,27.91988059576324,70.12687628865456,0.0,6.792785053496043,1009.6379552350999,0,Normal
2025-05-23 20:00:00,AWS_073,27.281237768722725,69.90317904207612,0.0,6.563562386496452,1009.3800261260249,0,Normal
2025-05-23 21:00:00,AWS_073,25.385036621838758,73.26727292561118,0.0,5.782780131544962,1009.8653401905538,0,Normal
2025-05-23 22:00:00,AWS_073,22.990202208609777,76.61303697612131,0.0,6.135118515315001,1009.4094300380938,0,Normal
2025-05-23 23:00:00,AWS_073,24.19312922837528,79.86131911905228,0.0,5.782553111007507,1009.096041961391,0,Normal
2025-05-24 00:00:00,AWS_073,22.939276125312166,75.9361336199126,0.0,7.889602503962003,1009.6038395910623,0,Normal
2025-05-24 01:00:00,AWS_073,23.409762659312154,79.4624402426389,0.0,5.608464586327932,1009.2081769995812,0,Normal
2025-05-24 02:00:00,AWS_073,23.174528651763875,78.61323980436671,0.0,3.3667720273103394,1009.4702389087485,0,Normal
2025-05-24 03:00:00,AWS_073,25.20852125146823,75.04052735605624,0.0,6.820881159933155,1009.8063404270516,0,Normal
2025-05-24 04:00:00,AWS_073,25.741821810551723,73.5506419361061,0.0,6.311611782938724,1009.1379619796804,0,Normal
2025-05-24 05:00:00,AWS_073,27.637037942031434,69.32973399319022,0.0,5.849295272646228,1008.8789822957733,0,Normal
2025-05-24 06:00:00,AWS_073,28.956593461709762,63.91669148120221,0.0,8.09259200574635,1008.7687431447783,0,Normal
2025-05-24 07:00:00,AWS_073,31.832175642915413,57.24533560294321,0.0,2.622259305023957,1009.3153950677494,0,Normal
2025-05-24 08:00:00,AWS_073,33.310809090375514,57.766826163141644,0.0,9.084186348024861,1008.65051794354,0,Normal
2025-05-24 09:00:00,AWS_073,33.389199112703416,52.48724755174183,0.0,8.29911909081627,1008.9141784472178,0,Normal
2025-05-24 10:00:00,AWS_073,34.3503855817298,50.85293369351033,0.0,5.772305414927123,1008.6047768274028,0,Normal
2025-05-24 11:00:00,AWS_073,34.68453011589512,51.46936104159015,0.0,6.035492423166332,1009.3422125441779,0,Normal
2025-05-24 12:00:00,AWS_073,35.77383751710601,52.8346667668687,0.5545297903298512,7.4655334416510435,1008.7114483744786,0,Normal
2025-05-24 13:00:00,AWS_073,34.70562798188218,50.43499235877996,0.0,7.503061847176548,1008.4436445767278,0,Normal
2025-05-24 14:00:00,AWS_073,34.04796460976503,53.11774861612516,0.0,5.7527005896044585,1008.5311095932251,0,Normal
2025-05-24 15:00:00,AWS_073,33.9315989654625,51.504439599896,0.0,4.2756444256973545,1008.8004408948689,0,Normal
2025-05-24 16:00:00,AWS_073,31.776009515499712,57.99104716199006,0.0,9.868635487210046,1008.8453239356729,0,Normal
2025-05-24 17:00:00,AWS_073,30.626435040875702,60.99790244810787,0.0,8.12956999900082,1009.2106914370947,0,Normal
2025-05-24 18:00:00,AWS_073,28.14457054740592,67.45845516125236,0.0,6.927951656402089,1009.0036457388367,0,Normal
2025-05-24 19:00:00,AWS_073,27.96013858674606,67.8013687244803,0.0,6.953623850251443,1009.2691065488569,0,Normal
2025-05-24 20:00:00,AWS_073,27.252238857813047,72.01672476567526,0.0,7.619226055529479,1009.3087526832339,0,Normal
2025-05-24 21:00:00,AWS_073,25.274991686373795,77.72423065206381,0.0,7.796135653602464,1009.4531929461122,0,Normal
2025-05-24 22:00:00,AWS_073,24.763001096088438,77.80631347197728,0.0,3.552281596804262,1008.1285291721381,0,Normal
2025-05-24 23:00:00,AWS_073,22.776033061675957,77.27120463176148,0.0,6.152815210634228,1008.5183295459767,0,Normal
2025-05-25 00:00:00,AWS_073,23.21821756903356,85.10326654658024,0.0,5.994170491559856,1009.3588858654633,0,Normal
2025-05-25 01:00:00,AWS_073,22.712144203464284,77.33170186766255,0.0,6.431556365228647,1009.186651448783,0,Normal
2025-05-25 02:00:00,AWS_073,23.73795390052723,77.86098089366753,0.0,7.827192877133447,1009.5689160301301,0,Normal
2025-05-25 03:00:00,AWS_073,25.288620804851522,76.29997802984944,0.0,3.9831759593900293,1008.307946516637,0,Normal
2025-05-25 04:00:00,AWS_073,26.126194350068666,73.03523501806222,0.0,4.641877655494339,1008.841885324188,0,Normal
2025-05-25 05:00:00,AWS_073,26.661768897806247,68.50279826852501,0.0,5.640269343799137,1008.9307814247563,0,Normal
2025-05-25 06:00:00,AWS_073,28.27041454302097,64.63047925894739,0.0,6.891700940956625,1009.1617635720081,0,Normal
2025-05-25 07:00:00,AWS_073,29.780810568470805,60.64785059088628,0.26734155748873506,7.905668713203504,1009.0959321533257,0,Normal
2025-05-25 08:00:00,AWS_073,32.34862728862512,55.268132282817255,0.0,9.101763155143356,1009.312045648366,0,Normal
2025-05-25 09:00:00,AWS_073,34.531892650051084,58.69383671104725,0.0,6.222545150646502,1009.0196945715757,0,Normal
2025-05-25 10:00:00,AWS_073,35.06170054794753,51.56963710780666,0.0,7.895096933034484,1009.7627059861995,0,Normal
2025-05-25 11:00:00,AWS_073,33.703193386279175,51.70497459131017,0.0,7.711919098961685,1009.9216602923723,0,Normal
2025-05-25 12:00:00,AWS_073,35.8950299134175,49.33069428463679,0.0,7.4564796173655195,1008.5166265834025,0,Normal
2025-05-25 13:00:00,AWS_073,35.39693279587739,49.801585260953004,0.0,6.604855687820278,1009.0976513765492,0,Normal
2025-05-25 14:00:00,AWS_073,33.30566171696201,51.09873161789412,0.0,6.039281095742488,1009.4736152251321,0,Normal
2025-05-25 15:00:00,AWS_073,33.094559090049295,51.29370670622328,0.0,5.037782613721463,1009.366805899386,0,Normal
2025-05-25 16:00:00,AWS_073,32.68830137044884,57.17875771975845,0.0,4.935795618449109,1008.8697454226528,0,Normal
2025-05-25 17:00:00,AWS_073,30.911309292000748,60.30369901482334,0.0,7.151111664056524,1009.2006265092143,0,Normal
2025-05-25 18:00:00,AWS_073,28.239823316811453,67.34304901836956,0.0,6.5461598791229605,1008.2809932467796,0,Normal
2025-05-25 19:00:00,AWS_073,27.83595524814099,66.48888544136878,0.0,6.001837999466976,1009.0626813083223,0,Normal
2025-05-25 20:00:00,AWS_073,24.737066189748212,71.34570564489029,0.0,7.619618134685248,1008.3416317449654,0,Normal
2025-05-25 21:00:00,AWS_073,24.6403733234953,73.80972078429005,0.0,6.318978282336901,1009.3253059353524,0,Normal
2025-05-25 22:00:00,AWS_073,24.50046817169979,80.8754418447902,0.0,5.24725085012502,1008.5128718420966,0,Normal
2025-05-25 23:00:00,AWS_073,23.22646577056916,77.75007050462668,0.08767973960776566,6.214580736578319,1009.1519032732698,0,Normal
2025-05-26 00:00:00,AWS_073,22.708757786147448,81.12459968945227,0.0,7.842581583129038,1009.2295218580047,0,Normal
2025-05-26 01:00:00,AWS_073,23.743307680260255,81.42921034114798,0.0,5.073676620503772,1009.1073948916553,0,Normal
2025-05-26 02:00:00,AWS_073,24.391086575600166,77.69813523393576,0.06498368606451146,6.920172127165772,1008.7530269076011,0,Normal
2025-05-26 03:00:00,AWS_073,25.542902516771232,72.85297971591727,0.0,6.520429403385336,1008.9633611137937,0,Normal
2025-05-26 04:00:00,AWS_073,26.52125478102131,69.77169228247261,0.0,5.459665020446904,1009.6586244809647,0,Normal
2025-05-26 05:00:00,AWS_073,28.089688323827946,70.60181380612997,0.0,6.158164134257944,1008.8553293632341,0,Normal
2025-05-26 06:00:00,AWS_073,29.4306497064921,62.478811962400286,0.0,4.237981180139043,1009.0778950415278,0,Normal
2025-05-26 07:00:00,AWS_073,30.700261347363007,61.90176754558201,0.22659443150552008,6.7572799855888315,1008.7883335195337,0,Normal
2025-05-26 08:00:00,AWS_073,32.03885906516323,57.728698219641196,0.0,4.543034944240401,1009.5764909142911,0,Normal
2025-05-26 09:00:00,AWS_073,33.08256076325095,55.14766325082384,0.0,8.196105695473502,1009.1047437041437,0,Normal
2025-05-26 10:00:00,AWS_073,33.44812806248479,52.95278855892519,0.0,6.4468074120912675,1008.6833937738869,0,Normal
2025-05-26 11:00:00,AWS_073,34.19888384330039,48.64377103682817,0.0,5.724362466872953,1009.0684973786836,0,Normal
2025-05-26 12:00:00,AWS_073,34.80442474564269,48.04894364197052,0.0,8.320239578357283,1008.9439742899492,0,Normal
2025-05-26 13:00:00,AWS_073,34.91117580243055,51.94096687386478,0.0,5.028945685322582,1009.7603382776124,0,Normal
2025-05-26 14:00:00,AWS_073,35.02850411624331,50.75092972210463,0.0,5.452513690514845,1009.0412619708153,0,Normal
2025-05-26 15:00:00,AWS_073,33.18253954408053,48.89310129819149,0.0,3.8274878874287053,1008.3717912924391,0,Normal
2025-05-26 16:00:00,AWS_073,32.56417450180379,58.797510595767726,0.0,8.532937903162702,1009.3120438782987,0,Normal
2025-05-26 17:00:00,AWS_073,31.15970240146644,59.04519174732466,0.0,9.3752982940982,1009.9553340113101,0,Normal
2025-05-26 18:00:00,AWS_073,28.817439145704615,65.93427175581051,0.0,4.05293082220077,1009.6603202852879,0,Normal
2025-05-26 19:00:00,AWS_073,27.757314046949293,71.66792937517174,0.0,5.336985907957603,1008.5099540685671,0,Normal
2025-05-26 20:00:00,AWS_073,25.804402812718706,72.5335249145239,0.0,6.662688461029033,1008.9266243950234,0,Normal
2025-05-26 21:00:00,AWS_073,25.49826441616879,77.59813338112528,0.0,5.7817511450058845,1009.045215959733,0,Normal
2025-05-26 22:00:00,AWS_073,24.130079559747234,78.29797641783898,0.0,6.505644846300536,1009.0508537125897,0,Normal
2025-05-26 23:00:00,AWS_073,22.431981666656856,82.66374605061831,0.0,6.373546192565732,1009.2501811763605,0,Normal
2025-05-27 00:00:00,AWS_073,23.035841052754673,77.87578578248579,0.0,7.15859739101105,1008.8872233625117,0,Normal
2025-05-27 01:00:00,AWS_073,24.12933647312074,79.47245743350304,0.0,5.103148602796564,1008.6010370825004,0,Normal
2025-05-27 02:00:00,AWS_073,23.62822945215803,79.33670426684951,0.0,6.830914310824267,1009.5343258106021,0,Normal
2025-05-27 03:00:00,AWS_073,24.9562036793895,75.22577820377812,0.1947647053346217,4.865062442945683,1008.4962207590914,0,Normal
2025-05-27 04:00:00,AWS_073,26.25483599647608,74.80443799330534,0.0,5.918796196609115,1008.6565252011238,0,Normal
2025-05-27 05:00:00,AWS_073,26.749512523116696,68.01820659751624,0.0,3.928786325607727,1008.4922741472768,0,Normal
2025-05-27 06:00:00,AWS_073,29.227915637669952,69.13874230325777,0.0,5.9244220301544575,1009.3628535736872,0,Normal
2025-05-27 07:00:00,AWS_073,29.635192879457637,65.36210933200668,0.0,5.669469699044761,1009.1095672239976,0,Normal
2025-05-27 08:00:00,AWS_073,31.54029256665175,58.064143992454596,0.0,7.941277621578193,1009.497669106871,0,Normal
2025-05-27 09:00:00,AWS_073,33.800827328544,55.49860064291102,0.0,6.434351749415157,1008.6629078312313,0,Normal
2025-05-27 10:00:00,AWS_073,34.320043389761004,54.392961814482696,0.0,6.704330738707451,1008.4285867380075,0,Normal
2025-05-27 11:00:00,AWS_073,34.519788300902526,48.13671780772924,0.0,6.484232638567455,1008.8327330909917,0,Normal
2025-05-27 12:00:00,AWS_073,35.17187798001611,47.37599997084442,0.0,3.3215829694413914,1008.9630267127957,0,Normal
2025-05-27 13:00:00,AWS_073,34.66058082181113,53.02395043337924,0.0,3.5171631643759307,1009.1584168129671,0,Normal
2025-05-27 14:00:00,AWS_073,34.10185908981846,52.55759588897942,0.0,6.031903188362034,1008.2122676610106,0,Normal
2025-05-27 15:00:00,AWS_073,33.53196823083622,53.940387790242205,0.0,6.925097471080311,1009.2924252437438,0,Normal
2025-05-27 16:00:00,AWS_073,31.455891155790543,57.52224660576231,0.0,6.1522983180819155,1008.6055382934869,0,Normal
2025-05-27 17:00:00,AWS_073,30.46650179865676,56.345631378734055,0.0,5.205847032429687,1008.728549204392,1,Stuck
2025-05-27 18:00:00,AWS_073,30.46650179865676,64.61887537108599,0.0,6.1388059741431595,1009.6387126783361,1,Stuck
2025-05-27 19:00:00,AWS_073,30.46650179865676,67.37619219815136,0.0,6.005988282549431,1007.9598618900542,1,Stuck
2025-05-27 20:00:00,AWS_073,30.46650179865676,74.33614326723017,0.08429418617688626,7.662463160794332,1009.212315243285,1,Stuck
2025-05-27 21:00:00,AWS_073,25.5759495542543,77.59666327456623,0.0,7.5758307389222574,1009.2100339787652,0,Normal
2025-05-27 22:00:00,AWS_073,23.909414406406615,79.1437415250264,0.0,5.658522229476086,1008.640884126648,0,Normal
2025-05-27 23:00:00,AWS_073,22.282089890078993,80.2798046919343,0.0001367425126248946,6.411101672517722,1008.8263829234717,0,Normal
2025-05-28 00:00:00,AWS_073,21.94464871401258,77.00530650255946,0.0,6.897631793828541,1009.6600184715774,0,Normal
2025-05-28 01:00:00,AWS_073,23.00307007667421,80.67017355432976,0.0,7.117645049213719,1010.0305683469758,0,Normal
2025-05-28 02:00:00,AWS_073,24.603543432225003,79.24917694781335,0.0,8.9569219653811,1009.581082531037,0,Normal
2025-05-28 03:00:00,AWS_073,24.505347454684273,78.09698702533568,0.0,6.433150538320903,1009.9912699723952,0,Normal
2025-05-28 04:00:00,AWS_073,26.64130037101163,76.73641962486039,0.0,8.225837132140931,1008.7022842356148,0,Normal
2025-05-28 05:00:00,AWS_073,27.512400977264722,65.4971643293946,0.0,4.729944035587886,1008.2575257428638,0,Normal
2025-05-28 06:00:00,AWS_073,29.133961738166473,64.22304634876357,0.0,5.5109074285376485,1009.0208761189097,0,Normal
2025-05-28 07:00:00,AWS_073,29.59974663972772,59.6331810491469,0.0,3.2610318416089497,1009.4492368073556,0,Normal
2025-05-28 08:00:00,AWS_073,32.40783017366371,57.84501437677015,0.0,6.689079368717891,1008.1190545717001,0,Normal
2025-05-28 09:00:00,AWS_073,32.88404816748638,54.420201998637864,0.0,7.43075737374661,1008.5828248550444,0,Normal
2025-05-28 10:00:00,AWS_073,34.553423417438225,51.54145479707313,0.0,2.623746452133913,1008.6379809078372,0,Normal
2025-05-28 11:00:00,AWS_073,34.14351585017622,52.56632132846632,0.0,6.736607137337089,1009.2235869300533,0,Normal
2025-05-28 12:00:00,AWS_073,34.93973838996154,47.79717157763843,0.0,7.357847371259464,1009.1587431453225,0,Normal
2025-05-28 13:00:00,AWS_073,34.837309953648116,48.42886967087876,0.0,7.269743306004951,1008.6569827115468,0,Normal
2025-05-28 14:00:00,AWS_073,33.931328642201734,49.961168401037334,0.0,4.65245109051636,1009.1340999524491,0,Normal
2025-05-28 15:00:00,AWS_073,33.3100055436163,53.67274310734981,0.0,7.603279388623484,1008.4714245371704,0,Normal
2025-05-28 16:00:00,AWS_073,31.661839573571747,55.0428195681763,0.0,6.454913634185634,1008.8302490200249,0,Normal
2025-05-28 17:00:00,AWS_073,29.982194863879528,61.02057134586365,0.0,7.324871577669852,1008.4107026177884,0,Normal
2025-05-28 18:00:00,AWS_073,29.779043651050973,64.66901961073826,0.0,6.246887377636271,1008.9676156692451,0,Normal
2025-05-28 19:00:00,AWS_073,27.889246798269507,67.30925544853964,0.0,7.004590133884582,1008.6421288141171,0,Normal
2025-05-28 20:00:00,AWS_073,25.353304782664775,74.24753250811239,0.0,8.094248458898221,1009.3872013355635,0,Normal
2025-05-28 21:00:00,AWS_073,24.90528236101558,75.48760066122475,0.0,6.121723160718005,1009.0285621939157,0,Normal
2025-05-28 22:00:00,AWS_073,23.162128120320165,80.11567578483019,0.0,6.85127574710759,1008.9279277790846,0,Normal
2025-05-28 23:00:00,AWS_073,22.29455206049729,79.09878769192716,0.0,8.29713467875193,1009.9250062873041,0,Normal
2025-05-29 00:00:00,AWS_073,23.418231976890272,79.95161022353729,0.5662597337181302,6.220000302326221,1009.2322346614625,0,Normal
2025-05-29 01:00:00,AWS_073,21.976958647118714,78.3633225849726,0.0,4.729116028014254,1008.856161523781,0,Normal
2025-05-29 02:00:00,AWS_073,24.151960135969897,77.97628797569561,0.0,7.428640503256989,1008.7480204073762,0,Normal
2025-05-29 03:00:00,AWS_073,24.39474912978507,77.0310643300623,0.0,8.56425858945615,1008.4489528161347,0,Normal
2025-05-29 04:00:00,AWS_073,25.65911800167693,71.6773315354594,0.0,8.34248461627955,1009.0062497375924,0,Normal
2025-05-29 05:00:00,AWS_073,27.476003750452307,69.91910960160713,0.0,7.4791589884041505,1009.1926525359446,0,Normal
2025-05-29 06:00:00,AWS_073,29.128806470481774,63.37450607790852,0.0904638941465422,2.8878097743314166,1008.0813133763373,0,Normal
2025-05-29 07:00:00,AWS_073,29.834214011551474,62.635815454506606,0.0,5.447666692586995,1008.3561667405023,0,Normal
2025-05-29 08:00:00,AWS_073,32.204758047322784,56.34018834537615,0.0,5.521885506613107,1008.7797657645104,0,Normal
2025-05-29 09:00:00,AWS_073,33.08180129987141,56.096758028659885,0.0,6.463460104623567,1008.4883869802736,0,Normal
2025-05-29 10:00:00,AWS_073,33.210672019147594,52.13157202810075,0.0,8.925926872435074,1009.058767784409,0,Normal
2025-05-29 11:00:00,AWS_073,34.45879549786979,53.5530200724461,0.0,4.770090100795496,1009.127878290298,0,Normal
2025-05-29 12:00:00,AWS_073,35.59094397517345,47.69186454749158,0.0,9.751579442199226,1008.9753133367731,0,Normal
2025-05-29 13:00:00,AWS_073,35.5606983170458,47.55875905904024,0.0,5.812158951733673,1009.3112204579454,0,Normal
2025-05-29 14:00:00,AWS_073,34.38275647267096,50.77718445128229,0.0,5.2326743442931605,1008.7433449597737,0,Normal
2025-05-29 15:00:00,AWS_073,32.28163664670082,51.62417638613316,0.0,7.648209632697377,1009.0125179945929,0,Normal
2025-05-29 16:00:00,AWS_073,32.04457185462755,54.734530211143436,0.5919361495338387,7.764236047410138,1008.5334844838028,0,Normal
2025-05-29 17:00:00,AWS_073,30.8106427718846,62.360815844381946,0.0,7.350077931221083,1009.1771235065646,0,Normal
2025-05-29 18:00:00,AWS_073,29.17963958141483,64.99164241317469,0.0,5.218353117904239,1009.0724416328289,0,Normal
2025-05-29 19:00:00,AWS_073,27.659274514702467,67.92292372312929,0.0,7.122958100414378,1008.4348954886677,0,Normal
2025-05-29 20:00:00,AWS_073,25.956174070088856,71.72607480538913,0.0,4.816959722260159,1008.9563102488966,0,Normal
2025-05-29 21:00:00,AWS_073,24.44912673385586,74.41212638914554,0.0,5.168808811406729,1009.0146074794445,0,Normal
2025-05-29 22:00:00,AWS_073,23.171039098599287,81.29111939240467,0.0,6.219754471794298,1009.1737043734028,0,Normal
2025-05-29 23:00:00,AWS_073,21.794891538974436,78.01787597904995,0.5532625180169087,5.1294972713272236,1009.1919392070934,0,Normal
2025-05-30 00:00:00,AWS_073,22.929987252731266,77.3557322038334,0.0,7.935948840225933,1008.6719700428151,0,Normal
2025-05-30 01:00:00,AWS_073,23.03927192353204,81.08098862930868,0.27804303284146786,5.486959813119539,1009.41406992636,0,Normal
2025-05-30 02:00:00,AWS_073,23.85857983946063,77.55886981007095,0.0,6.020912272830581,1009.2934615487093,0,Normal
2025-05-30 03:00:00,AWS_073,23.67201003534766,79.68414909543398,0.0,5.028685515046902,1008.669331553034,0,Normal
2025-05-30 04:00:00,AWS_073,26.10117573612352,71.44758872241172,0.0,7.902784841378149,1008.4599619915883,0,Normal
2025-05-30 05:00:00,AWS_073,28.39096589645428,70.57425403605139,0.20035050068497107,5.344567700135053,1008.7069253846788,0,Normal
2025-05-30 06:00:00,AWS_073,28.755209181746654,67.16439466119861,0.0,8.054163705260626,1008.2948694541718,0,Normal
2025-05-30 07:00:00,AWS_073,30.22103878212518,60.075042659058184,0.0,7.941352171964054,1009.1343904322744,0,Normal
2025-05-30 08:00:00,AWS_073,31.887508324761875,56.014158464181925,0.0,5.667015965276133,1009.621862413772,0,Normal
2025-05-30 09:00:00,AWS_073,34.16113163100684,55.876131344063594,0.0,6.377820557837441,1009.7405522850974,0,Normal
2025-05-30 10:00:00,AWS_073,33.27803292412611,53.15940277906128,0.0,5.620147691786479,1008.4848068792559,0,Normal
2025-05-30 11:00:00,AWS_073,34.61052731856883,47.68989240424212,0.0,7.146687319498484,1009.4225795784583,0,Normal
2025-05-30 12:00:00,AWS_073,34.210231404312914,47.743128727390555,0.0,6.033791389717514,1009.0711292757491,0,Normal
2025-05-30 13:00:00,AWS_073,34.15435425590198,45.43825259576796,0.0,5.696672252613466,1007.8306115808272,0,Normal
2025-05-30 14:00:00,AWS_073,33.85037525928033,53.200392651191024,0.0,6.389557747498556,1008.8620876252924,0,Normal
2025-05-30 15:00:00,AWS_073,33.731985163220095,53.8697438959303,0.0,3.944361975859452,1008.8061506425906,0,Normal
2025-05-30 16:00:00,AWS_073,32.75851702213427,57.175699158049426,0.0,6.201310737933671,1009.6331086257222,0,Normal
2025-05-30 17:00:00,AWS_073,30.496692972016767,57.73482612805849,0.0,7.28689941116551,1008.5919314559221,0,Normal
2025-05-30 18:00:00,AWS_073,28.445905957590803,62.803795293821345,0.4966430092615465,6.51696224532392,1009.3086514459635,0,Normal
2025-05-30 19:00:00,AWS_073,28.611559842985965,67.92636785140267,0.0,7.734765611993765,1008.9732871962575,0,Normal
2025-05-30 20:00:00,AWS_073,25.409264734026998,71.15534879970436,0.0,5.738734590925724,1008.3036404830674,0,Normal
2025-05-30 21:00:00,AWS_073,24.07744044485051,75.84227386883347,0.0,5.613147485711153,1008.7501674811142,0,Normal
2025-05-30 22:00:00,AWS_073,22.398608319008147,79.15731731003021,0.0,4.623507753229809,1009.7917925459737,0,Normal
2025-05-30 23:00:00,AWS_073,23.698789071828244,84.02811253290642,0.0,5.688272483710578,1008.9390097521637,0,Normal
2025-05-31 00:00:00,AWS_073,23.234597596232444,79.95996593993814,0.0,9.243133232501666,1009.4783482969848,0,Normal
2025-05-31 01:00:00,AWS_073,24.30573839234242,81.7196927205299,0.23537561898333015,6.705014676373373,1009.4506631821391,0,Normal
2025-05-31 02:00:00,AWS_073,22.617702018334253,76.33043550280703,0.0,5.410801517286936,1008.8007269141491,0,Normal
2025-05-31 03:00:00,AWS_073,25.27678731163701,72.2567090878475,0.0,4.777300026460633,1008.3828719337505,0,Normal
2025-05-31 04:00:00,AWS_073,25.683562526683314,71.79539670657975,0.0,3.886124819009651,1008.448399870107,0,Normal
2025-05-31 05:00:00,AWS_073,27.569181417587323,65.68684224078932,0.0,5.035739410498692,1009.7498699495761,0,Normal
2025-05-31 06:00:00,AWS_073,27.64672225854918,65.0293463343382,0.0,7.417529768555634,1009.0996340589656,0,Normal
2025-05-31 07:00:00,AWS_073,31.06610353671401,59.55680607444486,0.0,5.635602472542185,1008.1565852433624,0,Normal
2025-05-31 08:00:00,AWS_073,32.10120049835326,53.59145722649083,0.0,4.836304023700314,1009.4402080598802,0,Normal
2025-05-31 09:00:00,AWS_073,32.84553403619175,57.865448573922144,0.0,4.9986983715551085,1008.1295356807185,0,Normal
2025-05-31 10:00:00,AWS_073,34.20640697654276,50.93449551702266,0.0,7.242608538723136,1008.6096342429018,0,Normal
2025-05-31 11:00:00,AWS_073,33.95639094011935,47.23587399977558,0.0,6.1439069077927915,1009.0630801328163,0,Normal
2025-05-31 12:00:00,AWS_073,34.26941398547873,51.79634358101458,0.0,5.322409973777595,1010.2823806001571,0,Normal
2025-05-31 13:00:00,AWS_073,34.131509753822755,49.0538838805854,0.0,5.798050008493797,1009.4299112450327,0,Normal
2025-05-31 14:00:00,AWS_073,32.69547945258268,54.18995101061474,0.0,9.566874113714439,1008.780457016305,0,Normal
2025-05-31 15:00:00,AWS_073,33.36760036992207,52.92660961284569,0.0,8.08490179543308,1009.0355517416165,0,Normal
2025-05-31 16:00:00,AWS_073,32.319800252518604,56.4182046194744,0.0,8.45582383485283,1009.4809934442835,0,Normal
2025-05-31 17:00:00,AWS_073,29.73389002240642,61.807377742416286,0.0,3.622149476947059,1009.7318162562743,0,Normal
2025-05-31 18:00:00,AWS_073,28.807640870344468,66.18643876140823,0.10441690163569842,6.021072433827455,1008.8968121699892,0,Normal
2025-05-31 19:00:00,AWS_073,26.883415987576218,70.419253151219,0.0,5.277963558522514,1008.9110722918148,0,Normal
2025-05-31 20:00:00,AWS_073,25.789553067048693,72.32051772254134,0.0,7.058329760466922,1008.6051068790208,0,Normal
2025-05-31 21:00:00,AWS_073,23.970334471002523,76.66383516090738,0.0,7.829702947989256,1009.3524623783148,0,Normal
2025-05-31 22:00:00,AWS_073,22.860245467332657,79.48163827061342,0.0,6.7270560187389865,1009.5326224737342,0,Normal
2025-05-31 23:00:00,AWS_073,23.41907310778888,79.89002567146972,0.0,4.926136611196089,1008.0500489914101,0,Normal
2025-06-01 00:00:00,AWS_073,22.541989604004566,79.7146837734714,0.0,5.240747552118902,1008.8207449490668,0,Normal
2025-06-01 01:00:00,AWS_073,23.994949861560197,76.59829749787376,0.0,7.16055065167092,1008.4121829846686,0,Normal
2025-06-01 02:00:00,AWS_073,23.405799172769353,79.18872937032656,0.0,7.30723181639388,1009.0941190472242,0,Normal
2025-06-01 03:00:00,AWS_073,23.772802948781987,75.69094911608052,0.0,6.435979231418508,1008.399453563519,0,Normal
2025-06-01 04:00:00,AWS_073,26.304178506762323,71.67276829529858,0.0,6.416666581426854,1008.3581187913528,0,Normal
2025-06-01 05:00:00,AWS_073,27.3905020084223,71.43781840372112,0.0,6.29459445029526,1009.5797131318906,0,Normal
2025-06-01 06:00:00,AWS_073,28.997980778859972,62.14433273417337,0.0,6.6204868436049855,1008.9349221329077,0,Normal
2025-06-01 07:00:00,AWS_073,30.826051300697646,64.40578695419197,0.0,7.288215747446799,1008.9875333628471,0,Normal
2025-06-01 08:00:00,AWS_073,31.164017092186047,57.45545344273107,0.0,7.156956041933038,1009.2330977850861,0,Normal
2025-06-01 09:00:00,AWS_073,32.71890050115094,55.02843463920758,0.0,6.244519748297274,1009.5024350147871,0,Normal
2025-06-01 10:00:00,AWS_073,33.64280994094974,51.219530714172876,0.0,6.133002509199836,1008.8075009643247,0,Normal
2025-06-01 11:00:00,AWS_073,33.567548758804236,47.17696678061731,0.0,6.073065131949251,1008.8184134603364,0,Normal
2025-06-01 12:00:00,AWS_073,34.385200629165574,49.72078020306844,0.0,5.030953513580737,1008.8203124149951,0,Normal
2025-06-01 13:00:00,AWS_073,35.13764903930841,51.180602419449556,0.0,5.009345065491329,1009.5568765776295,0,Normal
2025-06-01 14:00:00,AWS_073,33.87573207255309,53.36206983603861,0.0,7.012260437902404,1008.9818325516344,0,Normal
2025-06-01 15:00:00,AWS_073,31.969089753429046,53.99733188532399,0.0,5.12446236023256,1008.8701304821473,0,Normal
2025-06-01 16:00:00,AWS_073,30.597489987778907,53.11492031759116,0.0,7.4121070850556805,1009.2109089110158,0,Normal
2025-06-01 17:00:00,AWS_073,31.0796800103084,58.034391634296945,0.0,6.111633740546229,1009.9308703873777,0,Normal
2025-06-01 18:00:00,AWS_073,28.470613867454524,69.10403924752659,0.0,7.415483150533956,1009.0521689875635,0,Normal
2025-06-01 19:00:00,AWS_073,26.5803487498238,66.69721370899357,0.0,7.138971857178738,1008.880089466686,0,Normal
2025-06-01 20:00:00,AWS_073,25.354216657855808,75.35409891647842,0.0,7.445372862469005,1009.986099537372,0,Normal
2025-06-01 21:00:00,AWS_073,23.38648765429378,73.73842824296302,0.0,5.463874599836281,1009.6792898347225,0,Normal
2025-06-01 22:00:00,AWS_073,24.17011764408277,77.62546923731084,0.0,6.789218606714002,1009.6065917880429,0,Normal
2025-06-01 23:00:00,AWS_073,22.477924947339705,80.73930391353582,0.0,7.280148550166315,1008.7636277149672,0,Normal
2025-06-02 00:00:00,AWS_073,23.326649983871935,78.35961110683826,0.0,3.8437745913482786,1008.713850543503,0,Normal
2025-06-02 01:00:00,AWS_073,22.738541248422003,82.67331766585413,0.0,8.720753827442563,1008.0964820886389,0,Normal
2025-06-02 02:00:00,AWS_073,24.161566762034433,78.1418377729034,0.0,9.564593183342799,1009.4958141754258,0,Normal
2025-06-02 03:00:00,AWS_073,24.408269548668862,76.52830341039756,0.0,7.584046957663286,1009.0516522593695,0,Normal
2025-06-02 04:00:00,AWS_073,26.005725385894507,71.96478598396175,0.0,7.369387505860306,1008.1125092349654,0,Normal
2025-06-02 05:00:00,AWS_073,27.369218314068988,70.19972625057198,0.0,7.041157051918143,1009.6136780005337,0,Normal
2025-06-02 06:00:00,AWS_073,28.861541084287087,68.15758547969972,0.0,5.670322883887551,1008.8438812852077,0,Normal
2025-06-02 07:00:00,AWS_073,30.24612980921234,60.85514244821576,0.0,5.987672269138817,1008.905320641725,0,Normal
2025-06-02 08:00:00,AWS_073,31.341631552217592,60.95942558149847,0.0,7.59699056895098,1008.2556818503476,0,Normal
2025-06-02 09:00:00,AWS_073,33.87012933699842,53.17020666544355,0.0,4.688014025032755,1009.2580728930433,0,Normal
2025-06-02 10:00:00,AWS_073,33.127102644684214,53.53781102193684,0.0,4.554221991922995,1009.26266739674,0,Normal
2025-06-02 11:00:00,AWS_073,34.270135260929116,51.48934127815007,0.0,5.546762076957313,1008.9875988557532,0,Normal
2025-06-02 12:00:00,AWS_073,34.47780927592444,47.862835854635264,0.0,7.124595076346282,1008.8022854511837,0,Normal
2025-06-02 13:00:00,AWS_073,34.50277792341296,50.93873201493864,0.0,4.838771487308272,1010.3244515607361,0,Normal
2025-06-02 14:00:00,AWS_073,33.401106843181104,52.02435081893417,0.0,5.797012993151198,1008.4093487344678,0,Normal
2025-06-02 15:00:00,AWS_073,32.89100470589452,52.687013929648096,0.0,5.972586015654015,1008.6501305050223,0,Normal
2025-06-02 16:00:00,AWS_073,31.35508764638759,58.21600486838825,0.0,4.612258852687802,1009.3647953065106,0,Normal
2025-06-02 17:00:00,AWS_073,29.057011656033918,61.41029341567923,0.0,2.4678750863760657,1008.5032664436176,0,Normal
2025-06-02 18:00:00,AWS_073,28.455874703899404,64.85482610538557,0.0,4.585223366653838,1008.4662039660178,0,Normal
2025-06-02 19:00:00,AWS_073,26.233763037475416,68.74513073842043,0.0,6.5137881306007674,1009.5758892979308,0,Normal
2025-06-02 20:00:00,AWS_073,24.40325696731082,72.31997948215276,0.9147743076950606,6.84914070180546,1009.3125499257765,0,Normal
2025-06-02 21:00:00,AWS_073,24.280242389663517,74.87120247530555,0.0,6.858938087167765,1009.2518486787019,0,Normal
2025-06-02 22:00:00,AWS_073,23.534206070790678,78.27004924679655,0.0,7.029221284152215,1009.1005192798706,0,Normal
2025-06-02 23:00:00,AWS_073,22.954960505668257,78.20105896960845,0.0,5.172740391420688,1008.6633588607926,0,Normal
2025-06-03 00:00:00,AWS_073,22.771665959755268,85.31361898294,0.0,4.8488900762144835,1008.8829302492531,0,Normal
2025-06-03 01:00:00,AWS_073,21.473120811809228,76.67022090340538,0.0,6.6698627648700715,1008.9695601742868,0,Normal
2025-06-03 02:00:00,AWS_073,22.412330999994968,76.82090890229766,0.0,5.787123619867568,1009.4320390779677,0,Normal
2025-06-03 03:00:00,AWS_073,25.36342890413974,74.59511750864434,0.0,7.462840601702055,1009.22169444244,0,Normal
2025-06-03 04:00:00,AWS_073,24.790493376849795,76.58098682864907,0.3912266289154142,6.671757933379433,1008.5446804240026,0,Normal
2025-06-03 05:00:00,AWS_073,27.229269640302977,66.24201637658281,0.0,8.022904327741983,1009.4032112067338,0,Normal
2025-06-03 06:00:00,AWS_073,28.000376135806587,65.85184459597222,0.0,5.396345902551692,1008.1690265430053,0,Normal
2025-06-03 07:00:00,AWS_073,30.010114798397407,61.61450245355527,0.0,7.69342958997522,1008.8479096577443,0,Normal
2025-06-03 08:00:00,AWS_073,31.026301298735223,58.1672046093491,0.0,9.141620897817768,1008.43693894711,0,Normal
2025-06-03 09:00:00,AWS_073,32.98267489794706,56.866084607423666,0.0,6.167700714639083,1008.5792555061397,0,Normal
2025-06-03 10:00:00,AWS_073,33.678180872805825,54.4412776627276,0.0,6.833527691873193,1009.9709459994814,0,Normal
2025-06-03 11:00:00,AWS_073,33.92339830022506,49.60919895262374,0.10002071208850745,4.686257033061774,1008.27216295878,0,Normal
2025-06-03 12:00:00,AWS_073,33.76356592877052,50.38803489898798,0.0,7.420617031289065,1008.5977517150442,0,Normal
2025-06-03 13:00:00,AWS_073,34.34673943926386,46.78290854135969,0.0,7.770603261111658,1009.2623998793489,0,Normal
2025-06-03 14:00:00,AWS_073,32.85589063894342,52.20780496027728,0.0,5.3328209843830425,1008.7720494040623,0,Normal
2025-06-03 15:00:00,AWS_073,32.88334711247673,52.80541942653795,0.0,6.951225861345058,1009.0846829794764,0,Normal
2025-06-03 16:00:00,AWS_073,32.95695582334529,57.12723514807896,0.0,6.490182349135129,1009.7215338003401,0,Normal
2025-06-03 17:00:00,AWS_073,30.740927032171356,57.746970593828806,0.0,6.653138905595968,1009.3339293226368,0,Normal
2025-06-03 18:00:00,AWS_073,28.805764092471748,65.80974457343815,0.0,7.282479305115084,1008.7721321685601,0,Normal
2025-06-03 19:00:00,AWS_073,26.767320118895327,65.48914828538659,0.0,6.840288677014346,1008.9394730937216,0,Normal
2025-06-03 20:00:00,AWS_073,24.205189379680508,72.79656921358317,0.0,5.850948390858207,1009.2714968682697,0,Normal
2025-06-03 21:00:00,AWS_073,23.329269400482882,73.15359053175311,0.0,7.306866378210355,1009.3235513166048,0,Normal
2025-06-03 22:00:00,AWS_073,23.93564496851429,76.29109898649482,0.0,7.722198693935487,1009.0162969138667,0,Normal
2025-06-03 23:00:00,AWS_073,22.089551608950213,81.79835159942634,0.7333667894499855,5.220616624127624,1009.1860906947105,0,Normal
2025-06-04 00:00:00,AWS_073,21.936246279470893,81.17583589182725,0.0,6.046704302311833,1009.1864446060199,0,Normal
2025-06-04 01:00:00,AWS_073,22.457688406871025,81.7872936696771,0.0,3.3938595062783077,1008.959408840447,0,Normal
2025-06-04 02:00:00,AWS_073,22.5160883733122,81.10983532176915,0.0,6.919792511426679,1008.7027735864095,0,Normal
2025-06-04 03:00:00,AWS_073,23.367600316080125,74.06092430351869,0.0,7.876569536626539,1009.3765620013822,0,Normal
2025-06-04 04:00:00,AWS_073,25.312850285786812,75.49794332488175,0.0,5.653449070463903,1009.1510352865967,0,Normal
2025-06-04 05:00:00,AWS_073,26.252134066113804,65.95127436418001,0.0,6.237045896571687,1007.9645225920895,0,Normal
2025-06-04 06:00:00,AWS_073,27.892184937922675,66.49220066908981,0.0,5.704098815466051,1008.5919711251071,0,Normal
2025-06-04 07:00:00,AWS_073,29.417824614786984,60.13103889426225,0.0,5.456049851356707,1008.7644310556543,0,Normal
2025-06-04 08:00:00,AWS_073,31.64386876167439,55.639399714721364,0.0,6.377653899240404,1008.9040806991783,0,Normal
2025-06-04 09:00:00,AWS_073,32.43064438078506,55.62233801681067,0.0,4.850536956025027,1009.6064998951701,0,Normal
2025-06-04 10:00:00,AWS_073,33.413113627230885,53.899521993571845,0.0,5.671490170578128,1010.605572985983,0,Normal
2025-06-04 11:00:00,AWS_073,34.474650963019435,52.341649378957065,0.0,4.665085010125084,1007.7748836851117,0,Normal
2025-06-04 12:00:00,AWS_073,34.232527589574495,50.429719777789586,0.0,6.903033125746257,1009.1563830349255,0,Normal
2025-06-04 13:00:00,AWS_073,33.943175746398865,50.775027208322456,0.0,6.375783290990967,1009.0388601375569,0,Normal
2025-06-04 14:00:00,AWS_073,33.78981619025703,53.063352114633226,0.017698027707774545,5.36757811834164,1008.913710946689,0,Normal
2025-06-04 15:00:00,AWS_073,32.95177226281246,55.00092643323617,0.0,6.067563018175753,1009.2753159186525,0,Normal
2025-06-04 16:00:00,AWS_073,31.216786897720848,58.58271167917195,0.0,5.678367944175342,1009.0786323626083,0,Normal
2025-06-04 17:00:00,AWS_073,29.903126875434896,61.525713245683626,0.0,7.7228105358516235,1008.8229143923029,0,Normal
2025-06-04 18:00:00,AWS_073,27.829589559420526,66.68556764901273,0.0,5.342962284465437,1009.0181476413672,0,Normal
2025-06-04 19:00:00,AWS_073,26.22615417598951,65.62787006343694,0.46904177760126753,6.954562209730891,1009.2817061126846,0,Normal
2025-06-04 20:00:00,AWS_073,25.753780167994798,72.23745304982722,0.0,4.94169886561663,1009.2340564250746,0,Normal
2025-06-04 21:00:00,AWS_073,24.313428432241487,72.83890873010704,0.0,7.218383455316859,1009.0975365007977,0,Normal
2025-06-04 22:00:00,AWS_073,23.36294155954451,78.54378509197635,0.0,7.550501346370185,1008.711397629005,0,Normal
2025-06-04 23:00:00,AWS_073,22.6556824320578,82.77274774604341,0.0,7.61882050860153,1010.412595522161,0,Normal
2025-06-05 00:00:00,AWS_073,22.307255433031266,79.05183043610606,0.0,8.196105562766714,1009.1826849156337,0,Normal
2025-06-05 01:00:00,AWS_073,22.89863315855845,79.74339145493045,1.0008576687757869,6.425767916806458,1009.3840655950718,0,Normal
2025-06-05 02:00:00,AWS_073,23.638060158877046,79.50335448660985,0.20061877730047847,7.841541695368095,1008.7488400182589,0,Normal
2025-06-05 03:00:00,AWS_073,24.57404861469284,71.47115585426516,0.0,8.418413834370476,1009.0974368970261,0,Normal
2025-06-05 04:00:00,AWS_073,25.206289755058396,71.45577903571163,0.0,4.296588661185677,1009.0933644356164,0,Normal
2025-06-05 05:00:00,AWS_073,27.542840711729163,69.6113169950835,0.052706028705967654,5.072334334870376,1008.0464973923425,0,Normal
2025-06-05 06:00:00,AWS_073,28.397437428700915,59.20601054868545,0.0,3.731165864396023,1008.6440553378184,0,Normal
2025-06-05 07:00:00,AWS_073,30.189501518213625,59.16409733731224,0.0,7.563959538842257,1008.6347290151276,0,Normal
2025-06-05 08:00:00,AWS_073,31.423213617738412,59.701715946762576,0.0,3.7069724169554084,1008.7019888242162,0,Normal
2025-06-05 09:00:00,AWS_073,32.64160378645331,56.39939208310324,0.0,3.297535818071145,1008.4672156978233,0,Normal
2025-06-05 10:00:00,AWS_073,33.00225733708077,52.75825539797362,0.0,4.3187398639466466,1009.0239828838643,0,Normal
2025-06-05 11:00:00,AWS_073,34.460717446669015,52.27550788555033,1.1394562467775793,3.3548914730138093,1009.7006553152954,0,Normal
2025-06-05 12:00:00,AWS_073,35.948323345646635,50.43020846884293,0.0,6.368128185333949,1009.0671430432086,0,Normal
2025-06-05 13:00:00,AWS_073,33.80861819135671,51.6219024205486,0.0,4.33060987386634,1008.4111876929039,0,Normal
2025-06-05 14:00:00,AWS_073,33.47348194892177,51.37831152555219,0.0,3.4195332261125726,1008.4862967389803,0,Normal
2025-06-05 15:00:00,AWS_073,32.206441494254626,54.625023648045975,0.0,5.889682418225711,1008.8131504282951,0,Normal
2025-06-05 16:00:00,AWS_073,30.935502145560527,56.23525922716835,0.0,5.975696298679753,1008.2938016004563,0,Normal
2025-06-05 17:00:00,AWS_073,30.70468701835982,63.64468101182682,0.0,3.14289052203395,1009.153763797109,0,Normal
2025-06-05 18:00:00,AWS_073,27.818108279886587,68.0431188190044,0.0,4.8745513762065915,1009.6780166299932,0,Normal
2025-06-05 19:00:00,AWS_073,26.381315022463998,71.64211127793195,0.0,5.830684033764136,1008.7134485713495,0,Normal
2025-06-05 20:00:00,AWS_073,24.26296742801544,71.68378247664428,0.0,5.404947335258112,1009.0394026563702,0,Normal
2025-06-05 21:00:00,AWS_073,23.515039805797997,73.69905363906804,0.0,5.4434985483167235,1008.7867919271025,0,Normal
2025-06-05 22:00:00,AWS_073,21.987838436439816,80.54432837826691,0.0,7.704196061391448,1008.6863964559823,0,Normal
2025-06-05 23:00:00,AWS_073,22.78934078752933,80.57670179951884,0.054112585349360164,9.15262604838709,1009.0959380690214,0,Normal
2025-06-06 00:00:00,AWS_073,23.88241225485486,80.65716868304729,0.0,5.460405461030367,1008.6694384827317,0,Normal
2025-06-06 01:00:00,AWS_073,22.183811550697456,78.22162322444572,0.0,3.9450762859850124,1008.5968337440883,0,Normal
2025-06-06 02:00:00,AWS_073,21.99994533350155,78.8417086820401,0.0,5.573570397798527,1008.1913325612619,0,Normal
2025-06-06 03:00:00,AWS_073,24.49028922908868,73.43604559847434,0.0,6.2144322289884135,1009.0332181908655,0,Normal
2025-06-06 04:00:00,AWS_073,24.753551615565286,73.76812471215807,0.0,5.840623353381222,1009.5343761421465,0,Normal
2025-06-06 05:00:00,AWS_073,27.41317582549746,71.64005907575023,0.1601680214264635,6.83412751434756,1009.3544747495464,0,Normal
2025-06-06 06:00:00,AWS_073,28.014038731106353,68.2620910878159,0.0,9.233505449838994,1009.7467674742122,0,Normal
2025-06-06 07:00:00,AWS_073,29.35385411574795,62.53476243168182,0.0,3.3435120987766647,1008.663465078019,0,Normal
2025-06-06 08:00:00,AWS_073,31.070026702399684,54.735956900757756,0.0,5.150126767277177,1009.4260810386241,0,Normal
2025-06-06 09:00:00,AWS_073,32.87087883691581,54.78805854409383,0.0,8.22001499213809,1008.4493151182666,0,Normal
2025-06-06 10:00:00,AWS_073,33.230041876660145,56.28898243134885,0.0,5.122786920060625,1009.3552173760266,0,Normal
2025-06-06 11:00:00,AWS_073,33.6646305910834,48.773889424779405,0.0,7.087651630537994,1009.822639861375,0,Normal
2025-06-06 12:00:00,AWS_073,34.04457900096483,49.88163685417957,0.0,6.847319608525547,1009.2496966852516,0,Normal
2025-06-06 13:00:00,AWS_073,33.1930862042846,53.33816130926593,0.0,7.753846617919908,1009.8313729971026,0,Normal
2025-06-06 14:00:00,AWS_073,33.59178102426748,53.24388678738059,0.0,8.766095800257263,1008.701063987667,0,Normal
2025-06-06 15:00:00,AWS_073,31.324778544029847,59.353710931171996,0.0,6.393255678366751,1008.933278795181,0,Normal
2025-06-06 16:00:00,AWS_073,30.88446400539527,56.034261233542814,0.0,3.272463456918401,1008.5425183647602,0,Normal
2025-06-06 17:00:00,AWS_073,30.156244232154503,59.13820275198055,0.0,4.838159972873161,1009.0177225641786,0,Normal
2025-06-06 18:00:00,AWS_073,28.326288659322046,67.44825087167035,0.0,9.165413725523582,1009.1351335209848,0,Normal
2025-06-06 19:00:00,AWS_073,26.942497512822154,66.49052841999473,0.0,3.7626024873156427,1009.0132846561239,0,Normal
2025-06-06 20:00:00,AWS_073,25.098950684525708,72.10646402236493,0.0,6.626674919587854,1008.7631697084388,0,Normal
2025-06-06 21:00:00,AWS_073,24.59394265823663,75.47530862807906,0.0,2.1072681840098153,1008.7548549022792,0,Normal
2025-06-06 22:00:00,AWS_073,23.490159182491638,80.06236000353843,0.0,3.8497592927408513,1009.1727732224348,0,Normal
2025-06-06 23:00:00,AWS_073,22.60037708575523,80.71742333038651,0.0,7.204575125542061,1008.9205211483618,0,Normal
2025-06-07 00:00:00,AWS_073,22.681529166235897,80.91412982835372,0.7697163675130113,5.925680815458545,1008.424241341341,0,Normal
2025-06-07 01:00:00,AWS_073,22.77645404043414,78.68402563853269,0.0,5.3046480233078706,1008.0514795946337,0,Normal
2025-06-07 02:00:00,AWS_073,22.65867640893253,80.42038909493047,0.0,4.645349147438411,1008.7023596911662,0,Normal
2025-06-07 03:00:00,AWS_073,23.066277889747294,83.65824980325274,0.0,2.869642894501638,1008.3089524266109,0,Normal
2025-06-07 04:00:00,AWS_073,25.364225095405715,73.88256419784584,0.841606584732608,6.902140151929063,1008.5822862043767,0,Normal
2025-06-07 05:00:00,AWS_073,26.883495897259365,69.08163009163148,0.0,5.434885986636672,1008.7884045201599,0,Normal
2025-06-07 06:00:00,AWS_073,28.75978754866359,62.40427405801568,0.0,3.5743860990327585,1008.9269950495773,0,Normal
2025-06-07 07:00:00,AWS_073,29.093372500975722,59.84275142482788,0.0,5.9000454921417935,1008.6670307537877,0,Normal
2025-06-07 08:00:00,AWS_073,30.55513791970501,57.072579532105394,0.40199204606784095,6.724212831703667,1010.0956248009102,0,Normal
2025-06-07 09:00:00,AWS_073,32.61432188220929,53.32419780166752,0.0,5.548910403996996,1008.3694648504821,0,Normal
2025-06-07 10:00:00,AWS_073,33.2459366665595,51.977463274179726,0.0,6.021491200879671,1009.6046162600742,0,Normal
2025-06-07 11:00:00,AWS_073,32.75332475391656,54.06714475927855,0.0,5.9022747432419385,1008.918721233455,0,Normal
2025-06-07 12:00:00,AWS_073,34.31103291131409,52.49433383473847,0.0,4.782475759785791,1008.6712387932055,0,Normal
2025-06-07 13:00:00,AWS_073,32.76680939919255,50.19344717272747,0.0,5.921641955255844,1009.2937882880243,0,Normal
2025-06-07 14:00:00,AWS_073,32.708445787954254,49.5930590539017,0.0,6.940663605973455,1008.7735613445268,0,Normal
2025-06-07 15:00:00,AWS_073,33.12983484333494,57.068133568006616,0.0,7.3873905050028394,1008.5965191576532,0,Normal
2025-06-07 16:00:00,AWS_073,32.16784971119776,57.40189145307726,0.0,7.0191069025123864,1009.894909376088,0,Normal
2025-06-07 17:00:00,AWS_073,28.893178651623998,57.66471347225748,0.0,4.817954862216318,1007.9027788692977,0,Normal
2025-06-07 18:00:00,AWS_073,27.868758116466907,66.42486023698608,0.0,6.7825108669349445,1008.8775779905287,0,Normal
2025-06-07 19:00:00,AWS_073,26.53578605589279,70.93365904500473,0.0,6.523982928403214,1009.0950582677372,0,Normal
2025-06-07 20:00:00,AWS_073,26.12859568155984,67.64818319013067,0.0,4.758812465095985,1009.704042821662,0,Normal
2025-06-07 21:00:00,AWS_073,23.518229121832118,73.95749243353241,0.0,5.124500033605886,1008.8008267470971,0,Normal
2025-06-07 22:00:00,AWS_073,22.571038935720946,77.76947303415115,0.0,6.838103401061553,1010.3305620024917,0,Normal
2025-06-07 23:00:00,AWS_073,23.1837316878407,80.95790921695325,0.0,7.8815217057365246,1009.3796276386545,0,Normal
2025-06-08 00:00:00,AWS_073,21.821906302447154,78.96850683075166,0.0,3.09624848249105,1007.8164369736038,0,Normal
2025-06-08 01:00:00,AWS_073,22.681273292318217,77.82460359038815,0.0,8.271446164685315,1008.2732588288346,0,Normal
2025-06-08 02:00:00,AWS_073,21.957795402190836,79.44471955612714,0.0,7.555192924633591,1009.1185855513797,0,Normal
2025-06-08 03:00:00,AWS_073,23.691578600064098,74.6699569711699,0.0,6.105231391865892,1008.4282053232896,0,Normal
2025-06-08 04:00:00,AWS_073,24.037925112383157,73.5841093010974,0.0,5.443080065865487,1009.2740765185813,0,Normal
2025-06-08 05:00:00,AWS_073,25.84423191168227,66.65925436658863,0.0,6.387407663690983,1008.7733179922179,0,Normal
2025-06-08 06:00:00,AWS_073,28.530649454891346,62.295333961527206,0.0,4.838513068741154,1008.4021942127864,0,Normal
2025-06-08 07:00:00,AWS_073,29.546820825815914,62.62825263860298,0.0,5.53042333181735,1008.5179388019017,0,Normal
2025-06-08 08:00:00,AWS_073,30.829106452384355,58.00503982063443,0.0,3.5820313199592952,1009.4262179088216,0,Normal
2025-06-08 09:00:00,AWS_073,31.810679876808063,56.2383097486742,0.0,3.1798943314999684,1007.988813494981,0,Normal
2025-06-08 10:00:00,AWS_073,33.077765772386165,50.94443294139054,0.0,9.28824687498151,1009.522958383401,0,Normal
2025-06-08 11:00:00,AWS_073,33.986946845040315,48.92090200070449,0.0,5.882009043421229,1009.53762165432,0,Normal
2025-06-08 12:00:00,AWS_073,34.59718966990692,52.721437775081824,0.05288163851727309,6.090540178494321,1008.8346836063146,0,Normal
2025-06-08 13:00:00,AWS_073,32.22462181954328,47.465195077675034,0.0,5.736519028031632,1008.2982010202678,0,Normal
2025-06-08 14:00:00,AWS_073,32.69796448559571,54.51254036159467,0.0,4.538569899937727,1009.2783913228762,0,Normal
2025-06-08 15:00:00,AWS_073,32.33568006569259,57.03440769716655,0.008984448293991783,5.317251617957397,1008.7573179795206,0,Normal
2025-06-08 16:00:00,AWS_073,30.93497560182007,59.220179028532144,0.0,5.912242820207748,1008.2429787606458,0,Normal
2025-06-08 17:00:00,AWS_073,29.78594429968217,59.7420992894413,0.0,5.478118504016876,1009.9551492209958,0,Normal
2025-06-08 18:00:00,AWS_073,28.14823824308871,63.36695232654928,0.0,4.642389115555784,1008.5584155081522,0,Normal
2025-06-08 19:00:00,AWS_073,26.24858784826425,68.4621741305414,0.0,6.48754483057514,1008.2645913048981,0,Normal
2025-06-08 20:00:00,AWS_073,24.665018663439827,69.9099206463372,0.00819338452047582,6.048478260296965,1009.1432382933533,0,Normal
2025-06-08 21:00:00,AWS_073,23.58789572521608,73.68321372029102,0.0,6.352913611204706,1008.966836843507,0,Normal
2025-06-08 22:00:00,AWS_073,23.46763600099028,79.27984963978467,0.0,6.818741053276113,1009.7439039674582,0,Normal
2025-06-08 23:00:00,AWS_073,21.736487988128882,80.78758562278433,0.0,5.503011000242373,1008.8106004094461,0,Normal
2025-06-09 00:00:00,AWS_073,21.930267349395965,77.90085034693008,0.0,5.503089144720052,1008.815934695724,0,Normal
2025-06-09 01:00:00,AWS_073,22.27910441919057,80.84113126493617,0.13731169775737445,7.977725239204181,1009.1685808201705,0,Normal
2025-06-09 02:00:00,AWS_073,23.701413838251895,78.89898766824619,0.0,4.335650078599254,1009.1007810575629,0,Normal
2025-06-09 03:00:00,AWS_073,23.5352307064419,78.62637422695242,0.0,2.938852922437297,1009.1160978901379,0,Normal
2025-06-09 04:00:00,AWS_073,25.530039980237245,73.63827288373504,0.0,6.5802374085655355,1009.1371132598113,0,Normal
2025-06-09 05:00:00,AWS_073,27.137727990458743,70.99944778400656,0.0,4.800534182987816,1009.0835056800444,0,Normal
2025-06-09 06:00:00,AWS_073,27.90989968865955,65.95415518186043,0.0,4.126164019512673,1008.7930176139018,0,Normal
2025-06-09 07:00:00,AWS_073,29.37133175711594,63.077572542856565,0.0,7.067679772797512,1009.4176610019451,0,Normal
2025-06-09 08:00:00,AWS_073,30.74411229646417,54.92576568686445,0.0,5.520303625996683,1008.8214381517133,0,Normal
2025-06-09 09:00:00,AWS_073,32.02738593316633,54.14990936797996,0.0,3.83974473365219,1009.4036281941228,0,Normal
2025-06-09 10:00:00,AWS_073,33.64362909539856,51.93165340677836,0.0,8.635145782283706,1009.6954018243065,0,Normal
2025-06-09 11:00:00,AWS_073,33.86578633474153,50.02361271179341,0.0,3.314334157263878,1008.6628196239415,0,Normal
2025-06-09 12:00:00,AWS_073,34.06949085671996,50.88777326063345,0.0,5.597984083083305,1010.203902586949,0,Normal
2025-06-09 13:00:00,AWS_073,33.04542853124704,51.77987191465547,0.0,2.8917257958961198,1008.6454267875562,0,Normal
2025-06-09 14:00:00,AWS_073,32.53735571420531,52.79413309737571,0.0,6.129268765591156,1008.6491130558356,0,Normal
2025-06-09 15:00:00,AWS_073,33.44709478945641,54.03951051975911,0.0,4.75925999242345,1009.2718780083759,0,Normal
2025-06-09 16:00:00,AWS_073,30.80837825491222,56.02853984030974,0.0,6.947478066153042,1009.2227407847048,0,Normal
2025-06-09 17:00:00,AWS_073,28.999811460739476,63.31208647177466,0.0,5.690130237825156,1009.0379457275125,0,Normal
2025-06-09 18:00:00,AWS_073,28.76710560068687,65.69946563322767,0.0,7.739766634840101,1009.4112437333272,0,Normal
2025-06-09 19:00:00,AWS_073,26.521301691971296,66.845057959739,0.0,5.066930415398492,1009.1285148274612,0,Normal
2025-06-09 20:00:00,AWS_073,25.24870753542462,72.11262491670075,0.0,3.3023322598007745,1010.0351539640786,0,Normal
2025-06-09 21:00:00,AWS_073,23.57302842654004,72.12000236238349,0.0,6.063071554626243,1008.9757549577159,0,Normal
2025-06-09 22:00:00,AWS_073,22.507822878597153,78.06112228546147,0.0,5.325611115224121,1008.575207099345,0,Normal
2025-06-09 23:00:00,AWS_073,21.994553196245082,79.09212750913882,0.0,2.973208555643435,1008.72668704731,0,Normal
2025-06-10 00:00:00,AWS_073,21.058896923840646,78.85106609928933,0.0,4.116680187555932,1009.2382932142804,0,Normal
2025-06-10 01:00:00,AWS_073,22.036907299597477,82.65808777394308,0.3207124028276112,4.591705340830655,1009.2456977364442,0,Normal
2025-06-10 02:00:00,AWS_073,22.86336403359739,75.67807281768235,0.0,8.028133686600619,1009.1060523207556,0,Normal
2025-06-10 03:00:00,AWS_073,24.746210802199748,77.01938762116288,0.7341952968361461,6.753883078108475,1008.578156472373,0,Normal
2025-06-10 04:00:00,AWS_073,24.926848960499537,76.87341632186374,0.0,5.1687685993242605,1009.5573278138759,0,Normal
2025-06-10 05:00:00,AWS_073,24.9185040332981,71.03682148397118,0.0,6.3943340912928415,1009.9715961195776,0,Normal
2025-06-10 06:00:00,AWS_073,27.812207314281576,64.93692243580446,0.0,2.6264990190815833,1009.0178120312952,0,Normal
2025-06-10 07:00:00,AWS_073,31.061888407826412,58.849577044615536,0.0,4.835990205157044,1009.9086019627674,0,Normal
2025-06-10 08:00:00,AWS_073,31.381763522123865,54.77587564683109,0.0,6.282504165222772,1009.4365291519462,0,Normal
2025-06-10 09:00:00,AWS_073,31.614722267858145,53.57029489228674,0.0,5.926738474161347,1010.1128479452083,0,Normal
2025-06-10 10:00:00,AWS_073,33.40610148809735,50.6356174754056,0.0,4.86730390779972,1009.2399311489057,0,Normal
2025-06-10 11:00:00,AWS_073,33.20230131477156,49.07201878774771,0.0,5.6165412359764115,1009.0720169287672,0,Normal
2025-06-10 12:00:00,AWS_073,33.03633820272525,49.34737308905751,0.0,6.178832695390613,1009.4250238360981,0,Normal
2025-06-10 13:00:00,AWS_073,33.4318234056875,50.3066184198926,0.0,5.655302650051918,1008.787140090079,0,Normal
2025-06-10 14:00:00,AWS_073,33.09302475425596,52.980042838524014,0.0,6.95851247670418,1009.2076021951752,0,Normal
2025-06-10 15:00:00,AWS_073,30.95796930816504,51.91780584327693,0.0,6.142729807396276,1009.6695141773515,0,Normal
2025-06-10 16:00:00,AWS_073,30.1457908567852,56.13551240773389,0.0,6.429208650885327,1009.4140251759387,0,Normal
2025-06-10 17:00:00,AWS_073,29.39106560405428,60.79837015781723,0.0,8.230352632890106,1008.988906654264,0,Normal
2025-06-10 18:00:00,AWS_073,27.583708711892974,64.60902961315347,0.0,6.898953659122336,1009.1047103566931,0,Normal
2025-06-10 19:00:00,AWS_073,26.509246790767666,72.55513309136465,0.0,8.266806743398316,1009.3834595677022,0,Normal
2025-06-10 20:00:00,AWS_073,24.0931340444884,72.96449318544771,0.0,4.645173644867233,1009.3669646403556,0,Normal
2025-06-10 21:00:00,AWS_073,24.004422407752173,72.37942209387937,0.0,3.2621017127138963,1009.379895226375,0,Normal
2025-06-10 22:00:00,AWS_073,21.90884583406859,78.82674377994012,0.0,5.437979872309566,1009.1747053277483,0,Normal
2025-06-10 23:00:00,AWS_073,23.00199727383617,80.58021483982398,0.19865923244878345,5.307686262056854,1008.5928387363615,0,Normal
2025-06-11 00:00:00,AWS_073,20.779113683021848,79.74974394351052,0.0,7.83288299035093,1008.6726609459696,0,Normal
2025-06-11 01:00:00,AWS_073,21.354137206489213,77.06209404551761,0.0,3.94637728216563,1009.2359486227368,0,Normal
2025-06-11 02:00:00,AWS_073,22.856149929655288,81.5064904473935,0.0,5.520808873227424,1009.4212243532014,0,Normal
2025-06-11 03:00:00,AWS_073,24.55443335141638,73.4668338906357,0.0,6.244580960322375,1009.3565936991041,0,Normal
2025-06-11 04:00:00,AWS_073,24.98421320112743,73.82154441283187,0.0,5.784651480340734,1008.6681497130563,0,Normal
2025-06-11 05:00:00,AWS_073,26.576640229220814,69.28238673466568,0.0,5.374890283568304,1008.930308411293,0,Normal
2025-06-11 06:00:00,AWS_073,27.799013335169466,66.20162109805953,0.0,6.167725682443944,1008.418888328492,0,Normal
2025-06-11 07:00:00,AWS_073,28.722216918643813,64.53143017179684,0.0,7.246208916545703,1008.3104504260623,0,Normal
2025-06-11 08:00:00,AWS_073,30.487708319502566,58.62327774428207,0.0,7.928871365078952,1009.0470430614155,0,Normal
2025-06-11 09:00:00,AWS_073,31.293934874864966,53.27606982811472,0.0,5.672155879208265,1009.6855217791278,0,Normal
2025-06-11 10:00:00,AWS_073,32.20401423812718,54.22160349348934,0.0,4.396869570310849,1009.056487322718,0,Normal
2025-06-11 11:00:00,AWS_073,33.80833896855372,49.24891370557574,0.0,7.920133698607467,1009.9607963023832,0,Normal
2025-06-11 12:00:00,AWS_073,33.09447382162908,50.327116022790534,0.0,3.9995779694012366,1008.9248214078588,0,Normal
2025-06-11 13:00:00,AWS_073,33.752313014543816,47.92494538963239,0.0,8.299593212672082,1009.0226283428609,0,Normal
2025-06-11 14:00:00,AWS_073,32.17672855800803,49.94305648855992,0.0,7.627626031515152,1008.5116641783884,0,Normal
2025-06-11 15:00:00,AWS_073,32.17878351337364,54.49617162307416,0.2258232389287761,7.843220436245058,1008.8336950570321,0,Normal
2025-06-11 16:00:00,AWS_073,30.46174579577529,58.23617341716174,0.0,6.634909028036745,1008.412498896309,0,Normal
2025-06-11 17:00:00,AWS_073,30.148480348073235,57.712933078080134,0.0,2.4357894100394213,1008.2349518749322,0,Normal
2025-06-11 18:00:00,AWS_073,27.94246861360358,65.99457473600133,0.0,4.04354618217789,1008.421308918545,0,Normal
2025-06-11 19:00:00,AWS_073,26.933432361027997,67.24342772334121,0.04485243068137852,6.060263951933628,1009.0505676882668,0,Normal
2025-06-11 20:00:00,AWS_073,24.288127587912864,75.05937603134234,0.0,4.584166549909347,1008.6397341252605,0,Normal
2025-06-11 21:00:00,AWS_073,23.529198760776637,74.9026728601492,0.0,5.122423892989961,1008.758309518011,0,Normal
2025-06-11 22:00:00,AWS_073,21.949985657944264,75.74313651766661,0.0,6.512263881595891,1009.2133414120054,0,Normal
2025-06-11 23:00:00,AWS_073,21.68770831143081,79.64049651025452,0.0,5.3357993209526215,1008.2341686803883,0,Normal
2025-06-12 00:00:00,AWS_073,21.57079902970689,78.16752999784255,0.0,3.7599402196045606,1009.0492491745032,0,Normal
2025-06-12 01:00:00,AWS_073,21.49362593273044,82.02677767720228,0.0,6.914670814029247,1009.432933680482,0,Normal
2025-06-12 02:00:00,AWS_073,21.79587505709975,77.99144147183279,0.0,6.356249767094436,1009.476342064201,0,Normal
2025-06-12 03:00:00,AWS_073,22.627210600484794,75.30324847161164,0.0,5.208115792925706,1009.2675137384239,0,Normal
2025-06-12 04:00:00,AWS_073,23.310744415230758,73.68360203786202,0.0,6.646224330748029,1008.9833085119681,0,Normal
2025-06-12 05:00:00,AWS_073,25.52450185670808,66.87239079813722,0.0,5.719612241773495,1008.6977011708867,0,Normal
2025-06-12 06:00:00,AWS_073,28.084350183842385,62.42169268934297,0.0,7.571801274800919,1008.968563753022,0,Normal
2025-06-12 07:00:00,AWS_073,28.298297959038162,61.93441748234546,0.0,5.799290401254177,1009.836648792488,0,Normal
2025-06-12 08:00:00,AWS_073,29.88023718478274,55.30065858398238,0.0,7.556090408391157,1009.1466258669614,0,Normal
2025-06-12 09:00:00,AWS_073,33.014917932144186,52.19337797470288,0.0,2.7574413220947047,1008.9568289558748,0,Normal
2025-06-12 10:00:00,AWS_073,32.508619231415125,53.68313100567519,0.0,6.254471865819966,1009.2922949383807,0,Normal
2025-06-12 11:00:00,AWS_073,33.67917246650054,51.561240825631856,0.0,4.9665747252044845,1009.03549088036,0,Normal
2025-06-12 12:00:00,AWS_073,34.073004785870864,47.492340915094175,0.0,4.272516280483693,1009.1237069706319,0,Normal
2025-06-12 13:00:00,AWS_073,33.87730886006714,49.272840519781305,0.05023413968287237,7.29657022959975,1008.8876351951058,0,Normal
2025-06-12 14:00:00,AWS_073,31.963624968826174,50.20215583134078,0.0,6.890178361689134,1008.8037097103368,0,Normal
2025-06-12 15:00:00,AWS_073,31.7814879589488,57.946036878282946,0.0,2.544561290676949,1009.5093650700039,0,Normal
2025-06-12 16:00:00,AWS_073,29.703167850345277,59.31202085514121,0.0,6.625250145958048,1008.0363779847736,0,Normal
2025-06-12 17:00:00,AWS_073,30.691429469045293,60.27602463145165,0.0,6.440960390654268,1009.2510431258445,0,Normal
2025-06-12 18:00:00,AWS_073,26.710418736181577,66.15238937868699,0.0,4.462863949682206,1008.7735567290588,0,Normal
2025-06-12 19:00:00,AWS_073,25.48234404637935,66.16991330467614,0.0,4.292249439574922,1008.0595194924736,0,Normal
2025-06-12 20:00:00,AWS_073,24.036219633094987,71.15470769762102,0.0,3.1570779363663743,1008.5250150523838,0,Normal
2025-06-12 21:00:00,AWS_073,22.51656001622855,75.81632824968199,0.0,5.034379604711229,1008.9944922952237,0,Normal
2025-06-12 22:00:00,AWS_073,23.269216903349175,78.8948425550584,0.0,5.272184085632283,1009.0634520676613,0,Normal
2025-06-12 23:00:00,AWS_073,23.308341903117473,79.29396914330913,0.0,6.731649772541857,1009.3829133308759,0,Normal
2025-06-13 00:00:00,AWS_073,21.361592939535083,80.49602702142845,0.0,5.937965625216476,1009.4171204071722,0,Normal
2025-06-13 01:00:00,AWS_073,21.055847008865232,79.64556031424227,0.0,3.9417746506827114,1008.239955531701,0,Normal
2025-06-13 02:00:00,AWS_073,21.101960730752694,77.66322625272194,0.0,5.8876913261038535,1009.2022680664357,0,Normal
2025-06-13 03:00:00,AWS_073,23.24777428859875,75.01431053341642,0.0,5.146055995663026,1009.377993056343,0,Normal
2025-06-13 04:00:00,AWS_073,24.4436718649616,71.64747025464443,0.0,4.122630362549945,1009.1233887127898,0,Normal
2025-06-13 05:00:00,AWS_073,25.686409244088804,69.34616069379499,0.0,3.1383556490209927,1009.2653560138339,0,Normal
2025-06-13 06:00:00,AWS_073,27.759535575945637,65.82163117839892,0.0,6.457569623365156,1008.0480842730083,0,Normal
2025-06-13 07:00:00,AWS_073,29.41333697602697,61.51443265809986,0.0,6.187709726866332,1008.5194481225511,0,Normal
2025-06-13 08:00:00,AWS_073,30.813776335515556,55.14280589999788,0.0,6.3510182037194856,1009.6977915953556,0,Normal
2025-06-13 09:00:00,AWS_073,31.66949887233415,52.395542579915414,0.0,4.421249947699419,1008.8751279457814,0,Normal
2025-06-13 10:00:00,AWS_073,32.14831832935975,52.80738255512956,0.0,5.767989606873141,1010.1267496125795,0,Normal
2025-06-13 11:00:00,AWS_073,33.804798886922555,53.45445920700573,0.0,3.4460780892034197,1008.3762035333413,0,Normal
2025-06-13 12:00:00,AWS_073,33.61385656411474,50.304830923117514,0.0,4.027005869565858,1009.7975194790681,0,Normal
2025-06-13 13:00:00,AWS_073,33.93152119265299,49.687775780709984,0.0,5.55523544711572,1008.7105007067163,0,Normal
2025-06-13 14:00:00,AWS_073,33.26975205930938,52.45829985411897,0.0,5.8959250368900795,1009.4472931946133,0,Normal
2025-06-13 15:00:00,AWS_073,30.98573951660554,52.11975543717493,0.0,3.0569282763286614,1008.8686072204331,0,Normal
2025-06-13 16:00:00,AWS_073,29.732223689276836,60.11788631307292,0.0,3.9115989636845163,1009.0743622621662,0,Normal
2025-06-13 17:00:00,AWS_073,28.688946976549502,61.49090261247825,0.0,4.947588983136187,1009.3145211368364,0,Normal
2025-06-13 18:00:00,AWS_073,26.95219719797113,63.6610855735789,0.0,6.931219827122102,1008.7103006820838,0,Normal
2025-06-13 19:00:00,AWS_073,26.48279172777195,68.54869474435205,0.0,4.271552378476606,1009.4177598745631,0,Normal
2025-06-13 20:00:00,AWS_073,24.789938414089033,71.44592753587277,0.0,5.699835502661403,1008.8845007026142,0,Normal
2025-06-13 21:00:00,AWS_073,23.99261918093241,78.22994167143187,0.0,5.854828901935607,1009.10669497609,0,Normal
2025-06-13 22:00:00,AWS_073,22.614085192144774,77.58590087787246,0.0,5.109970857886423,1007.695318279276,0,Normal
2025-06-13 23:00:00,AWS_073,21.89857555951014,79.7996188865672,0.7851631504537931,5.884308603317319,1008.8494718412844,0,Normal
2025-06-14 00:00:00,AWS_073,22.285373072885633,81.14745291330259,0.0,3.462674584105739,1009.6501475084355,0,Normal
2025-06-14 01:00:00,AWS_073,22.048410281939315,78.00735418680694,0.0,4.494141534394892,1009.3659536775082,0,Normal
2025-06-14 02:00:00,AWS_073,22.403429818689656,78.37779998903689,0.0,7.627135957286816,1009.4621279946127,0,Normal
2025-06-14 03:00:00,AWS_073,24.200944822173998,76.15547285658663,0.47734192993649943,7.7305186616300166,1009.045755663543,0,Normal
2025-06-14 04:00:00,AWS_073,24.621013444281274,69.39184235795875,0.0,6.735528863948162,1009.8574772467844,0,Normal
2025-06-14 05:00:00,AWS_073,25.812976707885653,69.38767865409302,0.0,7.119513769355491,1009.1638040577797,0,Normal
2025-06-14 06:00:00,AWS_073,27.042391016608146,64.90847587011372,0.0,2.7278382408938597,1008.6897808958515,0,Normal
2025-06-14 07:00:00,AWS_073,29.516403353456102,61.37764690769418,0.0,4.041441040820501,1009.4476491451475,0,Normal
2025-06-14 08:00:00,AWS_073,31.280492174928895,57.571259426981136,0.0,4.9956141624718295,1009.4816271910257,0,Normal
2025-06-14 09:00:00,AWS_073,31.74713734711833,54.91173802810195,0.0,9.083512360400245,1009.3353744602747,0,Normal
2025-06-14 10:00:00,AWS_073,33.51233735925105,54.684305394585735,0.0,4.988207769512331,1008.8193642735615,0,Normal
2025-06-14 11:00:00,AWS_073,32.141567174383255,48.15209778149376,0.0,6.572975749042106,1009.161821205393,0,Normal
2025-06-14 12:00:00,AWS_073,33.49133409839669,49.31569532899916,0.0,6.020964219306733,1009.7180029844551,0,Normal
2025-06-14 13:00:00,AWS_073,33.29268823685418,51.84434986358965,0.0,5.985379555458726,1009.2603725182012,0,Normal
2025-06-14 14:00:00,AWS_073,32.27772934615432,52.97147067868924,0.0,5.41368792775177,1008.2829747518734,0,Normal
2025-06-14 15:00:00,AWS_073,33.187313396476576,55.312209388885954,0.0,3.6467254288095137,1008.7077341953868,0,Normal
2025-06-14 16:00:00,AWS_073,30.471222267555543,63.00715443134667,0.0,1.392820928543511,1008.6847449448957,0,Normal
2025-06-14 17:00:00,AWS_073,28.815794638105007,62.345985371695605,0.0,7.3651239611162955,1008.6454790043559,0,Normal
2025-06-14 18:00:00,AWS_073,27.51967630623844,67.26187559251005,0.0,4.515408313770348,1007.9672631861768,0,Normal
2025-06-14 19:00:00,AWS_073,24.746075958374917,68.26814155883278,0.0,2.637281272731557,1009.9684602597902,0,Normal
2025-06-14 20:00:00,AWS_073,24.041336378786927,70.51417525220543,0.0,6.092689986795392,1008.5852953794506,0,Normal
2025-06-14 21:00:00,AWS_073,23.84113832015146,74.97796685933095,0.0,6.061731278201929,1008.6217342525623,0,Normal
2025-06-14 22:00:00,AWS_073,21.916892513028657,79.4143013994534,0.0,6.5831856614648,1008.0531249323648,0,Normal
2025-06-14 23:00:00,AWS_073,21.194108449614586,80.30254310399437,0.0,7.102722098053478,1009.4574659358464,0,Normal
2025-06-15 00:00:00,AWS_073,22.269279478276093,80.80650274119776,0.0,4.048471665149576,1008.9790928315625,0,Normal
2025-06-15 01:00:00,AWS_073,22.488736607308233,79.06019862074176,0.0,4.112282656509921,1008.8493438007357,0,Normal
2025-06-15 02:00:00,AWS_073,22.59075485169361,77.24277581914063,0.0,4.944505636219758,1008.8760768029443,0,Normal
2025-06-15 03:00:00,AWS_073,22.95757521048351,75.24688722921165,0.0,6.652827463191419,1009.3192580816705,0,Normal
2025-06-15 04:00:00,AWS_073,24.32617620793195,73.94895090033043,0.0,2.264216671800374,1008.7856250669034,0,Normal
2025-06-15 05:00:00,AWS_073,25.431026392234006,70.56374053287864,0.0,5.608293970311393,1008.031466757794,0,Normal
2025-06-15 06:00:00,AWS_073,26.866137806749556,62.987516700657544,0.3627491460445217,6.8119778359233685,1008.3804323155872,0,Normal
2025-06-15 07:00:00,AWS_073,28.38583634151379,62.642399442325086,0.0,6.747891733256072,1008.3547490745514,0,Normal
2025-06-15 08:00:00,AWS_073,30.085308854638374,56.19855753848754,0.0,6.472262735135662,1009.1644297902207,0,Normal
2025-06-15 09:00:00,AWS_073,31.074518377117343,55.331241585883895,0.0,7.001735766148048,1009.492067975985,0,Normal
2025-06-15 10:00:00,AWS_073,31.707207674327904,51.62568745830844,0.41438155807666305,1.2842768877798205,1009.7602503863159,0,Normal
2025-06-15 11:00:00,AWS_073,33.373042175076634,53.642689704141944,0.0,7.823071278682567,1008.2101910077196,0,Normal
2025-06-15 12:00:00,AWS_073,33.58316951293911,49.16385074203771,0.0,5.896294307575081,1009.3380654366134,0,Normal
2025-06-15 13:00:00,AWS_073,34.25500858404443,50.868336287453545,0.0,7.400483754865185,1008.7206884975291,0,Normal
2025-06-15 14:00:00,AWS_073,32.23069243950041,53.222805258352274,0.0,3.634376440475112,1010.4902483645426,0,Normal
2025-06-15 15:00:00,AWS_073,31.85240840672412,52.64548058195602,0.0,2.763410536943881,1009.7205931516716,0,Normal
2025-06-15 16:00:00,AWS_073,30.616298504658257,57.354285889146105,0.0,8.07154131992184,1009.8800620816793,0,Normal
2025-06-15 17:00:00,AWS_073,28.825845547301803,60.584544554215924,0.0,4.000017370794948,1009.4306341034029,0,Normal
2025-06-15 18:00:00,AWS_073,27.868396089654823,63.972373033188056,0.0,4.921353438928522,1009.2206596374319,0,Normal
2025-06-15 19:00:00,AWS_073,26.330580569486383,68.00283967357133,0.09204225636237531,6.176636773687013,1008.8287269278492,0,Normal
2025-06-15 20:00:00,AWS_073,24.611364647007736,74.72402919627359,0.10136407574661672,6.542614165619761,1008.7306624097316,0,Normal
2025-06-15 21:00:00,AWS_073,23.015453413720856,74.40950024827755,0.0,6.99873932587241,1008.6305762013884,0,Normal
2025-06-15 22:00:00,AWS_073,21.99736664386031,79.12319682210979,0.0,5.7140261903624845,1009.3397240312435,0,Normal
2025-06-15 23:00:00,AWS_073,20.788388318139265,80.11807739839831,0.16581364433527848,3.7953165088146466,1009.8114465866064,0,Normal
2025-06-16 00:00:00,AWS_073,20.917602708825466,77.20603976844964,0.0,6.434564045827709,1008.8531517787752,0,Normal
2025-06-16 01:00:00,AWS_073,21.22895094392764,80.5272262711889,0.0,6.456285285994933,1008.6706933334054,0,Normal
2025-06-16 02:00:00,AWS_073,21.523731256779826,75.16335463725119,0.0,2.6477363207071765,1008.2904296020708,0,Normal
2025-06-16 03:00:00,AWS_073,23.412136033484202,76.86278537412853,0.0,7.496154728939272,1009.1548422319075,0,Normal
2025-06-16 04:00:00,AWS_073,25.105353950107578,71.48561671373831,0.0,1.6353542105843566,1009.6474467579493,1,Stuck
2025-06-16 05:00:00,AWS_073,25.105353950107578,68.89902018305071,0.0,6.9154326023850645,1009.67279482503,1,Stuck
2025-06-16 06:00:00,AWS_073,25.105353950107578,62.41144010074732,0.0,4.410487069691467,1009.7226702063623,1,Stuck
2025-06-16 07:00:00,AWS_073,25.105353950107578,61.36247897067182,0.0,6.417760475311587,1009.241475341466,1,Stuck
2025-06-16 08:00:00,AWS_073,25.105353950107578,59.35390083594124,0.0,6.12263315137638,1009.0791890783729,1,Stuck
2025-06-16 09:00:00,AWS_073,25.105353950107578,52.77946742615654,0.0,5.299504969651851,1009.6755451412942,1,Stuck
2025-06-16 10:00:00,AWS_073,32.92398144264329,50.7952847709454,0.209528721271291,6.0296670623130435,1008.4797141554618,0,Normal
2025-06-16 11:00:00,AWS_073,32.7515236133173,51.420354652798956,0.0,5.221213792109837,1008.8146496250265,0,Normal
2025-06-16 12:00:00,AWS_073,33.96678703589451,50.95923664729388,0.0,6.419664049936812,1009.8908249555705,0,Normal
2025-06-16 13:00:00,AWS_073,33.00446180943215,45.642754008846964,0.0,8.624497852073464,1008.4984285061008,0,Normal
2025-06-16 14:00:00,AWS_073,32.15927734328718,56.04043167079897,0.0,3.332585486839712,1009.0188340785049,0,Normal
2025-06-16 15:00:00,AWS_073,30.840091810485863,55.45050524929845,0.09209713137234177,0.5600796109534016,1009.3520618498413,0,Normal
2025-06-16 16:00:00,AWS_073,30.49790342715733,58.89383732490592,0.0,4.716644199790908,1009.0780807513887,0,Normal
2025-06-16 17:00:00,AWS_073,29.432571780684324,60.830633430138164,0.0,4.611974616071056,1009.6117766782577,0,Normal
2025-06-16 18:00:00,AWS_073,27.503064279732996,61.28929298289551,0.0,4.7695204380627105,1009.8002449848999,0,Normal
2025-06-16 19:00:00,AWS_073,27.126000623223213,70.23172979903829,0.0,3.944074876072416,1009.2775775602855,0,Normal
2025-06-16 20:00:00,AWS_073,25.190032046529964,71.36962394353823,0.0,6.640246538257609,1009.7331177866527,0,Normal
2025-06-16 21:00:00,AWS_073,22.901545224813606,76.6944651061649,0.0,3.2574644509112263,1008.5740912389558,0,Normal
2025-06-16 22:00:00,AWS_073,21.93827599992345,77.55277891624112,0.0,6.003486017481151,1008.9600034248514,0,Normal
2025-06-16 23:00:00,AWS_073,21.808049587237043,79.96496615256878,0.0,6.282887884834018,1010.24171422663,0,Normal
2025-06-17 00:00:00,AWS_073,20.815515955384626,78.45000723718151,0.0,5.797755793841852,1010.0109309649627,0,Normal
2025-06-17 01:00:00,AWS_073,22.219085761958333,81.21766527969388,0.0,6.05164069943209,1008.401344786502,0,Normal
2025-06-17 02:00:00,AWS_073,22.332215221859297,75.61362297785124,0.0,6.742696899972847,1009.0337833545921,0,Normal
2025-06-17 03:00:00,AWS_073,23.219180911875693,80.0977405684766,0.0,5.397015549827307,1009.1085535585078,0,Normal
2025-06-17 04:00:00,AWS_073,24.716656701276563,76.97589726997403,0.0,4.794795696380618,1009.2491323065567,0,Normal
2025-06-17 05:00:00,AWS_073,26.781805737049677,72.14768484747083,0.0,6.041970646994625,1009.6782455163251,0,Normal
2025-06-17 06:00:00,AWS_073,27.400132196661502,67.55095797154902,0.0,6.2108401002181886,1009.9611599804001,0,Normal
2025-06-17 07:00:00,AWS_073,28.779185273604902,60.94861760699491,0.0,6.642689414118683,1009.0606463021775,0,Normal
2025-06-17 08:00:00,AWS_073,31.19586257390969,59.83309341149442,0.0,2.737457265784798,1009.603290409948,0,Normal
2025-06-17 09:00:00,AWS_073,32.110336647055895,54.201045285649535,0.0,5.0286290338546635,1009.366756372058,0,Normal
2025-06-17 10:00:00,AWS_073,32.28726447704901,48.90258385874281,0.0,3.703755180028173,1009.032455281805,0,Normal
2025-06-17 11:00:00,AWS_073,33.07890037332099,53.51751543372535,0.0,6.141137535476667,1008.1943054451813,0,Normal
2025-06-17 12:00:00,AWS_073,33.393995025144214,52.25764892584501,0.09348469878786668,6.387638126160679,1009.5529867249961,0,Normal
2025-06-17 13:00:00,AWS_073,33.285941472422984,50.44843439035311,0.0,4.883840811303365,1009.3467136745709,0,Normal
2025-06-17 14:00:00,AWS_073,31.652022877352294,49.55925042857112,0.0,4.19944471536368,1009.2392798576866,0,Normal
2025-06-17 15:00:00,AWS_073,30.583511251654254,53.22099692904384,0.0,6.186680238417333,1008.5542222347846,0,Normal
2025-06-17 16:00:00,AWS_073,29.730457628529123,53.85770883022497,0.0,5.089261101816541,1010.0247952888938,0,Normal
2025-06-17 17:00:00,AWS_073,28.233492509346526,63.00787602869815,0.0,7.426715606405347,1009.1218355785596,0,Normal
2025-06-17 18:00:00,AWS_073,26.869655911040592,61.79338206627164,0.0,7.944337626080639,1008.4752863545918,0,Normal
2025-06-17 19:00:00,AWS_073,26.080390802812826,69.45594741683115,0.0,6.783868446250619,1008.3951899771572,0,Normal
2025-06-17 20:00:00,AWS_073,24.147648918778927,70.81261330444062,0.04300016125151687,5.629683208701718,1009.3854639115516,0,Normal
2025-06-17 21:00:00,AWS_073,23.120729570296742,72.75319482779926,0.0,8.016956054207032,1009.4007316447902,0,Normal
2025-06-17 22:00:00,AWS_073,21.311325466737063,78.46709124332372,0.0,5.6375721861605905,1008.815982279342,0,Normal
2025-06-17 23:00:00,AWS_073,21.16604545805122,78.82128862371195,0.0,4.555600341161014,1009.2791820400254,0,Normal
2025-06-18 00:00:00,AWS_073,21.587465499451582,81.67637821085073,0.0,4.25928135084022,1009.3820562510765,0,Normal
2025-06-18 01:00:00,AWS_073,21.793051949027838,76.9536768568786,0.0,4.214941893823857,1009.1186008293089,0,Normal
2025-06-18 02:00:00,AWS_073,21.597262608061268,76.47575176581894,0.49985140874291734,5.258543252879678,1008.6983543156982,0,Normal
2025-06-18 03:00:00,AWS_073,23.079039336374876,70.83131730081644,0.0,5.96063313996142,1009.5300910262723,0,Normal
2025-06-18 04:00:00,AWS_073,25.540513937691568,68.13130663534416,0.0,3.1411739548566837,1009.4686184004111,0,Normal
2025-06-18 05:00:00,AWS_073,25.654254203108316,72.47867049649483,0.0,4.588428328710448,1009.3340339764251,0,Normal
2025-06-18 06:00:00,AWS_073,26.798336442794213,69.16719648819934,0.0,5.579003005644586,1008.6337207468032,0,Normal
2025-06-18 07:00:00,AWS_073,28.65942620199818,61.303166733910096,0.0,6.223076562887125,1008.3854646845866,0,Normal
2025-06-18 08:00:00,AWS_073,30.26259576114487,55.852342468186976,0.0,5.216665116284019,1009.0896386498403,0,Normal
2025-06-18 09:00:00,AWS_073,31.35574866586014,53.796500431221574,0.0,5.620224942313995,1009.5165595381916,0,Normal
2025-06-18 10:00:00,AWS_073,32.37766750067091,53.75676734820615,0.0,3.3935940412366072,1009.5723592123562,0,Normal
2025-06-18 11:00:00,AWS_073,32.12633305163694,49.48233456601988,0.0,3.8816138694129823,1009.344764002455,0,Normal
2025-06-18 12:00:00,AWS_073,32.61578554497818,50.47526773408338,1.2708176341719895,5.155918959337875,1008.827747826211,0,Normal
2025-06-18 13:00:00,AWS_073,32.89583468954858,50.48560050470147,0.0,6.010957543582801,1008.6512745612594,0,Normal
2025-06-18 14:00:00,AWS_073,32.2833889466316,50.87199360306771,0.0,5.590006381874046,1009.0453497081655,0,Normal
2025-06-18 15:00:00,AWS_073,31.08584024966926,53.341012790218045,0.0,3.9677368549010277,1009.0504975051358,0,Normal
2025-06-18 16:00:00,AWS_073,30.073220188786326,58.08664174337101,0.0,4.884053854973116,1009.6082450404999,0,Normal
2025-06-18 17:00:00,AWS_073,28.765466130493493,59.163938050687314,0.10332551969231246,7.504579190638699,1008.8151496041506,0,Normal
2025-06-18 18:00:00,AWS_073,27.706105021766763,65.90345869124704,0.0,6.051135277790778,1008.8570930874903,0,Normal
2025-06-18 19:00:00,AWS_073,25.556529034141445,67.93912775723945,0.0,4.988876039045005,1010.0833257142996,0,Normal
2025-06-18 20:00:00,AWS_073,24.404945065722963,72.75473460929646,0.0,3.6918495603611756,1009.8318552353746,0,Normal
2025-06-18 21:00:00,AWS_073,22.594394471621882,78.37452685013533,0.0,4.158478550834314,1008.6152693640614,0,Normal
2025-06-18 22:00:00,AWS_073,22.305611950311505,77.65399696631268,0.0,5.236352719306737,1009.7914525158099,0,Normal
2025-06-18 23:00:00,AWS_073,21.584901162944252,81.32849607472001,0.0,5.6383212001381775,1008.4965541887607,0,Normal
2025-06-19 00:00:00,AWS_073,21.671018553060954,76.41593428823234,0.0,6.070680524107584,1008.8408857136499,0,Normal
2025-06-19 01:00:00,AWS_073,21.780559487512033,78.54816136705483,0.0,5.802249966252545,1008.898214845739,0,Normal
2025-06-19 02:00:00,AWS_073,22.30163634480892,78.04575829891873,0.0,4.662854709539097,1009.0199638197369,0,Normal
2025-06-19 03:00:00,AWS_073,22.839364898656324,79.45326307621113,0.0,4.449490998245768,1009.3690623493218,0,Normal
2025-06-19 04:00:00,AWS_073,24.28452761735283,68.58009583348021,0.0,8.284572197341618,1009.1128469024097,0,Normal
2025-06-19 05:00:00,AWS_073,26.21926263250674,68.68986595275226,0.08883513365309062,4.377329850827255,1009.3674014957159,0,Normal
2025-06-19 06:00:00,AWS_073,26.739333685899762,67.91337770183253,0.0,3.2724186848824592,1008.8595464749919,0,Normal
2025-06-19 07:00:00,AWS_073,28.30295433079171,59.54767351292844,0.0,2.749842840217177,1009.248008818263,0,Normal
2025-06-19 08:00:00,AWS_073,30.232449286178316,57.07432237914866,0.0,4.676081992481397,1009.100813037603,0,Normal
2025-06-19 09:00:00,AWS_073,31.611904090657852,55.05687625231287,0.142862889728492,6.613788757526514,1008.367598205045,0,Normal
2025-06-19 10:00:00,AWS_073,31.81828867825449,52.37863605067898,0.0,4.337840634390775,1009.3037034821124,0,Normal
2025-06-19 11:00:00,AWS_073,32.86380156607368,53.6426535565728,0.4560831517651606,7.415984562774833,1009.110662708895,0,Normal
2025-06-19 12:00:00,AWS_073,33.05320830048356,50.89694762014646,0.0,5.186742454244903,1008.7061183920952,0,Normal
2025-06-19 13:00:00,AWS_073,31.57249730117816,53.16665839669241,0.0,6.859955335854672,1008.851091787451,0,Normal
2025-06-19 14:00:00,AWS_073,32.1670087206928,51.289602228613596,0.0,4.0569914434669165,1008.8637936589558,0,Normal
2025-06-19 15:00:00,AWS_073,31.247364390437227,52.912347459701195,0.0,4.078204400696286,1008.9419374842856,0,Normal
2025-06-19 16:00:00,AWS_073,29.999439783368555,57.04855361396072,0.0,5.32605584273402,1009.9443199822192,0,Normal
2025-06-19 17:00:00,AWS_073,29.49457896680896,58.79950813672699,0.0,5.9112785283155045,1010.110413851821,0,Normal
2025-06-19 18:00:00,AWS_073,26.359137172877332,65.96702339242019,0.0,4.91697135295423,1007.7027145108764,0,Normal
2025-06-19 19:00:00,AWS_073,25.037427799130626,68.11052945102732,0.0,5.622067528824383,1009.3102697807419,0,Normal
2025-06-19 20:00:00,AWS_073,22.514297035714332,71.15642220004504,0.0,6.0640618680220415,1009.5441085056971,0,Normal
2025-06-19 21:00:00,AWS_073,22.546922173672314,76.60391853704022,0.0,3.048539453321227,1008.9590461806484,0,Normal
2025-06-19 22:00:00,AWS_073,21.6410720964582,75.70294950081801,0.0,4.665858285470158,1009.531582869125,0,Normal
2025-06-19 23:00:00,AWS_073,20.969566626405754,81.0298918220476,0.0,4.39720860412099,1009.8950764368041,0,Normal
2025-06-20 00:00:00,AWS_073,21.73221098088924,79.04332522301728,0.0,4.46801855296566,1008.3825278714695,0,Normal
2025-06-20 01:00:00,AWS_073,21.784916270885297,81.80708028252438,0.0,5.781489228135071,1009.1357875919532,0,Normal
2025-06-20 02:00:00,AWS_073,21.9111579176527,77.20490590030745,0.0,4.411960783262902,1010.0477395276064,0,Normal
2025-06-20 03:00:00,AWS_073,22.59208283150294,76.87042105091406,0.0,2.1595022399586306,1008.4509440864533,0,Normal
2025-06-20 04:00:00,AWS_073,24.669299652726362,72.8591247475458,0.0,4.810315931568733,1009.012672871751,0,Normal
2025-06-20 05:00:00,AWS_073,25.485310824434077,70.37008942396677,0.46625047501768785,3.56646153592202,1008.8465542168427,0,Normal
2025-06-20 06:00:00,AWS_073,26.55561120646417,65.21989378429525,0.0,5.90554668755892,1009.5971645444878,0,Normal
2025-06-20 07:00:00,AWS_073,27.566231174384246,57.7909194987757,0.0,6.367573797067808,1009.6673079743449,0,Normal
2025-06-20 08:00:00,AWS_073,29.77476975775139,59.51758707848426,0.0,1.894766074320239,1009.153317012618,0,Normal
2025-06-20 09:00:00,AWS_073,31.731477120529483,54.21803243728597,0.0,3.9936437769674673,1009.0887278210603,0,Normal
2025-06-20 10:00:00,AWS_073,33.594617175550674,53.58865109794304,0.0,5.683035398471938,1008.2135205949215,0,Normal
2025-06-20 11:00:00,AWS_073,32.86155344937664,51.89160555940169,0.0,3.037648606535632,1009.7850686291068,0,Normal
2025-06-20 12:00:00,AWS_073,32.566309190270914,48.453407037977314,0.0,6.322939536819224,1008.8974585672406,0,Normal
2025-06-20 13:00:00,AWS_073,32.10658801993135,48.68152179531338,0.40937776185771296,6.720911401804908,1009.0033550573635,0,Normal
2025-06-20 14:00:00,AWS_073,32.54582670969757,53.32032914613143,0.0,4.901902994921019,1009.5607948546174,0,Normal
2025-06-20 15:00:00,AWS_073,30.19886104295834,53.78690022338076,0.0,3.9820503615533127,1009.1742736625624,0,Normal
2025-06-20 16:00:00,AWS_073,30.34168516400297,59.37285855893299,0.1580640146049503,1.6750591075422214,1009.5778751760921,0,Normal
2025-06-20 17:00:00,AWS_073,29.05150693305843,60.76131243773615,0.0,6.359942743707878,1009.3781411492383,0,Normal
2025-06-20 18:00:00,AWS_073,27.266220447592897,67.04681955489657,0.0,8.140705997310466,1009.178812996099,0,Normal
2025-06-20 19:00:00,AWS_073,25.316228062091888,69.72889464495601,0.0,7.828374527478159,1009.2326257181495,0,Normal
2025-06-20 20:00:00,AWS_073,24.33638977327208,73.0759499874283,0.0,4.840436128399317,1008.5165043724177,0,Normal
2025-06-20 21:00:00,AWS_073,22.853833248840203,74.85857932031766,0.0,3.491882827727622,1009.0038885760556,0,Normal
2025-06-20 22:00:00,AWS_073,21.32736920627075,78.45523628488961,0.0,6.385334519504655,1009.6208915639268,0,Normal
2025-06-20 23:00:00,AWS_073,22.30157288107661,81.87459282424143,0.0,4.936598118559081,1008.630038913727,0,Normal
2025-06-21 00:00:00,AWS_073,20.772356821201573,79.89156908267336,0.0,5.842103449120911,1008.7222133040881,0,Normal
2025-06-21 01:00:00,AWS_073,21.649744369183747,80.55123628170372,0.0,5.577039478590428,1008.6405331055611,0,Normal
2025-06-21 02:00:00,AWS_073,20.329009947912027,78.08310120926599,0.0,5.260424660050311,1009.1575309555623,0,Normal
2025-06-21 03:00:00,AWS_073,23.496055274090153,75.85580980328906,0.0,6.661699190311396,1009.7826019931437,0,Normal
2025-06-21 04:00:00,AWS_073,24.850553669164942,75.9468215138766,0.0,6.715441092136206,1009.3554159751309,0,Normal
2025-06-21 05:00:00,AWS_073,25.430762916200766,71.28574573861691,0.0,4.330919448244818,1007.993854600474,0,Normal
2025-06-21 06:00:00,AWS_073,27.297520530696808,65.15880763039144,0.0,3.7282957391963567,1009.4071498039573,0,Normal
2025-06-21 07:00:00,AWS_073,28.846761789704978,61.546622499334255,0.0,1.3623056431784901,1008.8622951908397,0,Normal
2025-06-21 08:00:00,AWS_073,29.569548275379603,56.096258992898065,0.30453524818032707,4.589753804867028,1009.3385358091218,0,Normal
2025-06-21 09:00:00,AWS_073,31.522612003164102,54.04745518967188,0.0,3.4670260370682926,1009.0096004602118,0,Normal
2025-06-21 10:00:00,AWS_073,31.659151099571094,52.62841451833065,0.0,5.733828571474827,1008.6546296847403,0,Normal
2025-06-21 11:00:00,AWS_073,32.374956300543,52.21233978480223,0.0,4.599253698199202,1009.0496310817423,0,Normal
2025-06-21 12:00:00,AWS_073,33.6172994351436,51.49844179382184,0.0,4.759933522871977,1008.8651422415417,0,Normal
2025-06-21 13:00:00,AWS_073,33.31796068941574,48.292594493854956,0.0,6.317049531176127,1009.2402466792049,0,Normal
2025-06-21 14:00:00,AWS_073,31.706415324380067,53.963584404590684,0.2776697108387935,5.693007789225755,1008.643900093905,0,Normal
2025-06-21 15:00:00,AWS_073,30.733059689092368,54.21585092344668,0.0,4.92011755430929,1008.5250326011311,0,Normal
2025-06-21 16:00:00,AWS_073,29.539682972991653,55.526017288644915,0.0,7.6228195275837045,1009.4539748614843,0,Normal
2025-06-21 17:00:00,AWS_073,28.916014594427857,63.790483798326036,0.0,6.198434253088631,1009.6428715959495,0,Normal
2025-06-21 18:00:00,AWS_073,26.320000889802163,67.92655799347591,0.0,4.465450959336411,1009.3790001471194,0,Normal
2025-06-21 19:00:00,AWS_073,25.57757977215097,69.40977964121913,0.08186209459493637,4.530395199856038,1008.7651057363272,0,Normal
2025-06-21 20:00:00,AWS_073,24.361048775295995,73.91758720381047,0.0,6.26787899635198,1008.7199795864974,0,Normal
2025-06-21 21:00:00,AWS_073,22.613826491519827,77.14150013528707,0.0,5.387613860468173,1008.7492938348295,0,Normal
2025-06-21 22:00:00,AWS_073,22.315773536269603,80.78192536239108,0.0,3.3996431047027924,1009.5362613105075,0,Normal
2025-06-21 23:00:00,AWS_073,20.92421950742841,80.94502444519946,0.14200764647207012,6.421490788687178,1008.6790663073062,0,Normal
2025-06-22 00:00:00,AWS_073,20.770519568031464,77.34462344512286,0.0,6.963310190652135,1009.5341393781964,0,Normal
2025-06-22 01:00:00,AWS_073,20.51340213157193,83.50850289227827,0.0,6.84758705723091,1009.4111005851032,0,Normal
2025-06-22 02:00:00,AWS_073,22.305930252610175,80.12169483572667,0.0,7.3876706268951295,1009.7120438758495,0,Normal
2025-06-22 03:00:00,AWS_073,22.185694291414208,74.58755330725269,0.0,8.175389193902785,1009.6252897987268,0,Normal
2025-06-22 04:00:00,AWS_073,24.094580860358413,70.44074985528518,0.0,7.664576934043922,1009.3655754196915,0,Normal
2025-06-22 05:00:00,AWS_073,25.285483926695466,69.89191253734597,0.0,5.578678942744888,1008.3604429010786,0,Normal
2025-06-22 06:00:00,AWS_073,26.245987614240146,64.44347992326485,0.0,4.753093854772327,1009.4003850395188,0,Normal
2025-06-22 07:00:00,AWS_073,28.061578999429724,61.77770503146011,0.0,2.3193840293703207,1009.1535964007758,0,Normal
2025-06-22 08:00:00,AWS_073,30.70031867183141,58.98681368255653,0.0,5.078140760762317,1008.9097731826057,0,Normal
2025-06-22 09:00:00,AWS_073,31.230698806518966,53.260514506208196,0.0,5.838597010264836,1009.7780540168784,0,Normal
2025-06-22 10:00:00,AWS_073,31.454193631048117,49.777402957864744,0.0,5.123277721899713,1009.0218173927817,0,Normal
2025-06-22 11:00:00,AWS_073,32.838750718395545,51.28274954140793,0.0,2.223673821179337,1008.8333055968145,0,Normal
2025-06-22 12:00:00,AWS_073,32.76879730195066,48.93322428944605,0.03186574337450565,4.624131766063761,1009.6606044599529,0,Normal
2025-06-22 13:00:00,AWS_073,34.72091501202653,50.80330417712877,0.0,6.0201218480317715,1008.8965778442164,0,Normal
2025-06-22 14:00:00,AWS_073,32.21662499369643,49.32296606930889,0.0,3.5113127244272846,1008.8099268847942,0,Normal
2025-06-22 15:00:00,AWS_073,30.8601296613214,53.889032833252514,0.0,5.296785164416664,1008.5366472418403,0,Normal
2025-06-22 16:00:00,AWS_073,30.69434581420867,58.92990378207999,0.0,5.693753336125255,1008.6906885719211,0,Normal
2025-06-22 17:00:00,AWS_073,27.287086381525796,62.32957933875579,0.0,6.7213303541440315,1008.73413569354,0,Normal
2025-06-22 18:00:00,AWS_073,26.891850221339254,63.423284058253465,0.0,7.611354560143947,1009.4124093974425,0,Normal
2025-06-22 19:00:00,AWS_073,26.47546484022154,66.5457569379017,0.0,4.4737764769270205,1008.5929062470257,0,Normal
2025-06-22 20:00:00,AWS_073,23.758465902041994,72.53152737950359,0.0,5.314222265955162,1008.1740812158448,0,Normal
2025-06-22 21:00:00,AWS_073,21.542027191311348,76.72866731183703,0.0,5.35926209806005,1009.2551752985603,0,Normal
2025-06-22 22:00:00,AWS_073,21.387407912179555,78.80073133715169,0.0,6.008794298781351,1008.7871459867832,0,Normal
2025-06-22 23:00:00,AWS_073,21.894729166257903,78.4645677056134,0.44543177041575194,5.838911834147242,1009.0965508983263,0,Normal
2025-06-23 00:00:00,AWS_073,21.03967682248505,80.5956488849732,0.0,7.168392268622932,1009.7464565590705,0,Normal
2025-06-23 01:00:00,AWS_073,20.511627787737982,82.49359833688801,0.31953997719110055,1.5320170828211443,1009.1415866474229,0,Normal
2025-06-23 02:00:00,AWS_073,21.199659233685292,78.40067043138464,0.0,5.654073573945756,1009.8611920241535,0,Normal
2025-06-23 03:00:00,AWS_073,22.224957005262432,72.34030584616097,0.0,5.7562397780740975,1009.0728767116755,0,Normal
2025-06-23 04:00:00,AWS_073,24.01659668655002,72.90640067620129,0.0,4.670362254123986,1009.610998556977,0,Normal
2025-06-23 05:00:00,AWS_073,26.046341054806597,72.97019961896302,0.0,1.625275858997755,1008.8343783574273,0,Normal
2025-06-23 06:00:00,AWS_073,27.424250733195176,62.42521837376881,0.0,4.9278822088294,1009.1625104436064,0,Normal
2025-06-23 07:00:00,AWS_073,28.61577737739121,61.17716364712023,0.0,3.9516226666148584,1008.6427557495217,0,Normal
2025-06-23 08:00:00,AWS_073,28.986727407430624,57.04732913393573,0.0,7.532485895590565,1008.702716316805,0,Normal
2025-06-23 09:00:00,AWS_073,30.228053503924375,54.58516420075191,0.0,5.576580340880282,1008.9980602621018,0,Normal
2025-06-23 10:00:00,AWS_073,11.41160670463379,52.398123249540966,0.0,3.8185080866912706,1008.4467055427002,1,Drop
2025-06-23 11:00:00,AWS_073,31.76335954228148,52.791056577789824,0.0,1.9308613998763904,1009.1912331352091,0,Normal
2025-06-23 12:00:00,AWS_073,32.63620389068024,50.16956657280162,0.0,5.893850547856162,1008.96075522359,0,Normal
2025-06-23 13:00:00,AWS_073,32.74604579185364,53.06563172008807,0.0,6.050244471906582,1009.2300087312841,0,Normal
2025-06-23 14:00:00,AWS_073,31.27805265987719,51.774307625660455,0.0,4.680453601605533,1008.4567083098914,0,Normal
2025-06-23 15:00:00,AWS_073,30.38899559559052,53.69312473425252,0.0,5.90773183987461,1009.4647564789976,0,Normal
2025-06-23 16:00:00,AWS_073,29.700894953585397,56.16163403392278,0.0,4.477914104489807,1009.9632851627133,0,Normal
2025-06-23 17:00:00,AWS_073,28.60892692905994,57.48354026522189,0.0,6.599245633695645,1009.8583343703962,0,Normal
2025-06-23 18:00:00,AWS_073,27.387188253971516,65.55156282385168,0.0,6.485554342548886,1010.0676120605082,0,Normal
2025-06-23 19:00:00,AWS_073,25.558048901775948,72.99028625348149,0.0,2.536244944904687,1009.1374667518826,0,Normal
2025-06-23 20:00:00,AWS_073,23.787378804166334,73.41647095457172,0.0,2.899952695354104,1008.940681270346,0,Normal
2025-06-23 21:00:00,AWS_073,22.049280661221005,76.98009642612158,0.0,8.037772052202124,1009.3612323926401,0,Normal
2025-06-23 22:00:00,AWS_073,20.897394553050496,77.16431840673766,0.0,6.387254547135727,1008.9989276467755,0,Normal
2025-06-23 23:00:00,AWS_073,20.630462556631894,79.00022061178868,0.0,3.0935006180697537,1008.2484173481087,0,Normal
2025-06-24 00:00:00,AWS_073,20.974957335587714,81.96928297666652,0.0,2.6296157215262284,1009.5288855531763,0,Normal
2025-06-24 01:00:00,AWS_073,21.13186709303777,83.50627467491566,0.0,5.294959082124703,1009.0026362122169,0,Normal
2025-06-24 02:00:00,AWS_073,20.26580568163667,80.96627692836022,0.0,3.267944652419131,1008.3867636015502,0,Normal
2025-06-24 03:00:00,AWS_073,22.004303489292973,77.21709097725426,0.0,4.504474967800739,1008.8669031756309,0,Normal
2025-06-24 04:00:00,AWS_073,24.43750565236838,72.57030115878102,0.0,4.906737128653344,1009.0158200319516,0,Normal
2025-06-24 05:00:00,AWS_073,25.205866239767488,69.30172350507245,0.4761610273585185,4.840119747998628,1009.1281736480591,0,Normal
2025-06-24 06:00:00,AWS_073,25.857496128223424,63.49298536114349,0.0,6.66370772805187,1009.1347886488011,0,Normal
2025-06-24 07:00:00,AWS_073,29.670558085960312,58.22137928085687,0.0,7.7241591949556785,1009.8079862641011,0,Normal
2025-06-24 08:00:00,AWS_073,29.683235335041026,55.24640328448012,0.0,4.2517741456801925,1008.4798178682354,0,Normal
2025-06-24 09:00:00,AWS_073,31.170290344750025,54.49299835124566,0.023172237705858658,3.272289826620349,1009.0486292271405,0,Normal
2025-06-24 10:00:00,AWS_073,32.12936510738534,51.425634420380064,0.0,5.54967701189637,1008.6858340723168,0,Normal
2025-06-24 11:00:00,AWS_073,32.264943701322046,47.572229196224605,0.0,7.411758718842352,1009.7540162781512,0,Normal
2025-06-24 12:00:00,AWS_073,32.24984965147349,49.92535324190053,0.0,4.357848142049181,1008.8458227368437,0,Normal
2025-06-24 13:00:00,AWS_073,33.75140129350078,49.87425195673209,0.0,6.236343106544296,1008.9552539870809,0,Normal
2025-06-24 14:00:00,AWS_073,32.477364422070096,49.66392123266526,0.0,3.7032368352301193,1009.652637182267,0,Normal
2025-06-24 15:00:00,AWS_073,31.41153826877665,53.653040260961646,0.0,4.988984296193029,1009.7907989821932,0,Normal
2025-06-24 16:00:00,AWS_073,30.017955211783757,56.858093998567306,0.0,3.2123024060658087,1009.8653468886137,0,Normal
2025-06-24 17:00:00,AWS_073,27.6195516231011,59.88444004361326,0.23048270462877107,4.969604072127388,1008.3081035975424,0,Normal
2025-06-24 18:00:00,AWS_073,27.431591647715145,66.85334032955188,0.0,4.776815232603687,1009.3717436990887,0,Normal
2025-06-24 19:00:00,AWS_073,24.60272507106316,65.07648255235118,0.0,5.861825337020872,1009.2659730988058,0,Normal
2025-06-24 20:00:00,AWS_073,23.827936078865118,68.52840201857806,0.0,7.614878258200023,1009.1059310084513,0,Normal
2025-06-24 21:00:00,AWS_073,21.42813409457003,75.6131732866964,0.0,4.362589140931408,1009.1654590672343,0,Normal
2025-06-24 22:00:00,AWS_073,20.230185380199206,78.18263543555119,0.0,1.9444865496018635,1009.7756943870049,0,Normal
2025-06-24 23:00:00,AWS_073,21.042716930640292,80.29731766637397,0.0,4.639074007324091,1009.6527359119447,0,Normal
2025-06-25 00:00:00,AWS_073,20.15828132694596,78.92205298344182,0.0,5.3893574198991985,1009.5825332673762,0,Normal
2025-06-25 01:00:00,AWS_073,19.651128776051348,77.65303978415136,0.0,5.241383834675972,1009.238170583318,0,Normal
2025-06-25 02:00:00,AWS_073,21.764840615577825,77.97574879137669,0.0,4.700553779488851,1010.2706471773884,0,Normal
2025-06-25 03:00:00,AWS_073,23.662477844460273,74.72344544710222,0.0,7.166416274688234,1008.9356801440362,0,Normal
2025-06-25 04:00:00,AWS_073,24.463248630840848,75.60214280931139,0.0,5.137323118772236,1008.3286521088354,0,Normal
2025-06-25 05:00:00,AWS_073,24.918649556803107,68.23383117668742,0.0,4.77396593461588,1009.0046535342258,0,Normal
2025-06-25 06:00:00,AWS_073,26.627703503452114,64.89362969656584,0.0,3.76276174416805,1009.1667886111921,0,Normal
2025-06-25 07:00:00,AWS_073,28.704375784777806,66.06855060265808,0.0,2.3074170852633005,1009.7901574571605,0,Normal
2025-06-25 08:00:00,AWS_073,30.288555694284465,57.11047954653863,0.0,5.419494783299233,1008.883723518174,0,Normal
2025-06-25 09:00:00,AWS_073,30.64823894396228,55.50571201259997,0.0,5.291939072801909,1009.3854762003375,0,Normal
2025-06-25 10:00:00,AWS_073,31.824819231329457,53.302237810006126,0.0,3.3329833473623336,1008.401889110951,0,Normal
2025-06-25 11:00:00,AWS_073,32.58052419915686,51.973915893100404,0.0,4.8535891206988,1009.6818717555155,0,Normal
2025-06-25 12:00:00,AWS_073,32.93336601666406,50.57897453082251,0.0,4.70254060446823,1009.1759755379449,0,Normal
2025-06-25 13:00:00,AWS_073,32.31318887494637,50.89879419448499,0.0,3.979738648279368,1009.002192292051,0,Normal
2025-06-25 14:00:00,AWS_073,31.718020308626684,52.21028752290765,0.0,3.724696631645963,1010.2089525070219,0,Normal
2025-06-25 15:00:00,AWS_073,31.66089806292829,53.24141047773424,0.0,5.5204600617860144,1009.678737271701,0,Normal
2025-06-25 16:00:00,AWS_073,30.312509040701684,58.15103760567853,0.0,4.572296444783318,1008.6245216989523,0,Normal
2025-06-25 17:00:00,AWS_073,28.422595573308993,65.17500599831138,0.12670994220140203,4.022701641106664,1009.0904071262931,0,Normal
2025-06-25 18:00:00,AWS_073,27.61113843999126,67.42136381792712,0.0,3.6148636108790817,1010.5139246277506,0,Normal
2025-06-25 19:00:00,AWS_073,24.79132901115332,69.49012172098708,0.0,4.710575263109953,1010.1358365635358,0,Normal
2025-06-25 20:00:00,AWS_073,24.54633225302285,74.21165959621197,0.0,6.290461019296613,1009.6085745159722,0,Normal
2025-06-25 21:00:00,AWS_073,22.651853913035133,73.8682499003369,0.0,5.211880174454139,1008.2242351306244,0,Normal
2025-06-25 22:00:00,AWS_073,23.33188544212295,77.46935674836715,0.0,4.544423021151723,1009.8145020507259,0,Normal
2025-06-25 23:00:00,AWS_073,20.050814644277644,81.38458708270413,0.0,5.361029276717117,1008.8315035160063,0,Normal
2025-06-26 00:00:00,AWS_073,20.14468788427807,82.97433438691638,0.0,6.9430603433201545,1009.8115257138106,0,Normal
2025-06-26 01:00:00,AWS_073,21.010454765100924,77.94715505014526,0.0,5.6302946521782715,1008.7891046196039,0,Normal
2025-06-26 02:00:00,AWS_073,21.593354739915455,77.02320443792027,0.0,5.283167447422503,1009.395527217142,0,Normal
2025-06-26 03:00:00,AWS_073,23.475044855586937,79.96935330555529,0.0,5.84885420560396,1008.8316461781022,0,Normal
2025-06-26 04:00:00,AWS_073,23.143012481868674,72.69252249953794,0.0,4.652234918006448,1008.9708238496114,0,Normal
2025-06-26 05:00:00,AWS_073,25.530508992211427,72.52900962193856,0.0,5.163554427873263,1009.4642402994582,0,Normal
2025-06-26 06:00:00,AWS_073,27.234384536130012,65.41371463455158,0.0,4.152218336109679,1008.4943722118476,0,Normal
2025-06-26 07:00:00,AWS_073,28.509044008761958,61.61007488811306,0.0,2.5580218673424637,1010.3407113469133,0,Normal
2025-06-26 08:00:00,AWS_073,28.95317726477091,56.88901822468021,0.0,5.396307608477017,1008.6415739665188,0,Normal
2025-06-26 09:00:00,AWS_073,31.61350479876035,56.278508565222246,0.0,5.400277541157737,1008.6142934208916,0,Normal
2025-06-26 10:00:00,AWS_073,32.45638969783415,54.72517404384142,0.0,4.446893166689858,1009.46912071487,0,Normal
2025-06-26 11:00:00,AWS_073,32.67438120491813,48.44110814538224,0.0,6.430401002494424,1009.803211159042,0,Normal
2025-06-26 12:00:00,AWS_073,32.63811709956255,49.29509889555913,0.0,3.7924728206241225,1008.9960774297502,0,Normal
2025-06-26 13:00:00,AWS_073,32.443160937717465,52.341269654412415,0.0,2.216011194194308,1008.6228838887732,0,Normal
2025-06-26 14:00:00,AWS_073,31.657284544665504,51.75052166766476,0.0,3.8256256619541533,1008.698120189359,0,Normal
2025-06-26 15:00:00,AWS_073,31.131917526781614,53.40662734513537,0.0,2.5581037052454754,1008.6449924658436,0,Normal
2025-06-26 16:00:00,AWS_073,29.519918572983673,59.519084307738794,0.0,5.3747820311560925,1009.3147861351476,0,Normal
2025-06-26 17:00:00,AWS_073,27.541468590859505,63.32462073288722,0.0,3.7378271436367854,1009.1263987894196,0,Normal
2025-06-26 18:00:00,AWS_073,25.864945706767802,64.10071581865573,0.0,6.341195799560097,1009.3750051436768,0,Normal
2025-06-26 19:00:00,AWS_073,24.48639580487127,69.3070187325137,0.0,6.308079890539647,1009.3452220027823,0,Normal
2025-06-26 20:00:00,AWS_073,23.620242054861915,70.08305040819154,0.0,3.4731418369060068,1009.5756433425286,0,Normal
2025-06-26 21:00:00,AWS_073,22.22457915148353,73.81563989684082,0.0,3.6466655870367655,1008.9592165570888,0,Normal
2025-06-26 22:00:00,AWS_073,21.412877576175774,78.23871152103334,0.0,5.658709882109786,1008.795789025156,0,Normal
2025-06-26 23:00:00,AWS_073,20.98118678089758,79.5517009694957,0.0,6.325036213342315,1009.2437427148963,0,Normal
2025-06-27 00:00:00,AWS_073,20.096291193535873,78.06624781653873,0.0,1.8345733796556893,1009.138806420319,0,Normal
2025-06-27 01:00:00,AWS_073,21.552954539763647,78.05693954488487,0.0,5.274239976800549,1009.2934846343296,0,Normal
2025-06-27 02:00:00,AWS_073,21.108763883620558,75.86029231685546,0.0,1.5535787768138363,1008.8118608162279,0,Normal
2025-06-27 03:00:00,AWS_073,21.959275091129225,76.51672143162463,0.0,4.02542311611989,1009.4895360481542,0,Normal
2025-06-27 04:00:00,AWS_073,23.747832640412586,68.5647216066162,0.0,6.486916729177702,1008.5799523374149,0,Normal
2025-06-27 05:00:00,AWS_073,23.80000919903978,66.85913121741741,0.0,9.35932257621216,1008.9496596769295,0,Normal
2025-06-27 06:00:00,AWS_073,25.976937380321456,61.27411690433536,0.0,4.484669106901449,1009.7350871590397,0,Normal
2025-06-27 07:00:00,AWS_073,28.589244226906533,61.95575553117815,0.32580993312412276,2.9704701468103787,1008.6056249543045,0,Normal
2025-06-27 08:00:00,AWS_073,28.401661116243513,53.8945328998906,0.0,4.069146434088067,1009.6971213533167,0,Normal
2025-06-27 09:00:00,AWS_073,31.35372724708546,54.45685667927287,0.0,4.93673158512609,1008.4681689954949,0,Normal
2025-06-27 10:00:00,AWS_073,32.53980394581269,55.288666974728265,0.16924485185787827,3.830509178026271,1008.3808260509877,0,Normal
2025-06-27 11:00:00,AWS_073,32.007278655011724,53.857980568205775,0.0,3.4468811354512097,1008.4272296183628,0,Normal
2025-06-27 12:00:00,AWS_073,32.604911654143024,46.38818486164236,0.0,4.1920888805186785,1009.2332870460183,0,Normal
2025-06-27 13:00:00,AWS_073,32.89325807492073,51.10793180892588,0.0,5.423978659993004,1009.5404065050454,0,Normal
2025-06-27 14:00:00,AWS_073,31.33875642945573,50.03167635047251,0.0,4.574749853021123,1009.822631802233,0,Normal
2025-06-27 15:00:00,AWS_073,31.18240995485909,52.00712621078127,0.0,3.5047111938391984,1009.7834977019838,0,Normal
2025-06-27 16:00:00,AWS_073,29.012840898582407,57.27306009121985,0.0,3.82027540914497,1009.6091406412916,0,Normal
2025-06-27 17:00:00,AWS_073,27.678309076739136,63.574296637328445,0.0,4.202836732083103,1008.7626301002297,0,Normal
2025-06-27 18:00:00,AWS_073,25.92878009805713,66.19931774844072,0.0,3.3227419922452226,1008.7590019880441,0,Normal
2025-06-27 19:00:00,AWS_073,25.05748160998592,67.45200381957204,0.0,3.759422761087091,1009.5738832958101,0,Normal
2025-06-27 20:00:00,AWS_073,24.096014368798297,73.91006799482001,0.0,5.783854559531777,1009.8913761858472,0,Normal
2025-06-27 21:00:00,AWS_073,22.044549660625943,71.11918505403486,0.0,4.471181056550601,1008.66588780712,0,Normal
2025-06-27 22:00:00,AWS_073,20.43518115353887,76.4844894599001,0.0,2.1846956372248854,1009.8291956480114,0,Normal
2025-06-27 23:00:00,AWS_073,19.945328783523934,77.84110430493352,0.0,6.350614340503176,1008.2227664250611,0,Normal
2025-06-28 00:00:00,AWS_073,20.62369204898964,80.15664138347786,0.0,5.436537877123326,1009.378638336329,0,Normal
2025-06-28 01:00:00,AWS_073,21.694271648945158,79.08323146701602,0.0,2.7350271977417604,1009.1325142345149,0,Normal
2025-06-28 02:00:00,AWS_073,21.419863500779034,77.70743886952681,0.0,4.259928271376174,1009.0830665235299,0,Normal
2025-06-28 03:00:00,AWS_073,21.901426276258963,75.25716265758594,0.0,3.6181203163023676,1009.2015419369652,0,Normal
2025-06-28 04:00:00,AWS_073,23.832339050208823,72.54481448197818,0.0,5.819900545897199,1008.7597877013999,0,Normal
2025-06-28 05:00:00,AWS_073,24.672438802758638,69.96254761045425,0.19921179016065102,4.2453387095298964,1009.4104397165578,0,Normal
2025-06-28 06:00:00,AWS_073,26.138504519071866,65.29866205220476,0.0,4.6919337589183945,1009.2184842239054,0,Normal
2025-06-28 07:00:00,AWS_073,27.33973766343038,60.54901069025307,0.0,4.515580486838807,1009.6565564889903,0,Normal
2025-06-28 08:00:00,AWS_073,30.20339118333981,58.30349655960956,0.0,2.5774503254635714,1009.9848481566638,0,Normal
2025-06-28 09:00:00,AWS_073,29.07386064963124,56.04564536950731,0.0,6.904028022916344,1009.2538650710084,0,Normal
2025-06-28 10:00:00,AWS_073,32.02603530959898,50.89756716178816,0.0,5.787712156048343,1008.7818025333796,0,Normal
2025-06-28 11:00:00,AWS_073,31.864897834834593,50.39230714431862,0.0,3.671426617237393,1008.6229686995176,0,Normal
2025-06-28 12:00:00,AWS_073,32.09780769514063,52.32381312609317,0.0,5.078581498973342,1010.0418021636825,0,Normal
2025-06-28 13:00:00,AWS_073,33.15137830266915,48.305591251129265,0.0,6.250253739430022,1009.9786221855998,0,Normal
2025-06-28 14:00:00,AWS_073,31.104529960763347,55.61902333574531,0.0,4.870978287865046,1009.6378823750688,0,Normal
2025-06-28 15:00:00,AWS_073,30.167877156892686,51.71508833272264,0.09216783892907085,7.120789603071396,1009.2248858439084,0,Normal
2025-06-28 16:00:00,AWS_073,29.25146301619429,56.80927077759052,0.0,9.160727793936378,1009.6033054390934,0,Normal
2025-06-28 17:00:00,AWS_073,28.12734368938684,59.21733432971017,0.0,4.5930637897108895,1009.8487205582611,0,Normal
2025-06-28 18:00:00,AWS_073,26.05742877787086,69.37585399373876,0.0,3.906748296940072,1008.8882760302532,0,Normal
2025-06-28 19:00:00,AWS_073,23.82173371233709,67.8755856188435,0.0,3.2947272076751726,1009.2129202629175,0,Normal
2025-06-28 20:00:00,AWS_073,22.79596536267801,71.49831768694294,0.0,1.4567789824252197,1008.6456743778195,0,Normal
2025-06-28 21:00:00,AWS_073,22.837964665647263,74.86510423791837,0.0,6.647659983636183,1009.1350323090636,0,Normal
2025-06-28 22:00:00,AWS_073,21.1569392969321,78.18158667255447,0.0,4.243504839665848,1009.9724723114366,0,Normal
2025-06-28 23:00:00,AWS_073,20.779743507345177,78.832003836527,0.0,6.085083984043375,1009.7403832890208,0,Normal
2025-06-29 00:00:00,AWS_073,20.144213662525143,79.7342263907552,0.27599906444277533,6.385035087899567,1009.2693880920535,0,Normal
2025-06-29 01:00:00,AWS_073,20.106232948475693,72.43046748828854,0.0,3.1472096169196817,1007.8560448690761,0,Normal
2025-06-29 02:00:00,AWS_073,22.1042957551729,78.10470072877024,0.0,3.3707534623405166,1008.8755432848646,0,Normal
2025-06-29 03:00:00,AWS_073,21.934770539441462,75.6422149607715,0.0,7.382316544537793,1009.2554221989111,0,Normal
2025-06-29 04:00:00,AWS_073,23.02072409655098,74.57713759482479,0.0,4.658501605706029,1009.0970435588488,0,Normal
2025-06-29 05:00:00,AWS_073,25.38793670942188,71.50040757309661,0.0,3.7714828097509394,1009.2221690494607,0,Normal
2025-06-29 06:00:00,AWS_073,25.846168735182587,64.62458387721641,0.0,3.192470623970485,1009.3278616470776,0,Normal
2025-06-29 07:00:00,AWS_073,27.472082061297726,62.7501724868101,0.0,4.546365013354325,1008.9405116716584,0,Normal
2025-06-29 08:00:00,AWS_073,29.278571311808037,55.296862439110384,0.0007929193667775855,7.018710100649223,1009.2043733777537,0,Normal
2025-06-29 09:00:00,AWS_073,30.51164501527013,55.928082967593994,0.0,5.783346895513345,1009.1342053968305,0,Normal
2025-06-29 10:00:00,AWS_073,31.617180323137987,50.86466734496427,0.0,5.026156565346277,1008.8581154302381,0,Normal
2025-06-29 11:00:00,AWS_073,33.312236192586425,48.14171766940387,0.0,7.134619254465349,1010.1336767042121,0,Normal
2025-06-29 12:00:00,AWS_073,32.459847283927694,49.628822643591896,0.0,6.843827050782318,1008.9730711394568,0,Normal
2025-06-29 13:00:00,AWS_073,30.623239338320513,53.31205750005953,0.0,5.2496757555681866,1008.0849897899608,0,Normal
2025-06-29 14:00:00,AWS_073,31.642866838183803,52.371630016695114,0.14536149613707278,8.911001734716606,1010.1045227395194,0,Normal
2025-06-29 15:00:00,AWS_073,30.512721895316922,57.38637457755855,0.0,4.374018997579559,1008.7905486642389,0,Normal
2025-06-29 16:00:00,AWS_073,29.26984126094709,56.00253457236838,0.0,6.390529633753826,1009.6644391115273,0,Normal
2025-06-29 17:00:00,AWS_073,27.94067181201085,63.21341653255818,0.0,4.152326812842379,1008.8748414359501,0,Normal
2025-06-29 18:00:00,AWS_073,26.21939996900728,63.69567992552611,0.0,6.094430883627218,1009.5007248643727,0,Normal
2025-06-29 19:00:00,AWS_073,24.648543079293155,69.33294301951621,0.0,4.36591563930122,1009.1928146949134,0,Normal
2025-06-29 20:00:00,AWS_073,23.597268675851534,72.93336565731883,0.0,5.428888752086935,1009.7178578037019,0,Normal
2025-06-29 21:00:00,AWS_073,21.65797041076184,76.92958518564656,0.0,8.320381685365039,1009.1116457074124,0,Normal
2025-06-29 22:00:00,AWS_073,20.457512662120767,78.49186229658923,0.0,6.161298744562935,1008.8916447452698,0,Normal
2025-06-29 23:00:00,AWS_073,22.237407995710466,78.01051831869238,0.0,5.44712761394796,1009.3486229280509,0,Normal
